Adiac,0.700767263,0.652173913,0.675191816,0.664961637,0.677749361,0.690537084,0.68797954,0.649616368,0.654731458,0.677749361,0.6342711,0.639386189,0.675191816,0.68286445,0.68286445,0.68286445,0.654731458,0.690537084,0.672634271,0.68797954,0.647058824,0.654731458,0.698209719,0.664961637,0.659846547,0.68797954,0.6342711,0.644501279,0.675191816,0.662404092,0.695652174,0.675191816,0.68286445,0.654731458,0.664961637,0.680306905,0.657289003,0.664961637,0.657289003,0.693094629,0.693094629,0.652173913,0.690537084,0.662404092,0.68286445,0.662404092,0.654731458,0.670076726,0.662404092,0.670076726,0.667519182,0.680306905,0.670076726,0.641943734,0.659846547,0.641943734,0.677749361,0.698209719,0.641943734,0.700767263,0.657289003,0.641943734,0.693094629,0.652173913,0.636828645,0.675191816,0.657289003,0.68286445,0.667519182,0.657289003,0.667519182,0.670076726,0.649616368,0.68286445,0.647058824,0.677749361,0.705882353,0.649616368,0.695652174,0.690537084,0.667519182,0.647058824,0.649616368,0.670076726,0.659846547,0.659846547,0.672634271,0.659846547,0.652173913,0.690537084,0.654731458,0.677749361,0.670076726,0.677749361,0.659846547,0.672634271,0.631713555,0.685421995,0.675191816,0.654731458
ArrowHead,0.788571429,0.885714286,0.794285714,0.84,0.84,0.908571429,0.857142857,0.891428571,0.885714286,0.897142857,0.885714286,0.857142857,0.754285714,0.794285714,0.897142857,0.868571429,0.697142857,0.897142857,0.897142857,0.811428571,0.914285714,0.822857143,0.84,0.908571429,0.845714286,0.748571429,0.885714286,0.811428571,0.885714286,0.914285714,0.834285714,0.874285714,0.897142857,0.754285714,0.885714286,0.72,0.834285714,0.88,0.845714286,0.708571429,0.862857143,0.834285714,0.754285714,0.88,0.874285714,0.8,0.805714286,0.845714286,0.765714286,0.834285714,0.754285714,0.874285714,0.8,0.845714286,0.834285714,0.805714286,0.737142857,0.92,0.851428571,0.834285714,0.834285714,0.834285714,0.84,0.8,0.748571429,0.765714286,0.822857143,0.868571429,0.788571429,0.805714286,0.862857143,0.857142857,0.851428571,0.857142857,0.891428571,0.765714286,0.834285714,0.8,0.908571429,0.84,0.902857143,0.897142857,0.868571429,0.891428571,0.868571429,0.874285714,0.891428571,0.891428571,0.845714286,0.868571429,0.708571429,0.845714286,0.857142857,0.88,0.845714286,0.76,0.742857143,0.811428571,0.851428571,0.851428571
Beef,0.666666667,0.633333333,0.533333333,0.566666667,0.566666667,0.466666667,0.566666667,0.566666667,0.6,0.633333333,0.733333333,0.633333333,0.6,0.5,0.666666667,0.566666667,0.666666667,0.633333333,0.5,0.6,0.466666667,0.5,0.566666667,0.533333333,0.6,0.4,0.633333333,0.566666667,0.566666667,0.5,0.6,0.433333333,0.566666667,0.4,0.566666667,0.6,0.6,0.5,0.633333333,0.5,0.633333333,0.6,0.566666667,0.466666667,0.6,0.566666667,0.5,0.666666667,0.533333333,0.566666667,0.566666667,0.5,0.4,0.6,0.5,0.533333333,0.466666667,0.6,0.5,0.533333333,0.533333333,0.6,0.6,0.533333333,0.633333333,0.633333333,0.566666667,0.533333333,0.566666667,0.566666667,0.566666667,0.466666667,0.633333333,0.6,0.433333333,0.633333333,0.5,0.6,0.566666667,0.533333333,0.7,0.533333333,0.6,0.566666667,0.4,0.5,0.433333333,0.466666667,0.533333333,0.7,0.533333333,0.466666667,0.566666667,0.433333333,0.433333333,0.633333333,0.466666667,0.566666667,0.666666667,0.633333333
BeetleFly,0.65,0.85,0.8,0.8,0.85,0.75,0.75,0.65,0.7,0.85,0.9,0.7,0.7,0.7,0.95,0.9,0.9,0.85,0.9,0.75,0.85,0.75,0.9,0.8,0.85,0.9,0.9,0.8,0.8,0.85,0.8,0.8,0.7,0.7,0.9,0.85,0.75,0.95,0.85,0.9,0.7,0.85,0.85,0.7,0.9,0.85,0.65,0.85,0.75,0.8,0.9,0.7,0.85,0.8,0.8,0.75,0.75,0.9,0.9,0.85,0.85,0.95,0.75,0.8,0.85,0.9,0.85,0.8,0.9,0.9,0.85,0.75,0.7,0.9,0.75,0.85,0.75,0.65,0.75,0.75,0.8,0.75,0.95,0.85,0.95,0.85,0.8,0.8,0.65,0.75,0.65,0.9,0.9,0.75,0.7,0.85,0.85,0.85,0.8,0.85
BirdChicken,0.85,0.85,0.9,0.8,0.9,0.9,0.8,0.9,0.75,0.8,1,0.8,0.95,0.65,0.8,0.9,0.8,0.8,0.95,0.85,0.85,0.95,0.7,0.8,0.8,1,0.8,0.7,0.8,0.8,0.85,0.9,0.85,0.8,0.85,0.9,0.95,0.85,0.85,0.9,0.9,0.85,0.75,0.8,0.7,0.9,0.75,1,0.9,0.75,0.8,0.95,0.8,0.85,0.8,0.95,0.85,0.65,0.9,0.85,0.9,0.7,0.85,0.8,0.85,0.75,0.85,0.9,0.85,0.75,0.9,0.8,0.65,0.75,0.8,0.7,0.85,0.85,0.9,1,0.75,0.85,0.85,0.9,0.75,0.85,0.85,0.85,0.9,0.85,0.95,0.7,0.8,0.9,0.95,0.7,1,0.85,0.95,0.9
Car,0.8,0.65,0.833333333,0.733333333,0.683333333,0.766666667,0.666666667,0.733333333,0.683333333,0.716666667,0.75,0.7,0.75,0.766666667,0.733333333,0.65,0.75,0.733333333,0.683333333,0.75,0.733333333,0.65,0.7,0.65,0.65,0.766666667,0.683333333,0.75,0.733333333,0.7,0.8,0.733333333,0.75,0.7,0.8,0.683333333,0.8,0.666666667,0.8,0.733333333,0.7,0.6,0.766666667,0.75,0.616666667,0.65,0.766666667,0.75,0.783333333,0.733333333,0.75,0.816666667,0.833333333,0.733333333,0.683333333,0.65,0.633333333,0.766666667,0.75,0.816666667,0.766666667,0.816666667,0.7,0.833333333,0.816666667,0.583333333,0.85,0.7,0.766666667,0.8,0.7,0.683333333,0.766666667,0.716666667,0.783333333,0.683333333,0.7,0.7,0.7,0.7,0.683333333,0.766666667,0.666666667,0.65,0.766666667,0.733333333,0.783333333,0.7,0.8,0.766666667,0.716666667,0.716666667,0.733333333,0.683333333,0.816666667,0.783333333,0.75,0.816666667,0.75,0.733333333
CBF,0.996666667,0.991111111,0.993333333,0.997777778,0.954444444,0.991111111,1,0.995555556,0.995555556,0.998888889,0.997777778,0.997777778,0.997777778,0.998888889,0.998888889,0.997777778,0.992222222,0.994444444,0.976666667,0.992222222,0.966666667,0.998888889,0.988888889,0.997777778,0.995555556,1,0.996666667,0.995555556,0.994444444,0.993333333,0.994444444,0.983333333,0.993333333,0.998888889,0.998888889,0.993333333,0.994444444,1,0.998888889,0.991111111,0.995555556,0.992222222,0.994444444,0.978888889,0.994444444,0.982222222,0.996666667,0.997777778,0.976666667,0.997777778,0.996666667,1,0.988888889,0.982222222,1,0.994444444,0.99,0.994444444,0.998888889,1,0.99,1,0.997777778,0.982222222,0.99,0.994444444,0.994444444,0.992222222,1,0.997777778,0.986666667,0.963333333,0.998888889,0.994444444,0.994444444,0.994444444,1,0.997777778,1,1,0.997777778,1,0.991111111,0.997777778,0.976666667,0.998888889,1,0.983333333,0.988888889,0.982222222,0.997777778,0.992222222,0.995555556,0.985555556,0.998888889,0.997777778,0.983333333,0.992222222,0.994444444,0.99
ChlorineConcentration,0.708072917,0.721614583,0.703125,0.694791667,0.71328125,0.701041667,0.702604167,0.716927083,0.70546875,0.690104167,0.696875,0.68984375,0.690885417,0.696354167,0.688020833,0.70703125,0.7109375,0.706510417,0.691666667,0.68359375,0.709375,0.670833333,0.702864583,0.705208333,0.719270833,0.697916667,0.688541667,0.680989583,0.705729167,0.681770833,0.710416667,0.717708333,0.703125,0.702604167,0.708072917,0.702083333,0.705208333,0.6859375,0.710677083,0.7015625,0.71328125,0.709375,0.698697917,0.687239583,0.6890625,0.696614583,0.709895833,0.691145833,0.7,0.69609375,0.700520833,0.69296875,0.714322917,0.7109375,0.707552083,0.69453125,0.703125,0.695833333,0.715625,0.691666667,0.703125,0.702083333,0.703645833,0.690104167,0.710677083,0.699739583,0.698958333,0.696875,0.70546875,0.695572917,0.694270833,0.715885417,0.702083333,0.70390625,0.7015625,0.719010417,0.71953125,0.676302083,0.68828125,0.712760417,0.695833333,0.706770833,0.709895833,0.709895833,0.691927083,0.6984375,0.693229167,0.694010417,0.697395833,0.71328125,0.707552083,0.6921875,0.692708333,0.701302083,0.67421875,0.668489583,0.7171875,0.684895833,0.67421875,0.709895833
CinCECGTorso,0.724637681,0.657971014,0.681884058,0.776811594,0.76884058,0.757246377,0.619565217,0.741304348,0.733333333,0.791304348,0.650724638,0.673913043,0.700724638,0.792028986,0.684057971,0.772463768,0.737681159,0.837681159,0.746376812,0.808695652,0.692753623,0.715942029,0.715217391,0.754347826,0.712318841,0.702173913,0.77173913,0.727536232,0.657246377,0.712318841,0.686956522,0.758695652,0.766666667,0.758695652,0.669565217,0.723913043,0.665942029,0.730434783,0.710869565,0.748550725,0.75942029,0.651449275,0.755797101,0.796376812,0.800724638,0.755797101,0.756521739,0.642028986,0.770289855,0.822463768,0.771014493,0.671014493,0.677536232,0.747101449,0.725362319,0.819565217,0.789130435,0.716666667,0.748550725,0.705072464,0.77173913,0.696376812,0.689855072,0.632608696,0.792028986,0.679710145,0.607246377,0.714492754,0.734782609,0.831884058,0.772463768,0.723188406,0.750724638,0.733333333,0.794202899,0.671014493,0.64057971,0.731884058,0.725362319,0.760144928,0.739130435,0.758695652,0.697826087,0.737681159,0.763768116,0.758695652,0.728985507,0.720289855,0.747826087,0.720289855,0.734057971,0.71884058,0.829710145,0.74057971,0.677536232,0.857246377,0.743478261,0.72173913,0.601449275,0.715217391
Coffee,1,0.964285714,0.964285714,1,1,1,1,1,0.892857143,1,1,1,1,0.964285714,1,1,1,0.964285714,1,0.964285714,1,1,1,1,0.928571429,0.964285714,0.964285714,1,0.964285714,1,1,1,1,1,1,0.928571429,1,1,1,1,1,1,1,0.928571429,1,1,1,1,0.964285714,1,0.928571429,1,0.964285714,1,0.928571429,1,1,1,1,1,0.928571429,1,1,0.964285714,1,1,0.928571429,0.964285714,1,1,1,1,1,1,1,1,1,1,1,1,0.928571429,0.964285714,1,1,1,1,1,0.964285714,0.964285714,0.964285714,1,1,1,1,1,0.964285714,0.964285714,1,0.928571429,1
Computers,0.716,0.696,0.768,0.716,0.72,0.74,0.72,0.744,0.672,0.712,0.748,0.736,0.732,0.74,0.72,0.736,0.716,0.748,0.784,0.712,0.728,0.7,0.72,0.74,0.724,0.696,0.708,0.716,0.776,0.716,0.684,0.74,0.736,0.704,0.712,0.772,0.704,0.708,0.68,0.728,0.72,0.716,0.7,0.704,0.732,0.784,0.744,0.776,0.752,0.736,0.74,0.688,0.72,0.768,0.736,0.728,0.716,0.792,0.752,0.772,0.728,0.736,0.76,0.776,0.74,0.696,0.72,0.768,0.732,0.72,0.74,0.724,0.724,0.728,0.66,0.732,0.68,0.708,0.692,0.708,0.704,0.728,0.752,0.72,0.72,0.704,0.716,0.716,0.652,0.692,0.752,0.672,0.716,0.7,0.724,0.74,0.72,0.676,0.688,0.752
CricketX,0.753846154,0.776923077,0.738461538,0.78974359,0.766666667,0.764102564,0.748717949,0.78974359,0.766666667,0.769230769,0.771794872,0.805128205,0.771794872,0.753846154,0.774358974,0.764102564,0.787179487,0.730769231,0.728205128,0.753846154,0.758974359,0.743589744,0.761538462,0.728205128,0.761538462,0.753846154,0.761538462,0.787179487,0.779487179,0.761538462,0.784615385,0.776923077,0.717948718,0.761538462,0.771794872,0.753846154,0.774358974,0.748717949,0.728205128,0.769230769,0.758974359,0.766666667,0.738461538,0.782051282,0.723076923,0.761538462,0.769230769,0.743589744,0.741025641,0.766666667,0.779487179,0.753846154,0.769230769,0.769230769,0.776923077,0.751282051,0.776923077,0.753846154,0.761538462,0.771794872,0.764102564,0.728205128,0.723076923,0.758974359,0.78974359,0.733333333,0.807692308,0.728205128,0.746153846,0.753846154,0.723076923,0.766666667,0.771794872,0.774358974,0.764102564,0.753846154,0.756410256,0.764102564,0.764102564,0.774358974,0.733333333,0.728205128,0.776923077,0.771794872,0.761538462,0.761538462,0.756410256,0.787179487,0.751282051,0.782051282,0.766666667,0.787179487,0.761538462,0.766666667,0.756410256,0.782051282,0.782051282,0.756410256,0.741025641,0.764102564
CricketY,0.776923077,0.766666667,0.758974359,0.764102564,0.743589744,0.71025641,0.720512821,0.733333333,0.687179487,0.728205128,0.735897436,0.746153846,0.743589744,0.715384615,0.794871795,0.715384615,0.743589744,0.758974359,0.743589744,0.725641026,0.751282051,0.753846154,0.723076923,0.748717949,0.735897436,0.751282051,0.702564103,0.720512821,0.766666667,0.748717949,0.746153846,0.769230769,0.738461538,0.725641026,0.78974359,0.751282051,0.733333333,0.725641026,0.743589744,0.748717949,0.7,0.738461538,0.761538462,0.723076923,0.705128205,0.748717949,0.787179487,0.766666667,0.71025641,0.761538462,0.720512821,0.735897436,0.771794872,0.764102564,0.766666667,0.756410256,0.728205128,0.751282051,0.723076923,0.733333333,0.751282051,0.720512821,0.725641026,0.730769231,0.769230769,0.728205128,0.738461538,0.730769231,0.71025641,0.748717949,0.730769231,0.756410256,0.728205128,0.697435897,0.782051282,0.761538462,0.774358974,0.743589744,0.746153846,0.730769231,0.756410256,0.738461538,0.748717949,0.738461538,0.748717949,0.707692308,0.758974359,0.751282051,0.751282051,0.728205128,0.753846154,0.730769231,0.725641026,0.738461538,0.753846154,0.761538462,0.715384615,0.761538462,0.728205128,0.743589744
CricketZ,0.774358974,0.766666667,0.766666667,0.787179487,0.766666667,0.805128205,0.761538462,0.774358974,0.797435897,0.766666667,0.751282051,0.802564103,0.764102564,0.774358974,0.748717949,0.733333333,0.771794872,0.779487179,0.784615385,0.794871795,0.776923077,0.741025641,0.784615385,0.756410256,0.766666667,0.782051282,0.774358974,0.769230769,0.761538462,0.8,0.753846154,0.774358974,0.782051282,0.779487179,0.771794872,0.758974359,0.774358974,0.769230769,0.771794872,0.8,0.78974359,0.769230769,0.787179487,0.779487179,0.743589744,0.779487179,0.779487179,0.78974359,0.78974359,0.807692308,0.797435897,0.8,0.774358974,0.792307692,0.746153846,0.764102564,0.787179487,0.723076923,0.78974359,0.764102564,0.769230769,0.792307692,0.774358974,0.805128205,0.766666667,0.766666667,0.797435897,0.792307692,0.753846154,0.779487179,0.738461538,0.769230769,0.756410256,0.748717949,0.776923077,0.766666667,0.766666667,0.766666667,0.738461538,0.779487179,0.787179487,0.756410256,0.776923077,0.758974359,0.779487179,0.764102564,0.764102564,0.774358974,0.815384615,0.8,0.787179487,0.761538462,0.776923077,0.748717949,0.758974359,0.756410256,0.748717949,0.766666667,0.769230769,0.774358974
DiatomSizeReduction,0.967320261,0.977124183,0.901960784,0.931372549,0.980392157,0.980392157,0.977124183,0.977124183,0.983660131,0.973856209,0.89869281,0.967320261,0.973856209,0.964052288,0.967320261,0.895424837,0.973856209,0.980392157,0.980392157,0.89869281,0.986928105,0.986928105,0.977124183,0.977124183,0.89869281,0.983660131,0.960784314,0.977124183,0.980392157,0.980392157,0.980392157,0.980392157,0.960784314,0.973856209,0.980392157,0.973856209,0.89869281,0.980392157,0.980392157,0.983660131,0.937908497,0.859477124,0.879084967,0.977124183,0.944444444,0.980392157,0.89869281,0.980392157,0.983660131,0.980392157,0.980392157,0.973856209,0.983660131,0.980392157,0.977124183,0.980392157,0.983660131,0.89869281,0.986928105,0.960784314,0.89869281,0.977124183,0.901960784,0.901960784,0.980392157,0.986928105,0.983660131,0.980392157,0.967320261,0.986928105,0.970588235,0.967320261,0.967320261,0.986928105,0.964052288,0.977124183,0.980392157,0.895424837,0.983660131,0.95751634,0.960784314,0.892156863,0.937908497,0.895424837,0.967320261,0.977124183,0.983660131,0.980392157,0.977124183,0.967320261,0.973856209,0.977124183,0.895424837,0.901960784,0.892156863,0.967320261,0.977124183,0.888888889,0.977124183,0.89869281
DistalPhalanxOutlineCorrect,0.731884058,0.739130435,0.789855072,0.724637681,0.731884058,0.760869565,0.731884058,0.735507246,0.778985507,0.775362319,0.710144928,0.800724638,0.782608696,0.793478261,0.778985507,0.775362319,0.753623188,0.713768116,0.731884058,0.757246377,0.739130435,0.807971014,0.72826087,0.757246377,0.768115942,0.75,0.753623188,0.77173913,0.768115942,0.797101449,0.764492754,0.800724638,0.760869565,0.775362319,0.717391304,0.764492754,0.742753623,0.768115942,0.75,0.768115942,0.764492754,0.746376812,0.782608696,0.757246377,0.760869565,0.760869565,0.735507246,0.775362319,0.768115942,0.724637681,0.778985507,0.717391304,0.782608696,0.746376812,0.760869565,0.775362319,0.72826087,0.746376812,0.782608696,0.775362319,0.739130435,0.75,0.760869565,0.760869565,0.731884058,0.757246377,0.768115942,0.77173913,0.753623188,0.757246377,0.724637681,0.778985507,0.782608696,0.757246377,0.786231884,0.742753623,0.717391304,0.760869565,0.768115942,0.731884058,0.77173913,0.778985507,0.742753623,0.746376812,0.760869565,0.735507246,0.721014493,0.768115942,0.793478261,0.724637681,0.760869565,0.789855072,0.739130435,0.753623188,0.753623188,0.764492754,0.760869565,0.735507246,0.757246377,0.760869565
DistalPhalanxOutlineAgeGroup,0.705035971,0.712230216,0.73381295,0.762589928,0.741007194,0.712230216,0.712230216,0.748201439,0.697841727,0.748201439,0.726618705,0.741007194,0.741007194,0.748201439,0.748201439,0.71942446,0.748201439,0.748201439,0.73381295,0.741007194,0.741007194,0.769784173,0.705035971,0.755395683,0.73381295,0.705035971,0.784172662,0.748201439,0.73381295,0.712230216,0.73381295,0.755395683,0.71942446,0.726618705,0.73381295,0.73381295,0.712230216,0.71942446,0.748201439,0.71942446,0.697841727,0.748201439,0.726618705,0.73381295,0.71942446,0.748201439,0.741007194,0.690647482,0.762589928,0.705035971,0.697841727,0.683453237,0.726618705,0.769784173,0.769784173,0.726618705,0.741007194,0.71942446,0.712230216,0.748201439,0.769784173,0.726618705,0.712230216,0.712230216,0.748201439,0.741007194,0.762589928,0.762589928,0.762589928,0.71942446,0.697841727,0.697841727,0.741007194,0.661870504,0.762589928,0.71942446,0.705035971,0.755395683,0.73381295,0.71942446,0.741007194,0.697841727,0.762589928,0.805755396,0.73381295,0.748201439,0.73381295,0.712230216,0.784172662,0.784172662,0.712230216,0.712230216,0.741007194,0.654676259,0.73381295,0.755395683,0.769784173,0.748201439,0.755395683,0.705035971
DistalPhalanxTW,0.611510791,0.553956835,0.633093525,0.64028777,0.625899281,0.582733813,0.64028777,0.618705036,0.633093525,0.618705036,0.575539568,0.611510791,0.568345324,0.604316547,0.604316547,0.618705036,0.625899281,0.575539568,0.568345324,0.647482014,0.604316547,0.654676259,0.654676259,0.618705036,0.618705036,0.661870504,0.633093525,0.611510791,0.597122302,0.604316547,0.568345324,0.618705036,0.582733813,0.597122302,0.633093525,0.597122302,0.604316547,0.64028777,0.611510791,0.597122302,0.611510791,0.611510791,0.597122302,0.625899281,0.582733813,0.582733813,0.633093525,0.618705036,0.589928058,0.561151079,0.611510791,0.561151079,0.54676259,0.611510791,0.568345324,0.597122302,0.604316547,0.633093525,0.690647482,0.582733813,0.618705036,0.54676259,0.647482014,0.633093525,0.597122302,0.633093525,0.618705036,0.575539568,0.589928058,0.54676259,0.618705036,0.597122302,0.597122302,0.611510791,0.611510791,0.64028777,0.647482014,0.633093525,0.604316547,0.597122302,0.539568345,0.647482014,0.525179856,0.561151079,0.589928058,0.625899281,0.618705036,0.553956835,0.647482014,0.589928058,0.597122302,0.618705036,0.597122302,0.553956835,0.654676259,0.582733813,0.532374101,0.604316547,0.575539568,0.575539568
Earthquakes,0.705035971,0.73381295,0.705035971,0.705035971,0.669064748,0.726618705,0.690647482,0.676258993,0.726618705,0.654676259,0.741007194,0.755395683,0.755395683,0.690647482,0.726618705,0.669064748,0.690647482,0.726618705,0.73381295,0.712230216,0.73381295,0.726618705,0.712230216,0.683453237,0.741007194,0.741007194,0.661870504,0.697841727,0.712230216,0.683453237,0.71942446,0.741007194,0.697841727,0.71942446,0.705035971,0.690647482,0.661870504,0.705035971,0.73381295,0.71942446,0.73381295,0.73381295,0.697841727,0.683453237,0.712230216,0.726618705,0.690647482,0.71942446,0.726618705,0.633093525,0.683453237,0.669064748,0.712230216,0.690647482,0.726618705,0.661870504,0.705035971,0.726618705,0.741007194,0.726618705,0.73381295,0.726618705,0.676258993,0.755395683,0.697841727,0.726618705,0.712230216,0.762589928,0.712230216,0.712230216,0.690647482,0.71942446,0.683453237,0.712230216,0.726618705,0.726618705,0.683453237,0.741007194,0.712230216,0.690647482,0.71942446,0.683453237,0.676258993,0.705035971,0.683453237,0.661870504,0.654676259,0.676258993,0.71942446,0.705035971,0.669064748,0.741007194,0.712230216,0.769784173,0.726618705,0.712230216,0.705035971,0.669064748,0.726618705,0.690647482
ECG200,0.83,0.78,0.75,0.85,0.87,0.81,0.82,0.84,0.79,0.85,0.78,0.75,0.87,0.79,0.8,0.84,0.84,0.79,0.79,0.8,0.82,0.81,0.75,0.8,0.79,0.81,0.86,0.83,0.82,0.85,0.85,0.83,0.83,0.76,0.83,0.76,0.83,0.79,0.81,0.84,0.87,0.88,0.79,0.83,0.83,0.79,0.8,0.86,0.8,0.84,0.79,0.79,0.83,0.85,0.82,0.83,0.85,0.8,0.87,0.81,0.71,0.84,0.8,0.83,0.83,0.84,0.83,0.82,0.8,0.85,0.86,0.81,0.83,0.82,0.8,0.81,0.83,0.85,0.82,0.76,0.86,0.72,0.87,0.83,0.8,0.8,0.85,0.88,0.84,0.79,0.83,0.88,0.85,0.83,0.77,0.81,0.78,0.73,0.79,0.79
ECG5000,0.923555556,0.92,0.931555556,0.925777778,0.923777778,0.928,0.934,0.923555556,0.927111111,0.923555556,0.922888889,0.923555556,0.926,0.918444444,0.921777778,0.925555556,0.920888889,0.924222222,0.914888889,0.934888889,0.937777778,0.932444444,0.930222222,0.928666667,0.925777778,0.93,0.924222222,0.930444444,0.924888889,0.926222222,0.929777778,0.922,0.925777778,0.931777778,0.925777778,0.925333333,0.925111111,0.924444444,0.928222222,0.918888889,0.93,0.926,0.929111111,0.926,0.926444444,0.917555556,0.918666667,0.916888889,0.931777778,0.924888889,0.920444444,0.919111111,0.927555556,0.926888889,0.924888889,0.927333333,0.931111111,0.925555556,0.923555556,0.928444444,0.934888889,0.927555556,0.92,0.941111111,0.923111111,0.940888889,0.924,0.928,0.929555556,0.927333333,0.919111111,0.920444444,0.929111111,0.931555556,0.932444444,0.921777778,0.926666667,0.927555556,0.929111111,0.924,0.926444444,0.92,0.912444444,0.929555556,0.935111111,0.916888889,0.929777778,0.929333333,0.927111111,0.930666667,0.916222222,0.930444444,0.921111111,0.933555556,0.928,0.933111111,0.921555556,0.926222222,0.920444444,0.924444444
ECGFiveDays,0.768873403,0.80952381,0.793263647,0.783972125,0.731707317,0.648083624,0.854819977,0.797909408,0.728222997,0.839721254,0.701509872,0.816492451,0.735191638,0.81068525,0.797909408,0.665505226,0.789779326,0.595818815,0.696864111,0.779326365,0.785133566,0.797909408,0.74912892,0.638792102,0.742160279,0.7514518,0.795586527,0.853658537,0.665505226,0.777003484,0.758420441,0.790940767,0.711962834,0.793263647,0.768873403,0.795586527,0.81416957,0.718931475,0.715447154,0.62253194,0.802555168,0.761904762,0.68873403,0.760743322,0.816492451,0.775842044,0.612078978,0.745644599,0.783972125,0.797909408,0.738675958,0.797909408,0.81300813,0.779326365,0.734030197,0.730545877,0.713124274,0.742160279,0.767711963,0.734030197,0.773519164,0.707317073,0.780487805,0.825783972,0.732868757,0.757259001,0.7514518,0.740998839,0.823461092,0.74912892,0.720092915,0.700348432,0.770034843,0.759581882,0.742160279,0.768873403,0.730545877,0.759581882,0.732868757,0.677119628,0.787456446,0.720092915,0.746806039,0.801393728,0.718931475,0.806039489,0.759581882,0.729384437,0.708478513,0.818815331,0.612078978,0.745644599,0.704994193,0.779326365,0.637630662,0.736353078,0.737514518,0.75261324,0.746806039,0.801393728
ElectricDevices,0.591881727,0.779665413,0.769290624,0.781870056,0.778109195,0.777590455,0.779276358,0.778627934,0.776552976,0.779535728,0.784723123,0.776423291,0.779665413,0.776034237,0.770198418,0.775645182,0.776293607,0.776163922,0.774088964,0.779146674,0.777071716,0.775645182,0.774996758,0.780313837,0.774218649,0.772403061,0.776942031,0.777849825,0.779016989,0.783296589,0.780573207,0.773310855,0.779535728,0.779665413,0.771495267,0.775385812,0.7729218,0.78251848,0.773959279,0.786409026,0.771754636,0.777590455,0.775256128,0.77797951,0.778757619,0.771884321,0.77823888,0.779146674,0.773699909,0.783296589,0.778368564,0.786019971,0.776942031,0.777331085,0.781481001,0.775645182,0.779406043,0.778627934,0.773440539,0.778498249,0.780962262,0.776942031,0.774088964,0.78303722,0.772143691,0.78225911,0.77772014,0.774737388,0.776682661,0.772403061,0.785760602,0.77797951,0.774737388,0.777331085,0.780702892,0.776552976,0.779665413,0.776552976,0.780702892,0.770328103,0.777590455,0.775515497,0.784982493,0.774218649,0.774867073,0.777590455,0.773440539,0.781091947,0.778757619,0.772273376,0.771495267,0.777071716,0.783815329,0.771235897,0.778757619,0.780313837,0.776163922,0.775774867,0.774218649,0.781481001
FaceAll,0.901775148,0.94260355,0.94556213,0.943786982,0.944970414,0.949704142,0.939053254,0.947928994,0.949704142,0.949112426,0.946153846,0.956804734,0.94852071,0.949112426,0.955621302,0.946745562,0.944970414,0.943195266,0.953846154,0.946745562,0.950887574,0.94260355,0.944970414,0.939053254,0.940828402,0.94852071,0.953846154,0.939053254,0.926035503,0.946153846,0.94260355,0.940236686,0.955029586,0.944970414,0.941420118,0.943195266,0.947337278,0.949704142,0.95147929,0.941420118,0.95147929,0.941420118,0.939053254,0.941420118,0.952071006,0.94852071,0.95147929,0.95739645,0.94556213,0.936094675,0.950887574,0.949704142,0.943195266,0.941420118,0.95147929,0.94556213,0.95443787,0.949112426,0.937869822,0.950887574,0.950295858,0.942011834,0.946153846,0.944970414,0.946745562,0.953254438,0.953254438,0.934319527,0.946153846,0.942011834,0.952662722,0.942011834,0.94852071,0.95739645,0.937869822,0.939053254,0.947928994,0.949704142,0.95147929,0.949112426,0.949112426,0.944970414,0.95443787,0.94260355,0.949112426,0.94556213,0.94260355,0.943195266,0.942011834,0.929585799,0.947928994,0.946153846,0.927218935,0.946153846,0.94852071,0.937869822,0.927218935,0.949704142,0.943195266,0.947928994
FaceFour,0.829545455,0.886363636,0.761363636,0.806818182,0.920454545,0.829545455,0.840909091,0.909090909,0.829545455,0.806818182,0.818181818,0.886363636,0.943181818,0.829545455,0.863636364,0.875,0.852272727,0.829545455,0.806818182,0.897727273,0.818181818,0.840909091,0.852272727,0.829545455,0.840909091,0.909090909,0.806818182,0.818181818,0.954545455,0.795454545,0.840909091,0.875,0.863636364,0.840909091,0.784090909,0.806818182,0.818181818,0.852272727,0.795454545,0.897727273,0.875,0.795454545,0.875,0.920454545,0.875,0.738636364,0.840909091,0.772727273,0.784090909,0.897727273,0.852272727,0.886363636,0.852272727,0.909090909,0.852272727,0.852272727,0.863636364,0.806818182,0.829545455,0.795454545,0.897727273,0.886363636,0.795454545,0.806818182,0.772727273,0.818181818,0.806818182,0.897727273,0.886363636,0.909090909,0.886363636,0.784090909,0.863636364,0.829545455,0.761363636,0.852272727,0.840909091,0.784090909,0.897727273,0.840909091,0.840909091,0.863636364,0.897727273,0.931818182,0.852272727,0.920454545,0.852272727,0.829545455,0.840909091,0.772727273,0.818181818,0.852272727,0.75,0.840909091,0.886363636,0.818181818,0.886363636,0.818181818,0.886363636,0.863636364
FacesUCR,0.904390244,0.905365854,0.90097561,0.892195122,0.894634146,0.885853659,0.901463415,0.901463415,0.913170732,0.890731707,0.913658537,0.899512195,0.862926829,0.893658537,0.895609756,0.900487805,0.893658537,0.902926829,0.909756098,0.903414634,0.909268293,0.904390244,0.906341463,0.905365854,0.908292683,0.899512195,0.896097561,0.913658537,0.912195122,0.889756098,0.906341463,0.905365854,0.891707317,0.901463415,0.87804878,0.904878049,0.904878049,0.908780488,0.89902439,0.902439024,0.884878049,0.895609756,0.900487805,0.911707317,0.865365854,0.901463415,0.899512195,0.898536585,0.900487805,0.889268293,0.89902439,0.890731707,0.906341463,0.90195122,0.889268293,0.895609756,0.900487805,0.900487805,0.90195122,0.909268293,0.883414634,0.897073171,0.903902439,0.903902439,0.843902439,0.90195122,0.897073171,0.882439024,0.893658537,0.912195122,0.890243902,0.896097561,0.914146341,0.888780488,0.894634146,0.905853659,0.911219512,0.895609756,0.890243902,0.882926829,0.904390244,0.903414634,0.904878049,0.893658537,0.875121951,0.896097561,0.907317073,0.900487805,0.900487805,0.89902439,0.9,0.88097561,0.878536585,0.900487805,0.888292683,0.891707317,0.92097561,0.911219512,0.903414634,0.884878049
FiftyWords,0.753846154,0.723076923,0.740659341,0.767032967,0.740659341,0.76043956,0.712087912,0.740659341,0.747252747,0.762637363,0.734065934,0.764835165,0.753846154,0.775824176,0.742857143,0.78021978,0.740659341,0.725274725,0.751648352,0.740659341,0.762637363,0.786813187,0.775824176,0.734065934,0.747252747,0.758241758,0.771428571,0.751648352,0.758241758,0.718681319,0.749450549,0.769230769,0.747252747,0.756043956,0.749450549,0.745054945,0.72967033,0.738461538,0.769230769,0.767032967,0.76043956,0.771428571,0.716483516,0.753846154,0.742857143,0.756043956,0.751648352,0.745054945,0.758241758,0.736263736,0.740659341,0.734065934,0.740659341,0.767032967,0.740659341,0.742857143,0.734065934,0.747252747,0.734065934,0.727472527,0.751648352,0.762637363,0.767032967,0.749450549,0.749450549,0.738461538,0.738461538,0.727472527,0.72967033,0.725274725,0.745054945,0.734065934,0.718681319,0.751648352,0.747252747,0.742857143,0.742857143,0.751648352,0.731868132,0.734065934,0.745054945,0.758241758,0.749450549,0.758241758,0.76043956,0.747252747,0.738461538,0.762637363,0.76043956,0.764835165,0.736263736,0.753846154,0.742857143,0.747252747,0.76043956,0.745054945,0.749450549,0.734065934,0.740659341,0.747252747
Fish,0.942857143,0.92,0.937142857,0.937142857,0.902857143,0.914285714,0.925714286,0.885714286,0.914285714,0.92,0.885714286,0.92,0.914285714,0.937142857,0.931428571,0.937142857,0.914285714,0.914285714,0.937142857,0.925714286,0.908571429,0.908571429,0.925714286,0.92,0.925714286,0.92,0.937142857,0.914285714,0.914285714,0.902857143,0.925714286,0.925714286,0.925714286,0.948571429,0.96,0.92,0.925714286,0.897142857,0.925714286,0.948571429,0.92,0.931428571,0.937142857,0.954285714,0.914285714,0.902857143,0.937142857,0.92,0.925714286,0.937142857,0.92,0.902857143,0.908571429,0.931428571,0.92,0.931428571,0.937142857,0.914285714,0.92,0.908571429,0.914285714,0.948571429,0.931428571,0.942857143,0.891428571,0.897142857,0.902857143,0.942857143,0.885714286,0.908571429,0.914285714,0.891428571,0.948571429,0.92,0.925714286,0.96,0.88,0.937142857,0.954285714,0.908571429,0.925714286,0.908571429,0.908571429,0.948571429,0.931428571,0.902857143,0.937142857,0.908571429,0.92,0.891428571,0.925714286,0.914285714,0.925714286,0.857142857,0.914285714,0.942857143,0.931428571,0.92,0.914285714,0.908571429
FordA,0.722727273,0.713636364,0.718181818,0.706818182,0.70530303,0.679545455,0.703030303,0.712121212,0.696212121,0.704545455,0.700757576,0.697727273,0.723484848,0.709090909,0.696212121,0.702272727,0.706060606,0.695454545,0.721212121,0.670454545,0.712121212,0.684090909,0.709848485,0.709090909,0.716666667,0.699242424,0.693939394,0.704545455,0.683333333,0.714393939,0.711363636,0.696969697,0.687878788,0.709090909,0.703787879,0.712878788,0.706060606,0.702272727,0.721969697,0.70530303,0.709090909,0.701515152,0.707575758,0.689393939,0.700757576,0.718939394,0.703030303,0.692424242,0.676515152,0.713636364,0.704545455,0.706818182,0.709848485,0.712121212,0.706818182,0.715909091,0.696212121,0.699242424,0.722727273,0.706060606,0.690909091,0.729545455,0.703787879,0.700757576,0.712878788,0.690151515,0.710606061,0.712878788,0.699242424,0.704545455,0.7,0.672727273,0.696969697,0.717424242,0.698484848,0.715151515,0.695454545,0.717424242,0.691666667,0.710606061,0.692424242,0.703030303,0.712878788,0.699242424,0.715151515,0.699242424,0.684090909,0.702272727,0.702272727,0.701515152,0.7,0.674242424,0.692424242,0.698484848,0.698484848,0.696969697,0.709848485,0.703787879,0.729545455,0.690909091
FordB,0.666666667,0.727160494,0.719753086,0.72962963,0.734567901,0.686419753,0.719753086,0.72962963,0.708641975,0.708641975,0.717283951,0.734567901,0.734567901,0.717283951,0.703703704,0.738271605,0.709876543,0.734567901,0.720987654,0.718518519,0.744444444,0.738271605,0.711111111,0.716049383,0.740740741,0.734567901,0.737037037,0.716049383,0.702469136,0.745679012,0.713580247,0.77037037,0.722222222,0.732098765,0.722222222,0.728395062,0.713580247,0.744444444,0.712345679,0.701234568,0.716049383,0.712345679,0.711111111,0.754320988,0.704938272,0.707407407,0.681481481,0.716049383,0.724691358,0.701234568,0.720987654,0.708641975,0.713580247,0.703703704,0.725925926,0.751851852,0.732098765,0.725925926,0.713580247,0.709876543,0.719753086,0.755555556,0.717283951,0.725925926,0.730864198,0.744444444,0.698765432,0.704938272,0.70617284,0.725925926,0.725925926,0.734567901,0.72962963,0.728395062,0.714814815,0.714814815,0.709876543,0.692592593,0.741975309,0.7,0.717283951,0.708641975,0.734567901,0.70617284,0.709876543,0.756790123,0.720987654,0.718518519,0.730864198,0.737037037,0.720987654,0.712345679,0.719753086,0.739506173,0.738271605,0.720987654,0.707407407,0.738271605,0.712345679,0.733333333
GunPoint,0.98,0.933333333,0.98,0.966666667,0.953333333,0.94,0.973333333,0.866666667,0.94,0.9,0.96,0.966666667,0.98,0.98,0.98,0.973333333,0.973333333,0.98,0.966666667,0.94,0.96,0.96,0.986666667,0.94,0.933333333,0.993333333,0.98,0.946666667,0.96,0.966666667,0.966666667,0.96,0.96,0.913333333,0.946666667,0.96,0.92,0.86,0.98,0.946666667,0.873333333,0.953333333,0.953333333,0.94,0.953333333,0.96,0.953333333,0.913333333,0.986666667,0.96,0.946666667,0.96,0.953333333,0.973333333,0.946666667,0.993333333,0.913333333,0.98,0.973333333,0.966666667,0.953333333,0.973333333,0.96,0.98,0.953333333,0.933333333,0.993333333,0.946666667,0.94,0.98,0.973333333,0.993333333,0.953333333,0.94,0.96,0.94,0.913333333,0.946666667,0.986666667,0.94,0.96,0.933333333,0.966666667,0.993333333,0.96,0.953333333,0.94,0.946666667,0.913333333,0.96,0.973333333,0.986666667,0.913333333,0.96,0.96,0.953333333,0.98,0.946666667,0.973333333,0.893333333
Ham,0.476190476,0.657142857,0.647619048,0.695238095,0.685714286,0.695238095,0.704761905,0.695238095,0.619047619,0.628571429,0.666666667,0.647619048,0.676190476,0.695238095,0.704761905,0.704761905,0.647619048,0.666666667,0.704761905,0.638095238,0.695238095,0.628571429,0.714285714,0.685714286,0.657142857,0.704761905,0.657142857,0.733333333,0.676190476,0.666666667,0.638095238,0.761904762,0.647619048,0.714285714,0.771428571,0.666666667,0.657142857,0.619047619,0.714285714,0.647619048,0.695238095,0.695238095,0.714285714,0.59047619,0.647619048,0.647619048,0.695238095,0.723809524,0.59047619,0.704761905,0.685714286,0.638095238,0.733333333,0.733333333,0.685714286,0.666666667,0.752380952,0.666666667,0.638095238,0.647619048,0.666666667,0.666666667,0.685714286,0.714285714,0.685714286,0.647619048,0.580952381,0.619047619,0.685714286,0.723809524,0.723809524,0.733333333,0.695238095,0.647619048,0.676190476,0.704761905,0.704761905,0.685714286,0.628571429,0.704761905,0.714285714,0.761904762,0.60952381,0.647619048,0.657142857,0.666666667,0.666666667,0.723809524,0.695238095,0.638095238,0.628571429,0.628571429,0.628571429,0.638095238,0.704761905,0.695238095,0.714285714,0.723809524,0.657142857,0.647619048
HandOutlines,0.867567568,0.872972973,0.859459459,0.875675676,0.886486486,0.851351351,0.881081081,0.897297297,0.867567568,0.881081081,0.854054054,0.854054054,0.856756757,0.883783784,0.867567568,0.872972973,0.883783784,0.854054054,0.878378378,0.889189189,0.881081081,0.891891892,0.87027027,0.886486486,0.864864865,0.843243243,0.883783784,0.851351351,0.881081081,0.867567568,0.843243243,0.878378378,0.859459459,0.856756757,0.867567568,0.881081081,0.840540541,0.891891892,0.851351351,0.878378378,0.867567568,0.872972973,0.87027027,0.886486486,0.87027027,0.883783784,0.902702703,0.87027027,0.883783784,0.859459459,0.862162162,0.891891892,0.859459459,0.878378378,0.889189189,0.854054054,0.875675676,0.848648649,0.891891892,0.856756757,0.872972973,0.881081081,0.854054054,0.856756757,0.856756757,0.845945946,0.848648649,0.87027027,0.859459459,0.851351351,0.845945946,0.897297297,0.864864865,0.872972973,0.881081081,0.867567568,0.864864865,0.859459459,0.862162162,0.848648649,0.864864865,0.881081081,0.845945946,0.843243243,0.856756757,0.851351351,0.867567568,0.881081081,0.859459459,0.867567568,0.908108108,0.854054054,0.851351351,0.835135135,0.878378378,0.872972973,0.864864865,0.856756757,0.856756757,0.87027027
Haptics,0.399350649,0.383116883,0.405844156,0.386363636,0.366883117,0.415584416,0.383116883,0.402597403,0.324675325,0.383116883,0.308441558,0.350649351,0.412337662,0.37987013,0.357142857,0.357142857,0.435064935,0.36038961,0.425324675,0.412337662,0.363636364,0.376623377,0.318181818,0.38961039,0.350649351,0.305194805,0.373376623,0.366883117,0.399350649,0.37987013,0.402597403,0.38961039,0.36038961,0.373376623,0.386363636,0.366883117,0.37012987,0.350649351,0.376623377,0.425324675,0.344155844,0.366883117,0.344155844,0.392857143,0.366883117,0.353896104,0.366883117,0.340909091,0.366883117,0.37012987,0.402597403,0.405844156,0.37012987,0.405844156,0.366883117,0.363636364,0.376623377,0.412337662,0.38961039,0.363636364,0.392857143,0.386363636,0.392857143,0.396103896,0.353896104,0.386363636,0.38961039,0.383116883,0.357142857,0.373376623,0.321428571,0.38961039,0.396103896,0.392857143,0.402597403,0.366883117,0.392857143,0.441558442,0.36038961,0.399350649,0.396103896,0.422077922,0.36038961,0.409090909,0.37012987,0.269480519,0.37987013,0.386363636,0.383116883,0.37987013,0.344155844,0.37987013,0.366883117,0.376623377,0.37012987,0.376623377,0.402597403,0.386363636,0.405844156,0.357142857
Herring,0.546875,0.4375,0.515625,0.421875,0.609375,0.484375,0.515625,0.53125,0.5625,0.4375,0.59375,0.53125,0.5625,0.46875,0.546875,0.578125,0.484375,0.609375,0.5,0.453125,0.5625,0.46875,0.546875,0.5625,0.5625,0.53125,0.46875,0.53125,0.53125,0.609375,0.5,0.484375,0.515625,0.453125,0.53125,0.5625,0.5,0.578125,0.53125,0.46875,0.625,0.546875,0.515625,0.59375,0.5,0.40625,0.484375,0.625,0.484375,0.5625,0.75,0.578125,0.5625,0.515625,0.671875,0.515625,0.53125,0.609375,0.640625,0.5,0.53125,0.40625,0.546875,0.515625,0.5625,0.4375,0.5625,0.484375,0.65625,0.5625,0.53125,0.515625,0.484375,0.53125,0.4375,0.4375,0.59375,0.515625,0.515625,0.625,0.625,0.53125,0.59375,0.390625,0.5,0.515625,0.59375,0.4375,0.40625,0.5,0.546875,0.453125,0.5625,0.515625,0.453125,0.53125,0.484375,0.515625,0.515625,0.515625
InlineSkate,0.561818182,0.585454545,0.58,0.563636364,0.541818182,0.514545455,0.549090909,0.556363636,0.614545455,0.567272727,0.529090909,0.558181818,0.634545455,0.56,0.525454545,0.530909091,0.509090909,0.583636364,0.485454545,0.527272727,0.545454545,0.561818182,0.538181818,0.601818182,0.541818182,0.552727273,0.561818182,0.567272727,0.598181818,0.58,0.572727273,0.552727273,0.538181818,0.541818182,0.612727273,0.552727273,0.570909091,0.532727273,0.54,0.576363636,0.441818182,0.589090909,0.578181818,0.569090909,0.54,0.525454545,0.570909091,0.505454545,0.590909091,0.532727273,0.538181818,0.523636364,0.492727273,0.561818182,0.550909091,0.554545455,0.561818182,0.547272727,0.565454545,0.576363636,0.581818182,0.605454545,0.503636364,0.521818182,0.538181818,0.498181818,0.56,0.518181818,0.561818182,0.552727273,0.498181818,0.494545455,0.561818182,0.516363636,0.589090909,0.490909091,0.623636364,0.603636364,0.509090909,0.549090909,0.578181818,0.621818182,0.594545455,0.605454545,0.569090909,0.552727273,0.463636364,0.550909091,0.612727273,0.572727273,0.574545455,0.498181818,0.554545455,0.603636364,0.545454545,0.545454545,0.492727273,0.587272727,0.48,0.536363636
InsectWingbeatSound,0.355050505,0.335353535,0.332323232,0.333333333,0.338888889,0.357575758,0.34040404,0.333333333,0.351010101,0.321717172,0.342929293,0.336868687,0.343434343,0.325252525,0.34040404,0.277272727,0.346969697,0.319191919,0.335353535,0.325757576,0.343939394,0.342424242,0.357070707,0.341414141,0.348484848,0.343434343,0.34040404,0.328787879,0.346464646,0.366666667,0.358585859,0.342424242,0.349494949,0.375252525,0.355555556,0.325252525,0.346969697,0.310606061,0.344444444,0.308080808,0.359090909,0.351010101,0.341414141,0.306565657,0.334343434,0.350505051,0.346969697,0.352525253,0.35959596,0.33989899,0.355555556,0.327272727,0.365151515,0.348484848,0.355555556,0.334848485,0.351010101,0.347979798,0.351515152,0.328787879,0.352525253,0.360606061,0.355050505,0.332828283,0.325252525,0.381313131,0.351010101,0.353030303,0.337373737,0.341919192,0.337878788,0.368181818,0.306565657,0.35,0.351515152,0.328282828,0.343434343,0.367676768,0.366161616,0.363131313,0.350505051,0.352020202,0.32979798,0.338888889,0.350505051,0.353030303,0.350505051,0.342929293,0.346969697,0.350505051,0.319191919,0.341919192,0.322727273,0.347979798,0.344444444,0.364141414,0.302525253,0.345454545,0.333838384,0.362121212
ItalyPowerDemand,0.950437318,0.883381924,0.92808552,0.909620991,0.92808552,0.932944606,0.915451895,0.931972789,0.914480078,0.92808552,0.915451895,0.931972789,0.922254616,0.939747328,0.869776482,0.914480078,0.906705539,0.923226433,0.931972789,0.927113703,0.937803693,0.914480078,0.859086492,0.935860058,0.934888241,0.940719145,0.925170068,0.899902818,0.859086492,0.931972789,0.919339164,0.916423712,0.893100097,0.86686103,0.91739553,0.935860058,0.915451895,0.93877551,0.925170068,0.927113703,0.91739553,0.933916424,0.925170068,0.936831876,0.925170068,0.901846453,0.92808552,0.932944606,0.930029155,0.91739553,0.919339164,0.933916424,0.919339164,0.939747328,0.925170068,0.921282799,0.937803693,0.909620991,0.92808552,0.925170068,0.919339164,0.910592809,0.931000972,0.942662779,0.925170068,0.905733722,0.90281827,0.940719145,0.944606414,0.906705539,0.925170068,0.914480078,0.903790087,0.898931001,0.911564626,0.915451895,0.930029155,0.933916424,0.906705539,0.930029155,0.92808552,0.934888241,0.912536443,0.918367347,0.923226433,0.923226433,0.937803693,0.91739553,0.91350826,0.930029155,0.942662779,0.912536443,0.944606414,0.869776482,0.92808552,0.891156463,0.92808552,0.87755102,0.921282799,0.925170068
LargeKitchenAppliances,0.794666667,0.802666667,0.824242424,0.810666667,0.776,0.797333333,0.797333333,0.805333333,0.765333333,0.792,0.768,0.808,0.8,0.805333333,0.816,0.8,0.746666667,0.813333333,0.794666667,0.813333333,0.786666667,0.789333333,0.813333333,0.794666667,0.765333333,0.805333333,0.778666667,0.802666667,0.792,0.786666667,0.808,0.794666667,0.784,0.792,0.8,0.797333333,0.768,0.778666667,0.794666667,0.770666667,0.8,0.776,0.789333333,0.802666667,0.773333333,0.784,0.834666667,0.765333333,0.797333333,0.810666667,0.778666667,0.805333333,0.813333333,0.789333333,0.746666667,0.781333333,0.792,0.808,0.794666667,0.794666667,0.818666667,0.781333333,0.754666667,0.805333333,0.776,0.794666667,0.797333333,0.8,0.768,0.837333333,0.829333333,0.8,0.786666667,0.805333333,0.826666667,0.781333333,0.784,0.789333333,0.805333333,0.821333333,0.778666667,0.808,0.773333333,0.768,0.768,0.794666667,0.778666667,0.762666667,0.786666667,0.808,0.805333333,0.805333333,0.792,0.786666667,0.794666667,0.813333333,0.802666667,0.808,0.8,0.76
Lightning2,0.868852459,0.868852459,0.836065574,0.819672131,0.819672131,0.770491803,0.901639344,0.721311475,0.819672131,0.786885246,0.819672131,0.770491803,0.737704918,0.737704918,0.803278689,0.803278689,0.885245902,0.803278689,0.737704918,0.754098361,0.803278689,0.754098361,0.885245902,0.852459016,0.836065574,0.885245902,0.786885246,0.819672131,0.918032787,0.737704918,0.737704918,0.852459016,0.803278689,0.737704918,0.885245902,0.786885246,0.836065574,0.704918033,0.819672131,0.786885246,0.803278689,0.737704918,0.852459016,0.770491803,0.868852459,0.836065574,0.754098361,0.803278689,0.885245902,0.836065574,0.852459016,0.852459016,0.819672131,0.803278689,0.786885246,0.819672131,0.803278689,0.819672131,0.836065574,0.852459016,0.819672131,0.885245902,0.786885246,0.836065574,0.836065574,0.819672131,0.737704918,0.803278689,0.786885246,0.737704918,0.819672131,0.885245902,0.819672131,0.852459016,0.770491803,0.852459016,0.770491803,0.901639344,0.852459016,0.737704918,0.770491803,0.918032787,0.836065574,0.786885246,0.770491803,0.885245902,0.885245902,0.836065574,0.803278689,0.868852459,0.852459016,0.770491803,0.836065574,0.836065574,0.803278689,0.819672131,0.737704918,0.754098361,0.868852459,0.868852459
Lightning7,0.671232877,0.630136986,0.657534247,0.671232877,0.684931507,0.684931507,0.684931507,0.712328767,0.643835616,0.684931507,0.794520548,0.767123288,0.643835616,0.726027397,0.712328767,0.712328767,0.698630137,0.684931507,0.698630137,0.698630137,0.671232877,0.671232877,0.780821918,0.684931507,0.753424658,0.767123288,0.630136986,0.698630137,0.726027397,0.698630137,0.589041096,0.767123288,0.698630137,0.643835616,0.657534247,0.684931507,0.753424658,0.726027397,0.684931507,0.739726027,0.726027397,0.753424658,0.780821918,0.808219178,0.726027397,0.794520548,0.684931507,0.780821918,0.630136986,0.616438356,0.712328767,0.712328767,0.767123288,0.657534247,0.753424658,0.616438356,0.684931507,0.671232877,0.726027397,0.589041096,0.821917808,0.671232877,0.684931507,0.643835616,0.767123288,0.684931507,0.575342466,0.657534247,0.753424658,0.671232877,0.643835616,0.684931507,0.657534247,0.753424658,0.684931507,0.671232877,0.698630137,0.602739726,0.726027397,0.698630137,0.698630137,0.712328767,0.712328767,0.712328767,0.671232877,0.657534247,0.657534247,0.684931507,0.643835616,0.671232877,0.726027397,0.616438356,0.643835616,0.671232877,0.767123288,0.575342466,0.698630137,0.698630137,0.698630137,0.616438356
Mallat,0.948827292,0.920255864,0.956076759,0.964179104,0.971002132,0.958208955,0.950959488,0.948827292,0.971002132,0.956929638,0.97228145,0.953944563,0.947974414,0.962899787,0.965884861,0.91684435,0.963326226,0.937739872,0.949680171,0.956503198,0.95565032,0.920682303,0.948827292,0.960767591,0.941577825,0.964605544,0.93901919,0.92238806,0.957356077,0.95010661,0.969296375,0.938592751,0.95565032,0.954797441,0.950959488,0.958208955,0.968443497,0.963326226,0.962473348,0.957356077,0.942004264,0.949680171,0.945415778,0.957782516,0.965884861,0.942857143,0.966311301,0.936460554,0.9445629,0.965884861,0.967590618,0.956503198,0.914712154,0.943283582,0.965884861,0.908742004,0.951812367,0.949253731,0.971002132,0.956929638,0.953518124,0.904051173,0.968869936,0.956076759,0.946268657,0.949253731,0.963752665,0.935607676,0.959488273,0.966311301,0.965884861,0.953091684,0.965031983,0.922814499,0.947121535,0.978251599,0.957356077,0.931769723,0.968869936,0.959914712,0.952238806,0.941151386,0.931343284,0.959061834,0.930916844,0.926652452,0.968017058,0.928358209,0.954371002,0.95565032,0.943283582,0.952238806,0.957782516,0.949253731,0.949253731,0.958635394,0.941151386,0.930490405,0.956503198,0.889978678
Meat,0.933333333,0.916666667,0.966666667,0.933333333,0.95,1,0.983333333,1,0.95,0.983333333,1,0.966666667,0.983333333,0.866666667,1,0.966666667,0.966666667,0.95,1,0.966666667,0.983333333,0.966666667,0.983333333,0.95,1,0.966666667,0.966666667,0.966666667,0.933333333,1,0.966666667,0.966666667,0.966666667,1,0.95,1,0.966666667,0.966666667,1,0.933333333,0.966666667,1,0.983333333,1,0.983333333,0.966666667,0.983333333,1,0.966666667,0.95,0.966666667,0.95,0.983333333,0.966666667,0.983333333,0.95,1,1,1,0.966666667,0.966666667,0.933333333,0.95,1,1,1,0.95,0.9,0.95,0.966666667,0.95,0.966666667,0.95,0.883333333,0.95,0.95,1,0.983333333,0.983333333,0.966666667,0.916666667,1,1,1,0.983333333,1,0.933333333,0.983333333,0.983333333,1,0.95,0.983333333,1,0.95,1,0.95,0.983333333,0.916666667,0.95,0.883333333
MedicalImages,0.736842105,0.719736842,0.753947368,0.725,0.735526316,0.722368421,0.740789474,0.722368421,0.742105263,0.730263158,0.75,0.755263158,0.707894737,0.738157895,0.740789474,0.736842105,0.707894737,0.732894737,0.721052632,0.744736842,0.718421053,0.742105263,0.715789474,0.740789474,0.719736842,0.757894737,0.747368421,0.739473684,0.715789474,0.746052632,0.706578947,0.731578947,0.732894737,0.755263158,0.751315789,0.703947368,0.734210526,0.775,0.747368421,0.753947368,0.755263158,0.717105263,0.740789474,0.738157895,0.740789474,0.744736842,0.715789474,0.738157895,0.723684211,0.768421053,0.755263158,0.732894737,0.759210526,0.703947368,0.698684211,0.767105263,0.726315789,0.748684211,0.739473684,0.761842105,0.743421053,0.736842105,0.739473684,0.748684211,0.722368421,0.736842105,0.742105263,0.742105263,0.709210526,0.752631579,0.761842105,0.718421053,0.759210526,0.742105263,0.728947368,0.776315789,0.751315789,0.725,0.743421053,0.735526316,0.707894737,0.748684211,0.718421053,0.757894737,0.735526316,0.722368421,0.747368421,0.719736842,0.739473684,0.739473684,0.738157895,0.768421053,0.756578947,0.730263158,0.748684211,0.740789474,0.743421053,0.702631579,0.751315789,0.742105263
MiddlePhalanxOutlineCorrect,0.731958763,0.728522337,0.718213058,0.756013746,0.745704467,0.701030928,0.745704467,0.725085911,0.738831615,0.725085911,0.725085911,0.728522337,0.735395189,0.728522337,0.704467354,0.721649485,0.742268041,0.745704467,0.731958763,0.711340206,0.728522337,0.728522337,0.714776632,0.694158076,0.721649485,0.738831615,0.745704467,0.742268041,0.725085911,0.70790378,0.759450172,0.728522337,0.690721649,0.759450172,0.76975945,0.70790378,0.721649485,0.731958763,0.718213058,0.694158076,0.749140893,0.75257732,0.762886598,0.701030928,0.75257732,0.756013746,0.742268041,0.75257732,0.718213058,0.70790378,0.725085911,0.718213058,0.721649485,0.75257732,0.704467354,0.701030928,0.70790378,0.738831615,0.70790378,0.694158076,0.749140893,0.735395189,0.711340206,0.749140893,0.714776632,0.687285223,0.731958763,0.745704467,0.694158076,0.776632302,0.721649485,0.714776632,0.718213058,0.735395189,0.75257732,0.725085911,0.742268041,0.701030928,0.745704467,0.745704467,0.701030928,0.745704467,0.711340206,0.731958763,0.721649485,0.725085911,0.704467354,0.735395189,0.718213058,0.762886598,0.735395189,0.735395189,0.738831615,0.738831615,0.762886598,0.735395189,0.728522337,0.762886598,0.742268041,0.728522337
MiddlePhalanxOutlineAgeGroup,0.538961039,0.538961039,0.597402597,0.493506494,0.62987013,0.551948052,0.62987013,0.564935065,0.603896104,0.551948052,0.532467532,0.597402597,0.62987013,0.558441558,0.61038961,0.616883117,0.623376623,0.577922078,0.597402597,0.564935065,0.61038961,0.577922078,0.564935065,0.506493506,0.558441558,0.584415584,0.577922078,0.616883117,0.616883117,0.538961039,0.597402597,0.597402597,0.597402597,0.525974026,0.571428571,0.577922078,0.512987013,0.564935065,0.564935065,0.590909091,0.597402597,0.525974026,0.584415584,0.551948052,0.558441558,0.623376623,0.525974026,0.61038961,0.603896104,0.480519481,0.597402597,0.597402597,0.603896104,0.538961039,0.590909091,0.551948052,0.525974026,0.584415584,0.551948052,0.597402597,0.538961039,0.597402597,0.603896104,0.655844156,0.525974026,0.551948052,0.61038961,0.603896104,0.590909091,0.590909091,0.590909091,0.545454545,0.538961039,0.590909091,0.519480519,0.551948052,0.493506494,0.558441558,0.597402597,0.564935065,0.558441558,0.590909091,0.551948052,0.519480519,0.603896104,0.590909091,0.616883117,0.597402597,0.616883117,0.532467532,0.61038961,0.597402597,0.681818182,0.61038961,0.551948052,0.577922078,0.590909091,0.603896104,0.571428571,0.584415584
MiddlePhalanxTW,0.487012987,0.493506494,0.5,0.519480519,0.454545455,0.5,0.506493506,0.506493506,0.493506494,0.519480519,0.461038961,0.512987013,0.519480519,0.512987013,0.525974026,0.487012987,0.525974026,0.512987013,0.506493506,0.545454545,0.519480519,0.493506494,0.506493506,0.493506494,0.512987013,0.532467532,0.493506494,0.5,0.493506494,0.525974026,0.551948052,0.545454545,0.493506494,0.551948052,0.532467532,0.480519481,0.5,0.5,0.5,0.519480519,0.487012987,0.512987013,0.5,0.506493506,0.551948052,0.474025974,0.506493506,0.519480519,0.487012987,0.538961039,0.532467532,0.519480519,0.519480519,0.5,0.461038961,0.487012987,0.519480519,0.525974026,0.506493506,0.487012987,0.487012987,0.461038961,0.545454545,0.493506494,0.506493506,0.532467532,0.545454545,0.525974026,0.558441558,0.487012987,0.519480519,0.506493506,0.525974026,0.525974026,0.480519481,0.551948052,0.467532468,0.493506494,0.577922078,0.512987013,0.506493506,0.512987013,0.493506494,0.5,0.480519481,0.532467532,0.545454545,0.506493506,0.590909091,0.5,0.474025974,0.5,0.571428571,0.519480519,0.493506494,0.532467532,0.474025974,0.545454545,0.5,0.493506494
MoteStrain,0.833067093,0.862619808,0.843450479,0.827476038,0.833067093,0.827476038,0.801916933,0.837859425,0.840255591,0.825878594,0.826677316,0.849041534,0.829872204,0.844249201,0.857827476,0.834664537,0.842651757,0.662939297,0.806709265,0.727635783,0.853833866,0.821884984,0.865015974,0.82827476,0.817092652,0.738019169,0.8514377,0.804313099,0.715654952,0.746805112,0.881789137,0.81629393,0.865015974,0.826677316,0.808306709,0.795527157,0.823482428,0.766773163,0.813897764,0.788338658,0.849041534,0.810702875,0.791533546,0.834664537,0.836261981,0.884984026,0.858626198,0.819488818,0.738019169,0.783546326,0.881789137,0.841853035,0.869808307,0.818690096,0.845047923,0.853035144,0.853833866,0.837859425,0.801118211,0.78913738,0.857827476,0.822683706,0.845846645,0.815495208,0.818690096,0.840255591,0.805111821,0.784345048,0.845047923,0.810702875,0.810702875,0.867412141,0.813897764,0.843450479,0.784345048,0.813099042,0.835463259,0.669329073,0.837859425,0.766773163,0.779552716,0.874600639,0.852236422,0.821884984,0.825079872,0.82428115,0.849840256,0.831469649,0.840255591,0.810702875,0.649361022,0.810702875,0.821884984,0.857028754,0.842651757,0.861821086,0.878594249,0.878594249,0.861022364,0.809105431
NonInvasiveFetalECGThorax1,0.805597964,0.813231552,0.81475827,0.816793893,0.822391858,0.81475827,0.808651399,0.813740458,0.813231552,0.810178117,0.800508906,0.814249364,0.820356234,0.821341956,0.809160305,0.818829517,0.820356234,0.81475827,0.830025445,0.815776081,0.813740458,0.798473282,0.808142494,0.827480916,0.813740458,0.813231552,0.810687023,0.818829517,0.822900763,0.822900763,0.807633588,0.823409669,0.81221374,0.798982188,0.808142494,0.821882952,0.815267176,0.818829517,0.801526718,0.81475827,0.816284987,0.815267176,0.82697201,0.811704835,0.815776081,0.815776081,0.822900763,0.808142494,0.813231552,0.805089059,0.818829517,0.811704835,0.816284987,0.803562341,0.811195929,0.818320611,0.820356234,0.816284987,0.823918575,0.807633588,0.811704835,0.817811705,0.818320611,0.813231552,0.799491094,0.823918575,0.805089059,0.808651399,0.801526718,0.805089059,0.816284987,0.797964377,0.808651399,0.815776081,0.813231552,0.81221374,0.807124682,0.80610687,0.805089059,0.797964377,0.813740458,0.803053435,0.80610687,0.809669211,0.81475827,0.809160305,0.823918575,0.824936387,0.819847328,0.820356234,0.816793893,0.81475827,0.810687023,0.81475827,0.820356234,0.820356234,0.815776081,0.820356234,0.820356234,0.815776081
NonInvasiveFetalECGThorax2,0.893129771,0.874300254,0.894147583,0.884987277,0.880916031,0.884478372,0.873282443,0.882951654,0.879898219,0.872773537,0.884987277,0.877862595,0.880407125,0.88346056,0.875826972,0.879898219,0.884478372,0.884987277,0.88346056,0.876844784,0.875826972,0.876335878,0.882951654,0.882951654,0.881933842,0.895165394,0.88346056,0.884478372,0.889058524,0.883969466,0.876844784,0.88346056,0.880407125,0.880407125,0.889058524,0.881424936,0.871755725,0.877862595,0.879898219,0.882951654,0.880916031,0.866666667,0.875826972,0.874300254,0.875318066,0.884478372,0.876335878,0.878371501,0.863104326,0.888040712,0.87480916,0.885496183,0.890585242,0.87735369,0.880916031,0.884987277,0.893638677,0.876335878,0.877862595,0.881933842,0.871755725,0.879389313,0.881424936,0.880916031,0.882442748,0.87480916,0.882951654,0.871246819,0.878880407,0.886513995,0.875318066,0.872264631,0.877862595,0.887531807,0.869211196,0.872264631,0.870737913,0.862086514,0.876844784,0.882951654,0.881933842,0.873282443,0.874300254,0.880916031,0.867175573,0.882951654,0.876844784,0.888040712,0.879898219,0.879898219,0.889058524,0.886513995,0.875318066,0.886005089,0.88956743,0.881424936,0.880407125,0.886513995,0.884478372,0.884987277
OliveOil,0.833333333,0.833333333,0.833333333,0.866666667,0.833333333,0.833333333,0.866666667,0.933333333,0.9,0.7,0.8,0.866666667,0.9,0.9,0.866666667,0.766666667,0.733333333,0.866666667,0.9,0.9,0.9,0.7,0.8,0.9,0.933333333,0.866666667,0.866666667,0.8,0.866666667,0.933333333,0.8,0.833333333,0.933333333,0.933333333,0.933333333,0.833333333,0.866666667,0.8,0.866666667,0.866666667,0.866666667,0.866666667,0.8,0.8,0.833333333,0.8,0.8,0.8,0.866666667,0.866666667,0.866666667,0.8,0.9,0.866666667,0.866666667,0.9,0.866666667,0.866666667,0.866666667,0.8,0.9,0.766666667,0.9,0.833333333,0.866666667,0.866666667,0.8,0.866666667,0.833333333,0.8,0.733333333,0.8,0.866666667,0.9,0.9,0.833333333,0.833333333,0.9,0.833333333,0.833333333,0.833333333,0.833333333,0.866666667,0.833333333,0.8,0.9,0.733333333,0.9,0.933333333,0.866666667,0.833333333,0.933333333,0.833333333,0.766666667,0.833333333,0.9,0.866666667,0.933333333,0.8,0.866666667
OSULeaf,0.880165289,0.855371901,0.847107438,0.896694215,0.909090909,0.917355372,0.859504132,0.892561983,0.851239669,0.863636364,0.888429752,0.863636364,0.904958678,0.842975207,0.909090909,0.900826446,0.896694215,0.867768595,0.855371901,0.909090909,0.904958678,0.888429752,0.842975207,0.904958678,0.896694215,0.863636364,0.900826446,0.91322314,0.909090909,0.888429752,0.892561983,0.871900826,0.838842975,0.896694215,0.818181818,0.900826446,0.900826446,0.91322314,0.871900826,0.904958678,0.855371901,0.909090909,0.921487603,0.842975207,0.884297521,0.859504132,0.876033058,0.91322314,0.896694215,0.884297521,0.880165289,0.884297521,0.842975207,0.863636364,0.851239669,0.917355372,0.892561983,0.876033058,0.884297521,0.884297521,0.892561983,0.880165289,0.847107438,0.884297521,0.909090909,0.917355372,0.871900826,0.900826446,0.900826446,0.855371901,0.896694215,0.91322314,0.896694215,0.896694215,0.892561983,0.91322314,0.867768595,0.909090909,0.909090909,0.884297521,0.871900826,0.91322314,0.904958678,0.91322314,0.892561983,0.859504132,0.818181818,0.888429752,0.871900826,0.880165289,0.900826446,0.876033058,0.880165289,0.888429752,0.880165289,0.876033058,0.884297521,0.904958678,0.855371901,0.896694215
PhalangesOutlinesCorrect,0.738927739,0.736596737,0.756410256,0.755244755,0.754079254,0.755244755,0.738927739,0.752913753,0.769230769,0.771561772,0.77972028,0.750582751,0.773892774,0.764568765,0.764568765,0.752913753,0.754079254,0.736596737,0.75990676,0.764568765,0.776223776,0.764568765,0.749417249,0.758741259,0.734265734,0.756410256,0.77039627,0.761072261,0.777389277,0.744755245,0.762237762,0.763403263,0.768065268,0.756410256,0.763403263,0.733100233,0.74009324,0.730769231,0.764568765,0.747086247,0.745920746,0.758741259,0.754079254,0.755244755,0.756410256,0.750582751,0.766899767,0.763403263,0.756410256,0.77039627,0.762237762,0.72960373,0.748251748,0.741258741,0.751748252,0.755244755,0.754079254,0.762237762,0.754079254,0.754079254,0.74009324,0.773892774,0.72960373,0.750582751,0.745920746,0.75990676,0.755244755,0.754079254,0.777389277,0.771561772,0.75990676,0.758741259,0.750582751,0.751748252,0.747086247,0.74009324,0.756410256,0.778554779,0.751748252,0.755244755,0.748251748,0.742424242,0.743589744,0.731934732,0.758741259,0.750582751,0.748251748,0.775058275,0.756410256,0.75990676,0.757575758,0.749417249,0.768065268,0.773892774,0.751748252,0.751748252,0.763403263,0.764568765,0.735431235,0.763403263
Phoneme,0.268987342,0.262130802,0.246835443,0.248945148,0.268459916,0.27056962,0.271624473,0.27056962,0.281118143,0.27056962,0.254746835,0.264767932,0.267932489,0.271097046,0.245253165,0.250527426,0.245253165,0.28164557,0.262658228,0.270042194,0.263185654,0.267405063,0.264240506,0.260548523,0.254746835,0.266350211,0.264767932,0.245253165,0.248945148,0.261075949,0.239978903,0.253691983,0.271097046,0.254219409,0.257911392,0.266350211,0.262130802,0.249472574,0.205168776,0.280063291,0.263185654,0.255801688,0.27056962,0.261603376,0.248945148,0.271097046,0.282700422,0.275843882,0.283227848,0.275843882,0.249472574,0.224156118,0.273734177,0.258438819,0.234704641,0.26371308,0.273206751,0.273734177,0.24314346,0.253164557,0.229957806,0.291139241,0.282172996,0.244198312,0.253691983,0.21149789,0.251054852,0.280590717,0.267932489,0.261075949,0.26371308,0.219936709,0.241561181,0.272679325,0.228375527,0.266877637,0.261603376,0.262658228,0.260021097,0.246835443,0.264240506,0.265822785,0.26371308,0.237869198,0.261603376,0.284810127,0.282700422,0.290084388,0.276898734,0.228902954,0.264767932,0.257383966,0.238396624,0.266877637,0.238924051,0.261603376,0.245780591,0.255801688,0.280590717,0.272679325
Plane,1,1,1,1,1,1,1,1,1,1,1,1,1,1,1,1,1,1,0.99047619,1,1,1,1,1,1,1,1,0.99047619,1,1,1,1,1,1,1,1,1,1,1,1,1,1,0.99047619,1,1,1,1,1,1,1,1,1,1,1,1,1,1,1,1,1,1,1,1,1,1,1,1,1,1,1,1,1,1,1,1,1,1,1,1,1,1,1,1,1,1,1,1,1,1,1,1,0.99047619,1,1,1,1,1,1,1,1
ProximalPhalanxOutlineCorrect,0.793814433,0.81443299,0.824742268,0.804123711,0.797250859,0.828178694,0.76975945,0.81443299,0.83161512,0.824742268,0.81443299,0.848797251,0.773195876,0.824742268,0.800687285,0.855670103,0.793814433,0.81443299,0.81443299,0.807560137,0.793814433,0.838487973,0.810996564,0.786941581,0.800687285,0.807560137,0.810996564,0.800687285,0.810996564,0.817869416,0.810996564,0.838487973,0.838487973,0.793814433,0.817869416,0.817869416,0.793814433,0.810996564,0.804123711,0.810996564,0.800687285,0.780068729,0.790378007,0.804123711,0.790378007,0.848797251,0.859106529,0.83161512,0.81443299,0.810996564,0.807560137,0.845360825,0.828178694,0.807560137,0.783505155,0.793814433,0.804123711,0.845360825,0.835051546,0.828178694,0.841924399,0.83161512,0.807560137,0.817869416,0.838487973,0.821305842,0.862542955,0.845360825,0.807560137,0.793814433,0.835051546,0.845360825,0.81443299,0.83161512,0.800687285,0.835051546,0.793814433,0.800687285,0.800687285,0.828178694,0.81443299,0.83161512,0.821305842,0.824742268,0.807560137,0.821305842,0.821305842,0.824742268,0.797250859,0.817869416,0.773195876,0.810996564,0.797250859,0.800687285,0.835051546,0.804123711,0.821305842,0.807560137,0.841924399,0.83161512
ProximalPhalanxOutlineAgeGroup,0.8,0.765853659,0.775609756,0.765853659,0.756097561,0.814634146,0.790243902,0.770731707,0.751219512,0.780487805,0.780487805,0.790243902,0.804878049,0.751219512,0.775609756,0.795121951,0.775609756,0.770731707,0.780487805,0.83902439,0.804878049,0.790243902,0.751219512,0.765853659,0.790243902,0.765853659,0.741463415,0.770731707,0.751219512,0.746341463,0.780487805,0.775609756,0.819512195,0.751219512,0.756097561,0.731707317,0.819512195,0.765853659,0.756097561,0.741463415,0.751219512,0.765853659,0.809756098,0.746341463,0.770731707,0.756097561,0.785365854,0.765853659,0.741463415,0.824390244,0.751219512,0.809756098,0.746341463,0.795121951,0.775609756,0.76097561,0.795121951,0.814634146,0.780487805,0.765853659,0.751219512,0.741463415,0.76097561,0.795121951,0.756097561,0.775609756,0.809756098,0.790243902,0.76097561,0.736585366,0.8,0.765853659,0.731707317,0.746341463,0.751219512,0.756097561,0.770731707,0.785365854,0.770731707,0.765853659,0.765853659,0.746341463,0.751219512,0.780487805,0.775609756,0.775609756,0.8,0.770731707,0.765853659,0.765853659,0.8,0.756097561,0.741463415,0.751219512,0.765853659,0.775609756,0.790243902,0.76097561,0.72195122,0.726829268
ProximalPhalanxTW,0.765853659,0.756097561,0.717073171,0.756097561,0.765853659,0.775609756,0.726829268,0.731707317,0.756097561,0.72195122,0.751219512,0.736585366,0.76097561,0.751219512,0.726829268,0.780487805,0.741463415,0.741463415,0.765853659,0.702439024,0.746341463,0.702439024,0.741463415,0.717073171,0.746341463,0.775609756,0.785365854,0.76097561,0.775609756,0.712195122,0.751219512,0.741463415,0.726829268,0.746341463,0.741463415,0.736585366,0.746341463,0.707317073,0.702439024,0.712195122,0.731707317,0.731707317,0.756097561,0.736585366,0.72195122,0.697560976,0.741463415,0.751219512,0.756097561,0.751219512,0.717073171,0.67804878,0.692682927,0.751219512,0.707317073,0.682926829,0.765853659,0.780487805,0.756097561,0.736585366,0.741463415,0.736585366,0.756097561,0.682926829,0.76097561,0.770731707,0.687804878,0.726829268,0.726829268,0.731707317,0.76097561,0.692682927,0.72195122,0.717073171,0.731707317,0.707317073,0.741463415,0.741463415,0.702439024,0.746341463,0.712195122,0.682926829,0.731707317,0.746341463,0.756097561,0.76097561,0.72195122,0.741463415,0.736585366,0.780487805,0.72195122,0.756097561,0.717073171,0.736585366,0.726829268,0.756097561,0.746341463,0.751219512,0.741463415,0.707317073
RefrigerationDevices,0.445333333,0.613333333,0.621333333,0.608,0.597333333,0.557333333,0.613333333,0.605333333,0.626666667,0.576,0.586666667,0.594666667,0.581333333,0.661333333,0.6,0.637333333,0.624,0.642666667,0.602666667,0.549333333,0.608,0.608,0.589333333,0.6,0.632,0.621333333,0.616,0.602666667,0.578666667,0.648,0.618666667,0.608,0.6,0.616,0.608,0.6,0.581333333,0.586666667,0.586666667,0.624,0.56,0.586666667,0.621333333,0.578666667,0.586666667,0.573333333,0.6,0.594666667,0.597333333,0.624,0.642666667,0.621333333,0.565333333,0.586666667,0.608,0.645333333,0.581333333,0.626666667,0.592,0.586666667,0.637333333,0.568,0.64,0.621333333,0.610666667,0.594666667,0.613333333,0.589333333,0.613333333,0.586666667,0.570666667,0.634666667,0.602666667,0.576,0.629333333,0.597333333,0.653333333,0.586666667,0.592,0.594666667,0.608,0.618666667,0.605333333,0.613333333,0.528,0.592,0.594666667,0.610666667,0.602666667,0.584,0.634666667,0.570666667,0.594666667,0.634666667,0.608,0.602666667,0.656,0.642666667,0.6,0.624
ScreenType,0.429333333,0.576,0.592,0.56,0.546666667,0.528,0.618666667,0.586666667,0.557333333,0.626666667,0.549333333,0.581333333,0.570666667,0.589333333,0.517333333,0.56,0.538666667,0.570666667,0.525333333,0.557333333,0.592,0.536,0.557333333,0.586666667,0.573333333,0.552,0.568,0.538666667,0.541333333,0.541333333,0.549333333,0.52,0.589333333,0.565333333,0.584,0.498666667,0.568,0.586666667,0.589333333,0.568,0.589333333,0.586666667,0.541333333,0.570666667,0.568,0.562666667,0.541333333,0.528,0.528,0.568,0.554666667,0.546666667,0.544,0.536,0.573333333,0.533333333,0.562666667,0.562666667,0.530666667,0.602666667,0.592,0.581333333,0.565333333,0.512,0.536,0.6,0.533333333,0.565333333,0.589333333,0.554666667,0.533333333,0.578666667,0.581333333,0.584,0.554666667,0.568,0.581333333,0.546666667,0.578666667,0.549333333,0.554666667,0.549333333,0.578666667,0.589333333,0.565333333,0.626436782,0.549333333,0.549333333,0.592,0.552,0.576,0.56,0.546666667,0.592,0.552,0.592,0.541333333,0.533333333,0.56,0.592
ShapeletSim,0.611111111,0.655555556,0.627777778,0.527777778,0.688888889,0.588888889,0.677777778,0.7,0.605555556,0.605555556,0.605555556,0.622222222,0.666666667,0.583333333,0.616666667,0.611111111,0.65,0.661111111,0.611111111,0.661111111,0.666666667,0.572222222,0.605555556,0.644444444,0.622222222,0.6,0.711111111,0.572222222,0.655555556,0.605555556,0.561111111,0.7,0.688888889,0.583333333,0.611111111,0.677777778,0.6,0.65,0.538888889,0.716666667,0.622222222,0.522222222,0.633333333,0.583333333,0.711111111,0.644444444,0.561111111,0.561111111,0.644444444,0.605555556,0.688888889,0.644444444,0.733333333,0.638888889,0.605555556,0.633333333,0.611111111,0.605555556,0.672222222,0.644444444,0.666666667,0.666666667,0.583333333,0.561111111,0.672222222,0.644444444,0.611111111,0.672222222,0.611111111,0.594444444,0.605555556,0.694444444,0.716666667,0.622222222,0.655555556,0.722222222,0.533333333,0.6,0.694444444,0.65,0.677777778,0.611111111,0.572222222,0.605555556,0.688888889,0.744444444,0.677777778,0.611111111,0.6,0.627777778,0.616666667,0.711111111,0.605555556,0.594444444,0.677777778,0.555555556,0.605555556,0.711111111,0.611111111,0.65
ShapesAll,0.85,0.831666667,0.858333333,0.875,0.866666667,0.883333333,0.84,0.856666667,0.865,0.836666667,0.851666667,0.86,0.866666667,0.86,0.871666667,0.87,0.858333333,0.836666667,0.896666667,0.858333333,0.863333333,0.853333333,0.881666667,0.868333333,0.866666667,0.888333333,0.865,0.861666667,0.841666667,0.853333333,0.886666667,0.858333333,0.85,0.855,0.888333333,0.876666667,0.868333333,0.871666667,0.888333333,0.846666667,0.861666667,0.866666667,0.848333333,0.851666667,0.863333333,0.846666667,0.845,0.878333333,0.863333333,0.86,0.84,0.856666667,0.85,0.865,0.858333333,0.838333333,0.86,0.876666667,0.841666667,0.858333333,0.881666667,0.86,0.861666667,0.836666667,0.878333333,0.876666667,0.883333333,0.866666667,0.845,0.85,0.871666667,0.865,0.876666667,0.87,0.868333333,0.88,0.863333333,0.841666667,0.866666667,0.853333333,0.888333333,0.86,0.88,0.84,0.863333333,0.863333333,0.876666667,0.851666667,0.863333333,0.843333333,0.881666667,0.866666667,0.86,0.861666667,0.856666667,0.865,0.856666667,0.855,0.848333333,0.876666667
SmallKitchenAppliances,0.64,0.616,0.632,0.608,0.658666667,0.645333333,0.656,0.664,0.594666667,0.64,0.632,0.624,0.634666667,0.634666667,0.608,0.642666667,0.656,0.637333333,0.661333333,0.642666667,0.645333333,0.658666667,0.624,0.621333333,0.626666667,0.642666667,0.629333333,0.6,0.621333333,0.618666667,0.677333333,0.642666667,0.634666667,0.645333333,0.634666667,0.613333333,0.634666667,0.653333333,0.621333333,0.693333333,0.632,0.608,0.632,0.613333333,0.645333333,0.637333333,0.650666667,0.626666667,0.642666667,0.677333333,0.672,0.650666667,0.650666667,0.650666667,0.621333333,0.648,0.629333333,0.64,0.634666667,0.634666667,0.669333333,0.608,0.645333333,0.624,0.621333333,0.634666667,0.626666667,0.64,0.632,0.674666667,0.64,0.626666667,0.632,0.616,0.637333333,0.602666667,0.597333333,0.661333333,0.648,0.64,0.64,0.648,0.626666667,0.648,0.658666667,0.661333333,0.637333333,0.664,0.68,0.648,0.661333333,0.653333333,0.626666667,0.664,0.650666667,0.648,0.650666667,0.629333333,0.674666667,0.653333333
SonyAIBORobotSurface1,0.742096506,0.797004992,0.893510815,0.743760399,0.850249584,0.772046589,0.856905158,0.743760399,0.835274542,0.788685524,0.78202995,0.725457571,0.792013311,0.860232945,0.848585691,0.890183028,0.848585691,0.840266223,0.768718802,0.730449251,0.8718802,0.853577371,0.865224626,0.77703827,0.851913478,0.830282862,0.823627288,0.813643927,0.866888519,0.826955075,0.820299501,0.762063228,0.790349418,0.722129784,0.760399334,0.783693844,0.740432612,0.840266223,0.888519135,0.738768719,0.850249584,0.798668885,0.785357737,0.835274542,0.860232945,0.813643927,0.760399334,0.757071547,0.755407654,0.853577371,0.821963394,0.655574043,0.785357737,0.845257903,0.740432612,0.861896839,0.816971714,0.77703827,0.825291181,0.75374376,0.848585691,0.860232945,0.818635607,0.793677205,0.875207987,0.717138103,0.836938436,0.71547421,0.752079867,0.763727121,0.841930116,0.906821963,0.806988353,0.795341098,0.836938436,0.858569052,0.803660566,0.806988353,0.735440932,0.890183028,0.775374376,0.826955075,0.841930116,0.828618968,0.803660566,0.813643927,0.77703827,0.803660566,0.743760399,0.836938436,0.730449251,0.730449251,0.775374376,0.763727121,0.878535774,0.861896839,0.793677205,0.84359401,0.792013311,0.765391015
SonyAIBORobotSurface2,0.891920252,0.838405037,0.856243442,0.879328437,0.897166842,0.925498426,0.849947534,0.891920252,0.881427072,0.88247639,0.835257083,0.898216159,0.904512067,0.881427072,0.875131165,0.904512067,0.85204617,0.894018888,0.809024134,0.850996852,0.854144806,0.853095488,0.797481637,0.840503673,0.870933893,0.861490031,0.881427072,0.878279119,0.903462749,0.922350472,0.885624344,0.85729276,0.81636936,0.864637985,0.868835257,0.840503673,0.885624344,0.879328437,0.860440714,0.81636936,0.898216159,0.84679958,0.827911857,0.929695698,0.861490031,0.843651626,0.838405037,0.88772298,0.878279119,0.890870934,0.842602308,0.815320042,0.906610703,0.810073452,0.80587618,0.837355719,0.899265477,0.868835257,0.837355719,0.832109129,0.840503673,0.799580273,0.874081847,0.907660021,0.843651626,0.848898216,0.886673662,0.880377754,0.869884575,0.801678909,0.837355719,0.855194124,0.843651626,0.845750262,0.853095488,0.876180483,0.833158447,0.880377754,0.873032529,0.843651626,0.868835257,0.828961175,0.838405037,0.871983211,0.897166842,0.831059811,0.834207765,0.865687303,0.847848898,0.888772298,0.926547744,0.868835257,0.874081847,0.864637985,0.815320042,0.881427072,0.85729276,0.844700944,0.905561385,0.894018888
StarLightCurves,0.962238951,0.96758135,0.970131132,0.963695969,0.97219524,0.966610005,0.96563866,0.957503643,0.960417678,0.970981059,0.969524041,0.964060223,0.966852841,0.966002914,0.96624575,0.96563866,0.965274405,0.969281204,0.966488587,0.964181642,0.963574551,0.959082079,0.962238951,0.959567751,0.958110733,0.968795532,0.961874696,0.967945605,0.964910151,0.963574551,0.965881496,0.959203497,0.968309859,0.96563866,0.967702768,0.957625061,0.963453133,0.963210296,0.966002914,0.964788732,0.969888295,0.966124332,0.96758135,0.967702768,0.969038368,0.965031569,0.965760078,0.968552695,0.969159786,0.96758135,0.967338514,0.963453133,0.965152987,0.965760078,0.955803788,0.965881496,0.964545896,0.965760078,0.96758135,0.966367169,0.966002914,0.962481787,0.967459932,0.964181642,0.965395823,0.964667314,0.964788732,0.960903351,0.959446333,0.968309859,0.963938805,0.964788732,0.967459932,0.967945605,0.963574551,0.965152987,0.96891695,0.967338514,0.966974259,0.96029626,0.963574551,0.964667314,0.968067023,0.964910151,0.964424478,0.967824186,0.969038368,0.96563866,0.966610005,0.961874696,0.963574551,0.971830986,0.968431277,0.965274405,0.969281204,0.96563866,0.96163186,0.968188441,0.966974259,0.966974259
Strawberry,0.954054054,0.964864865,0.954054054,0.959459459,0.945945946,0.956756757,0.943243243,0.937837838,0.956756757,0.954054054,0.959459459,0.937837838,0.945945946,0.959459459,0.954054054,0.975675676,0.951351351,0.962162162,0.954054054,0.978378378,0.945945946,0.962162162,0.948648649,0.962162162,0.962162162,0.948648649,0.954054054,0.954054054,0.951351351,0.945945946,0.959459459,0.972972973,0.959459459,0.962162162,0.972972973,0.962162162,0.948648649,0.972972973,0.978378378,0.937837838,0.964864865,0.948648649,0.959459459,0.962162162,0.967567568,0.935135135,0.932432432,0.964864865,0.956756757,0.975675676,0.954054054,0.972972973,0.948648649,0.962162162,0.954054054,0.962162162,0.932432432,0.97027027,0.948648649,0.956756757,0.954054054,0.948648649,0.956756757,0.945945946,0.943243243,0.962162162,0.951351351,0.945945946,0.954054054,0.956756757,0.954054054,0.951351351,0.954054054,0.962162162,0.967567568,0.954054054,0.943243243,0.97027027,0.964864865,0.956756757,0.967567568,0.975675676,0.97027027,0.967567568,0.943243243,0.948648649,0.954054054,0.940540541,0.959459459,0.937837838,0.948648649,0.937837838,0.967567568,0.959459459,0.943243243,0.951351351,0.962162162,0.951351351,0.956756757,0.959459459
SwedishLeaf,0.9008,0.888,0.9024,0.904,0.8912,0.896,0.896,0.8944,0.912,0.8976,0.896,0.904,0.8896,0.8816,0.8896,0.9168,0.9088,0.8704,0.9008,0.904,0.9008,0.9072,0.9104,0.904,0.8848,0.9056,0.8864,0.9088,0.8912,0.896,0.896,0.8784,0.8784,0.9072,0.8976,0.9152,0.9024,0.8896,0.8896,0.8832,0.8928,0.896,0.896,0.896,0.9008,0.8976,0.8768,0.9104,0.9216,0.8896,0.896,0.8848,0.872,0.8896,0.8928,0.9024,0.8928,0.8848,0.896,0.8976,0.9024,0.8848,0.8912,0.8992,0.8848,0.9072,0.8928,0.9152,0.9152,0.8704,0.888,0.904,0.8704,0.8848,0.896,0.9232,0.8928,0.8832,0.912,0.8896,0.8896,0.9056,0.8832,0.8944,0.8832,0.8832,0.896,0.9136,0.9088,0.8864,0.8992,0.904,0.8816,0.8992,0.8976,0.9104,0.8816,0.8976,0.8976,0.9248
Symbols,0.952763819,0.941708543,0.964824121,0.943718593,0.974874372,0.953768844,0.970854271,0.940703518,0.950753769,0.969849246,0.963819095,0.941708543,0.95879397,0.895477387,0.942713568,0.954773869,0.915577889,0.95678392,0.951758794,0.973869347,0.944723618,0.980904523,0.961809045,0.966834171,0.957788945,0.980904523,0.969849246,0.930653266,0.968844221,0.977889447,0.955778894,0.973869347,0.981909548,0.946733668,0.95879397,0.936683417,0.940703518,0.963819095,0.967839196,0.931658291,0.947738693,0.96281407,0.951758794,0.953768844,0.970854271,0.933668342,0.979899497,0.944723618,0.966834171,0.933668342,0.964824121,0.959798995,0.974874372,0.984924623,0.968844221,0.918592965,0.975879397,0.977889447,0.940703518,0.92160804,0.96281407,0.924623116,0.953768844,0.942713568,0.971859296,0.954773869,0.972864322,0.957788945,0.953768844,0.949748744,0.947738693,0.96281407,0.940703518,0.940703518,0.968844221,0.953768844,0.966834171,0.952763819,0.935678392,0.910552764,0.940703518,0.966834171,0.952763819,0.953768844,0.95678392,0.939698492,0.970854271,0.951758794,0.950753769,0.957788945,0.975879397,0.986934673,0.973869347,0.965829146,0.983919598,0.95879397,0.944723618,0.942713568,0.95879397,0.947738693
SyntheticControl,0.993333333,0.996666667,0.983333333,0.993333333,0.986666667,0.996666667,0.993333333,0.99,0.99,0.99,0.996666667,0.99,0.993333333,0.986666667,0.996666667,0.986666667,0.99,0.983333333,0.986666667,0.993333333,0.993333333,0.993333333,1,0.996666667,0.98,0.996666667,0.993333333,0.993333333,0.996666667,0.986666667,0.996666667,0.986666667,0.99,0.986666667,0.986666667,0.99,0.996666667,0.98,0.993333333,0.986666667,0.996666667,0.993333333,0.993333333,0.986666667,0.986666667,0.99,1,0.986666667,0.993333333,0.99,0.99,0.993333333,0.99,0.986666667,0.986666667,0.99,0.993333333,0.98,0.99,0.986666667,0.98,0.98,0.996666667,0.996666667,1,0.99,0.983333333,0.99,0.993333333,0.993333333,0.986666667,0.976666667,0.993333333,0.996666667,0.986666667,0.993333333,0.993333333,0.986666667,0.993333333,0.99,0.99,0.986666667,0.993333333,0.993333333,0.993333333,0.993333333,0.996666667,0.986666667,0.993333333,0.996666667,0.986666667,0.99,0.996666667,0.99,0.99,0.993333333,0.983333333,0.983333333,0.99,0.993333333
ToeSegmentation1,0.807017544,0.75877193,0.701754386,0.73245614,0.666666667,0.706140351,0.710526316,0.75877193,0.723684211,0.662280702,0.793859649,0.76754386,0.802631579,0.719298246,0.73245614,0.754385965,0.74122807,0.763157895,0.728070175,0.763157895,0.75877193,0.74122807,0.793859649,0.697368421,0.75,0.736842105,0.802631579,0.719298246,0.736842105,0.75,0.75,0.780701754,0.76754386,0.763157895,0.701754386,0.697368421,0.785087719,0.710526316,0.75,0.662280702,0.776315789,0.745614035,0.785087719,0.73245614,0.723684211,0.635964912,0.776315789,0.714912281,0.697368421,0.75877193,0.706140351,0.728070175,0.697368421,0.728070175,0.780701754,0.714912281,0.763157895,0.714912281,0.780701754,0.627192982,0.798245614,0.662280702,0.776315789,0.710526316,0.754385965,0.824561404,0.706140351,0.754385965,0.723684211,0.701754386,0.736842105,0.714912281,0.771929825,0.679824561,0.780701754,0.745614035,0.811403509,0.73245614,0.798245614,0.754385965,0.745614035,0.754385965,0.771929825,0.75,0.776315789,0.75,0.76754386,0.75,0.754385965,0.780701754,0.719298246,0.785087719,0.710526316,0.701754386,0.807017544,0.73245614,0.754385965,0.75877193,0.701754386,0.728070175
ToeSegmentation2,0.746153846,0.823076923,0.846153846,0.846153846,0.776923077,0.823076923,0.884615385,0.815384615,0.838461538,0.784615385,0.838461538,0.761538462,0.830769231,0.869230769,0.823076923,0.884615385,0.838461538,0.815384615,0.830769231,0.753846154,0.830769231,0.846153846,0.853846154,0.807692308,0.876923077,0.815384615,0.853846154,0.846153846,0.776923077,0.838461538,0.846153846,0.861538462,0.838461538,0.853846154,0.792307692,0.876923077,0.884615385,0.861538462,0.830769231,0.830769231,0.815384615,0.8,0.815384615,0.861538462,0.861538462,0.846153846,0.830769231,0.8,0.869230769,0.930769231,0.830769231,0.861538462,0.838461538,0.761538462,0.861538462,0.823076923,0.846153846,0.807692308,0.807692308,0.823076923,0.853846154,0.846153846,0.792307692,0.9,0.846153846,0.807692308,0.853846154,0.846153846,0.838461538,0.807692308,0.815384615,0.884615385,0.838461538,0.9,0.753846154,0.8,0.753846154,0.838461538,0.746153846,0.830769231,0.8,0.846153846,0.792307692,0.823076923,0.769230769,0.807692308,0.830769231,0.815384615,0.8,0.892307692,0.838461538,0.753846154,0.823076923,0.838461538,0.876923077,0.776923077,0.753846154,0.861538462,0.823076923,0.776923077
Trace,1,1,1,1,1,1,1,1,1,1,1,1,1,1,1,1,1,1,1,1,1,1,1,1,1,1,1,1,1,1,1,1,0.99,1,1,1,1,1,1,1,1,1,1,1,1,1,1,1,1,1,1,1,1,1,1,1,1,1,1,1,1,1,1,1,1,1,0.99,1,1,1,1,1,1,1,1,1,1,1,1,1,1,1,1,1,1,1,0.99,1,1,1,1,1,1,1,1,1,1,1,1,1
TwoLeadECG,0.978050922,0.895522388,0.891132572,0.910447761,0.978928885,0.978928885,0.903424056,0.980684811,0.975417032,0.970149254,0.989464442,0.902546093,0.992976295,0.951712028,0.916593503,0.937664618,0.946444249,0.933274802,0.996488147,0.921861282,0.927129061,0.940298507,0.989464442,0.998244074,0.91571554,0.876207199,0.975417032,0.978050922,0.892888499,0.984196664,0.937664618,0.956979807,0.911325724,0.862159789,0.949078139,0.876207199,0.919227392,0.956101844,0.971027217,0.996488147,0.955223881,0.90166813,0.953467954,0.983318701,0.941176471,0.876207199,0.877963126,0.916593503,0.956979807,0.963125549,0.960491659,0.843722564,0.94381036,0.975417032,0.946444249,0.983318701,0.971027217,0.914837577,0.906935909,0.98595259,0.905179982,0.993854258,0.949956102,0.961369622,0.891132572,0.965759438,0.981562774,0.933274802,0.924495171,0.973661106,0.913959614,0.970149254,0.988586479,0.964003512,0.992098332,0.986830553,0.968393327,0.975417032,0.906057946,0.924495171,0.920105356,0.933274802,0.947322212,0.900790167,0.978928885,0.964881475,0.951712028,0.963125549,0.904302019,0.974539069,0.968393327,0.940298507,0.876207199,0.922739245,0.980684811,0.973661106,0.962247586,0.980684811,0.944688323,0.980684811
TwoPatterns,1,1,1,1,1,1,1,1,1,1,1,1,1,1,1,1,1,1,1,1,1,1,1,1,1,1,1,1,1,1,1,1,1,1,1,1,1,1,1,1,1,1,1,1,1,1,1,1,1,1,1,1,1,1,1,1,1,1,1,1,1,1,1,1,1,1,1,1,1,1,1,1,1,1,1,1,1,1,1,1,1,1,1,1,1,1,1,1,1,1,1,1,1,1,1,1,1,1,1,1
UWaveGestureLibraryX,0.779173646,0.762144054,0.77638191,0.77945282,0.777498604,0.772752652,0.773869347,0.780290341,0.773310999,0.778336125,0.776661083,0.768844221,0.780290341,0.777777778,0.770519263,0.772194305,0.783919598,0.773590173,0.771915131,0.769402568,0.774427694,0.781686209,0.767727527,0.763260748,0.770519263,0.761585706,0.785873814,0.780848688,0.759631491,0.770240089,0.775265215,0.776940257,0.781965382,0.773869347,0.782802903,0.769681742,0.772473479,0.775823562,0.778056951,0.770519263,0.77721943,0.771915131,0.766890006,0.786432161,0.77107761,0.776661083,0.778056951,0.775544389,0.773869347,0.77638191,0.771915131,0.776102736,0.77414852,0.7680067,0.776102736,0.773869347,0.769681742,0.772194305,0.77721943,0.778336125,0.77638191,0.769681742,0.783640424,0.774706868,0.778336125,0.775823562,0.770240089,0.774706868,0.775265215,0.773869347,0.772752652,0.763819095,0.787548855,0.777777778,0.781407035,0.770798437,0.783640424,0.77107761,0.778615299,0.770240089,0.773869347,0.768285874,0.783919598,0.757956449,0.779173646,0.773310999,0.772473479,0.783082077,0.778336125,0.762981575,0.774427694,0.773310999,0.769123395,0.778894472,0.770240089,0.767169179,0.773310999,0.768844221,0.77638191,0.770519263
UWaveGestureLibraryY,0.715801228,0.716638749,0.704075935,0.695142379,0.703796762,0.733947515,0.70826354,0.705471803,0.721663875,0.719430486,0.713009492,0.713288666,0.699888331,0.711892797,0.717755444,0.704634283,0.690396427,0.709938582,0.705750977,0.703796762,0.697096594,0.703517588,0.711055276,0.715522055,0.716359576,0.701284199,0.710496929,0.716917923,0.709938582,0.701005025,0.72585148,0.692629816,0.709101061,0.702400893,0.714963707,0.712730318,0.707984366,0.702959241,0.70519263,0.710776103,0.708542714,0.702400893,0.70826354,0.69905081,0.718313791,0.713288666,0.698213289,0.720268007,0.723338917,0.700446678,0.702400893,0.695979899,0.713009492,0.704913456,0.723897264,0.710217755,0.723338917,0.710776103,0.708821887,0.697096594,0.721105528,0.702680067,0.728643216,0.722501396,0.716917923,0.706588498,0.697654941,0.713009492,0.699329983,0.716080402,0.715242881,0.716080402,0.716080402,0.70826354,0.705750977,0.70212172,0.698492462,0.714126186,0.709659408,0.714684534,0.718872138,0.70519263,0.706309324,0.704075935,0.706588498,0.711055276,0.71747627,0.699609157,0.713847013,0.711055276,0.704075935,0.707146845,0.717755444,0.717755444,0.717755444,0.702400893,0.709938582,0.714684534,0.716080402,0.716359576
UWaveGestureLibraryZ,0.696259073,0.697654941,0.695700726,0.704634283,0.699609157,0.695142379,0.707705193,0.676716918,0.689279732,0.698213289,0.699888331,0.675879397,0.697934115,0.67839196,0.704913456,0.67839196,0.695979899,0.708821887,0.709380235,0.694025684,0.69374651,0.69374651,0.692629816,0.701284199,0.698213289,0.689838079,0.707146845,0.694584031,0.706030151,0.693188163,0.6906756,0.706030151,0.693467337,0.695700726,0.702959241,0.684254606,0.688442211,0.704075935,0.693467337,0.693188163,0.672529313,0.698771636,0.697096594,0.702400893,0.694025684,0.694584031,0.695700726,0.671970966,0.692908989,0.693467337,0.69905081,0.701563372,0.688442211,0.702959241,0.682300391,0.683975433,0.687325516,0.689558906,0.687883864,0.69681742,0.695700726,0.699329983,0.715522055,0.699609157,0.69905081,0.698492462,0.709659408,0.697096594,0.692350642,0.679229481,0.680904523,0.69681742,0.71133445,0.695142379,0.700167504,0.701284199,0.686208822,0.689558906,0.684254606,0.700167504,0.690117253,0.703796762,0.693467337,0.700167504,0.697934115,0.683137912,0.703517588,0.694304858,0.689838079,0.709101061,0.680067002,0.689000558,0.706867672,0.703796762,0.701284199,0.690954774,0.704634283,0.692908989,0.706309324,0.676996092
UWaveGestureLibraryAll,0.935231714,0.938302624,0.934394193,0.921552205,0.938581798,0.932719151,0.929648241,0.930206588,0.934394193,0.9226689,0.927973199,0.938302624,0.936348409,0.932160804,0.93188163,0.931602457,0.939698492,0.941094361,0.929927415,0.929927415,0.929089894,0.938302624,0.938302624,0.931044109,0.933277499,0.935510888,0.936069235,0.938581798,0.934673367,0.93188163,0.934673367,0.931044109,0.939140145,0.931044109,0.932719151,0.932439978,0.934673367,0.929927415,0.926577331,0.932160804,0.931323283,0.935231714,0.938581798,0.936069235,0.941094361,0.931602457,0.920435511,0.932160804,0.934673367,0.941652708,0.930206588,0.932160804,0.932439978,0.934394193,0.935790061,0.934673367,0.935510888,0.931323283,0.938023451,0.929089894,0.928252373,0.93495254,0.930206588,0.938581798,0.936069235,0.934394193,0.929089894,0.930206588,0.932998325,0.936348409,0.930485762,0.930764936,0.941094361,0.937744277,0.936627582,0.93411502,0.933556672,0.935231714,0.936627582,0.936348409,0.935790061,0.932998325,0.926577331,0.93718593,0.931602457,0.93188163,0.930764936,0.937744277,0.93495254,0.930485762,0.934394193,0.938581798,0.938581798,0.933835846,0.933556672,0.931044109,0.92881072,0.935510888,0.938860972,0.936069235
Wafer,0.979883193,0.985074627,0.985399091,0.980856587,0.985561324,0.983452304,0.985074627,0.983127839,0.987832576,0.980045425,0.981343284,0.986372485,0.984263465,0.987183647,0.980694354,0.984425698,0.982965607,0.979072031,0.983614536,0.985561324,0.983127839,0.985074627,0.983939001,0.984263465,0.985074627,0.978585334,0.987345879,0.982316677,0.982803374,0.987670344,0.985074627,0.9175,0.985074627,0.980856587,0.984425698,0.985885788,0.980532122,0.982803374,0.981343284,0.981343284,0.984263465,0.979558728,0.983290071,0.984912395,0.97826087,0.982641142,0.982965607,0.983939001,0.983127839,0.982965607,0.98247891,0.984101233,0.983614536,0.983452304,0.985074627,0.979558728,0.98247891,0.983452304,0.983614536,0.984101233,0.987183647,0.984425698,0.985723556,0.981018819,0.98458793,0.986210253,0.980532122,0.984912395,0.982965607,0.982965607,0.984912395,0.982154445,0.981181051,0.982316677,0.974529526,0.986534718,0.983614536,0.980856587,0.984101233,0.985399091,0.985561324,0.985074627,0.984101233,0.987183647,0.989941596,0.98458793,0.979558728,0.98247891,0.981343284,0.987994809,0.984425698,0.984750162,0.981667748,0.982803374,0.986048021,0.984101233,0.98669695,0.983290071,0.984912395,0.984263465
Wine,0.574074074,0.851851852,0.925925926,0.740740741,0.851851852,0.944444444,0.851851852,1,0.888888889,0.87037037,0.907407407,0.888888889,0.759259259,0.981481481,0.907407407,0.925925926,0.833333333,0.777777778,0.87037037,0.759259259,0.888888889,0.759259259,0.833333333,0.87037037,0.944444444,0.888888889,0.907407407,0.796296296,0.851851852,0.833333333,0.851851852,1,0.814814815,0.888888889,0.925925926,0.851851852,0.944444444,0.851851852,0.87037037,0.796296296,0.888888889,0.925925926,0.87037037,0.796296296,0.87037037,0.833333333,0.796296296,0.944444444,0.777777778,0.87037037,0.925925926,0.944444444,0.814814815,0.944444444,0.833333333,0.925925926,0.722222222,0.888888889,0.981481481,0.925925926,0.87037037,0.925925926,0.87037037,0.851851852,0.907407407,0.87037037,0.944444444,0.833333333,0.87037037,0.87037037,0.87037037,0.87037037,1,1,0.888888889,0.87037037,0.888888889,0.944444444,0.833333333,0.87037037,0.925925926,0.925925926,0.944444444,0.907407407,0.888888889,0.925925926,0.833333333,0.925925926,0.907407407,0.796296296,1,0.981481481,0.888888889,0.87037037,1,0.962962963,0.907407407,0.981481481,0.87037037,0.888888889
WordSynonyms,0.730407524,0.713166144,0.714733542,0.655172414,0.697492163,0.71630094,0.703761755,0.705329154,0.700626959,0.71630094,0.705329154,0.728840125,0.697492163,0.719435737,0.722570533,0.728840125,0.694357367,0.678683386,0.722570533,0.725705329,0.727272727,0.711598746,0.713166144,0.722570533,0.697492163,0.688087774,0.661442006,0.705329154,0.705329154,0.700626959,0.695924765,0.722570533,0.711598746,0.721003135,0.677115987,0.711598746,0.727272727,0.724137931,0.719435737,0.703761755,0.673981191,0.714733542,0.695924765,0.730407524,0.678683386,0.719435737,0.713166144,0.719435737,0.725705329,0.706896552,0.705329154,0.692789969,0.71630094,0.694357367,0.692789969,0.703761755,0.727272727,0.725705329,0.722570533,0.73354232,0.70846395,0.680250784,0.760188088,0.724137931,0.686520376,0.672413793,0.724137931,0.681818182,0.686520376,0.73354232,0.722570533,0.702194357,0.697492163,0.689655172,0.684952978,0.71630094,0.721003135,0.70846395,0.719435737,0.725705329,0.744514107,0.735109718,0.721003135,0.722570533,0.724137931,0.711598746,0.71630094,0.725705329,0.727272727,0.713166144,0.700626959,0.695924765,0.725705329,0.727272727,0.721003135,0.694357367,0.735109718,0.710031348,0.705329154,0.692789969
Worms,0.584415584,0.61038961,0.649350649,0.649350649,0.636363636,0.701298701,0.532467532,0.714285714,0.597402597,0.558441558,0.597402597,0.61038961,0.597402597,0.61038961,0.662337662,0.597402597,0.571428571,0.558441558,0.662337662,0.558441558,0.649350649,0.545454545,0.545454545,0.636363636,0.662337662,0.545454545,0.558441558,0.545454545,0.753246753,0.714285714,0.61038961,0.584415584,0.662337662,0.584415584,0.597402597,0.571428571,0.584415584,0.649350649,0.649350649,0.61038961,0.61038961,0.636363636,0.584415584,0.558441558,0.649350649,0.571428571,0.662337662,0.61038961,0.623376623,0.558441558,0.623376623,0.623376623,0.584415584,0.506493506,0.571428571,0.597402597,0.61038961,0.701298701,0.623376623,0.558441558,0.584415584,0.701298701,0.636363636,0.675324675,0.597402597,0.649350649,0.597402597,0.688311688,0.623376623,0.649350649,0.688311688,0.61038961,0.584415584,0.636363636,0.636363636,0.688311688,0.61038961,0.74025974,0.688311688,0.519480519,0.688311688,0.636363636,0.532467532,0.636363636,0.701298701,0.61038961,0.636363636,0.597402597,0.61038961,0.623376623,0.597402597,0.662337662,0.532467532,0.558441558,0.519480519,0.623376623,0.649350649,0.558441558,0.61038961,0.714285714
WormsTwoClass,0.649350649,0.753246753,0.74025974,0.688311688,0.753246753,0.766233766,0.662337662,0.675324675,0.688311688,0.675324675,0.662337662,0.714285714,0.701298701,0.727272727,0.623376623,0.649350649,0.688311688,0.636363636,0.779220779,0.675324675,0.688311688,0.701298701,0.688311688,0.753246753,0.74025974,0.649350649,0.701298701,0.636363636,0.779220779,0.714285714,0.662337662,0.766233766,0.662337662,0.727272727,0.714285714,0.779220779,0.623376623,0.766233766,0.766233766,0.779220779,0.74025974,0.688311688,0.701298701,0.636363636,0.74025974,0.766233766,0.675324675,0.714285714,0.688311688,0.714285714,0.792207792,0.753246753,0.792207792,0.584415584,0.688311688,0.714285714,0.727272727,0.805194805,0.714285714,0.623376623,0.714285714,0.636363636,0.675324675,0.753246753,0.74025974,0.714285714,0.766233766,0.662337662,0.662337662,0.714285714,0.779220779,0.727272727,0.753246753,0.675324675,0.753246753,0.74025974,0.636363636,0.701298701,0.805194805,0.714285714,0.727272727,0.675324675,0.662337662,0.74025974,0.701298701,0.701298701,0.753246753,0.636363636,0.714285714,0.714285714,0.701298701,0.805194805,0.61038961,0.623376623,0.688311688,0.727272727,0.792207792,0.727272727,0.675324675,0.753246753
Yoga,0.856,0.885,0.866,0.865333333,0.867666667,0.876333333,0.885,0.859,0.866666667,0.895,0.869666667,0.857,0.884,0.851666667,0.875666667,0.853666667,0.852666667,0.875,0.867333333,0.854666667,0.860666667,0.869,0.874666667,0.872333333,0.873666667,0.861666667,0.862333333,0.866,0.871666667,0.870333333,0.852333333,0.887666667,0.856333333,0.849333333,0.870666667,0.862333333,0.892,0.884666667,0.859333333,0.881666667,0.856333333,0.843,0.877,0.876,0.86,0.877,0.861,0.886,0.876333333,0.860333333,0.858,0.871666667,0.885,0.861666667,0.877,0.868666667,0.870666667,0.881,0.866666667,0.86,0.857666667,0.864666667,0.861333333,0.873333333,0.878333333,0.860666667,0.879,0.867333333,0.893666667,0.885666667,0.871666667,0.873333333,0.862666667,0.876,0.874666667,0.855666667,0.872666667,0.88,0.833333333,0.855333333,0.877333333,0.862,0.865333333,0.849333333,0.869333333,0.882333333,0.856666667,0.875666667,0.872666667,0.871666667,0.882666667,0.854666667,0.872,0.861666667,0.867666667,0.863666667,0.873,0.862333333,0.832333333,0.865333333
