Adiac,0.664961637,0.695652174,0.657289003,0.662404092,0.675191816,0.68797954,0.652173913,0.654731458,0.677749361,0.685421995,0.636828645,0.649616368,0.670076726,0.68286445,0.677749361,0.657289003,0.652173913,0.690537084,0.616368286,0.685421995,0.641943734,0.636828645,0.68797954,0.685421995,0.657289003,0.677749361,0.659846547,0.6342711,0.677749361,0.675191816,0.685421995,0.654731458,0.667519182,0.657289003,0.698209719,0.639386189,0.652173913,0.652173913,0.644501279,0.685421995,0.664961637,0.685421995,0.695652174,0.649616368,0.703324808,0.647058824,0.662404092,0.662404092,0.662404092,0.680306905,0.644501279,0.68286445,0.641943734,0.626598465,0.654731458,0.6342711,0.652173913,0.662404092,0.647058824,0.705882353,0.680306905,0.664961637,0.680306905,0.667519182,0.670076726,0.675191816,0.664961637,0.670076726,0.672634271,0.664961637,0.670076726,0.667519182,0.685421995,0.644501279,0.672634271,0.690537084,0.675191816,0.685421995,0.654731458,0.693094629,0.659846547,0.657289003,0.659846547,0.6342711,0.647058824,0.672634271,0.662404092,0.667519182,0.654731458,0.649616368,0.644501279,0.659846547,0.68286445,0.667519182,0.644501279,0.695652174,0.631713555,0.662404092,0.677749361,0.644501279
ArrowHead,0.811428571,0.862857143,0.817142857,0.851428571,0.834285714,0.891428571,0.88,0.857142857,0.897142857,0.902857143,0.845714286,0.862857143,0.822857143,0.868571429,0.862857143,0.88,0.811428571,0.874285714,0.851428571,0.851428571,0.902857143,0.88,0.88,0.88,0.862857143,0.828571429,0.908571429,0.84,0.874285714,0.897142857,0.817142857,0.885714286,0.874285714,0.834285714,0.885714286,0.794285714,0.8,0.834285714,0.811428571,0.857142857,0.885714286,0.84,0.845714286,0.868571429,0.914285714,0.851428571,0.822857143,0.794285714,0.845714286,0.885714286,0.874285714,0.874285714,0.84,0.862857143,0.845714286,0.885714286,0.868571429,0.897142857,0.885714286,0.88,0.862857143,0.845714286,0.857142857,0.88,0.874285714,0.817142857,0.834285714,0.88,0.834285714,0.891428571,0.897142857,0.885714286,0.857142857,0.874285714,0.902857143,0.857142857,0.817142857,0.811428571,0.862857143,0.857142857,0.931428571,0.902857143,0.862857143,0.868571429,0.874285714,0.874285714,0.874285714,0.857142857,0.902857143,0.834285714,0.788571429,0.851428571,0.868571429,0.862857143,0.84,0.845714286,0.822857143,0.84,0.828571429,0.88
Beef,0.633333333,0.566666667,0.533333333,0.566666667,0.566666667,0.433333333,0.566666667,0.6,0.533333333,0.6,0.6,0.533333333,0.6,0.3,0.6,0.566666667,0.433333333,0.6,0.466666667,0.566666667,0.466666667,0.633333333,0.433333333,0.5,0.466666667,0.4,0.533333333,0.5,0.666666667,0.5,0.633333333,0.433333333,0.566666667,0.433333333,0.5,0.6,0.6,0.333333333,0.633333333,0.533333333,0.566666667,0.533333333,0.666666667,0.466666667,0.6,0.5,0.433333333,0.633333333,0.633333333,0.6,0.466666667,0.533333333,0.3,0.566666667,0.566666667,0.5,0.433333333,0.633333333,0.5,0.5,0.433333333,0.566666667,0.566666667,0.566666667,0.533333333,0.6,0.433333333,0.5,0.533333333,0.433333333,0.533333333,0.533333333,0.6,0.533333333,0.4,0.6,0.5,0.566666667,0.6,0.466666667,0.733333333,0.533333333,0.6,0.5,0.4,0.466666667,0.466666667,0.466666667,0.533333333,0.633333333,0.6,0.6,0.6,0.466666667,0.4,0.633333333,0.433333333,0.5,0.633333333,0.633333333
BeetleFly,0.75,0.8,0.65,0.8,0.85,0.8,0.8,0.7,0.75,0.85,0.95,0.85,0.8,0.7,0.9,0.9,0.85,0.8,0.95,0.75,0.85,0.75,0.85,0.85,0.8,0.85,0.9,0.8,0.7,0.9,0.9,0.8,0.85,0.7,0.85,0.8,0.75,0.85,0.8,0.85,0.75,0.85,0.85,0.8,0.9,0.9,0.8,0.85,0.85,0.95,0.95,0.7,0.75,0.9,0.8,0.7,0.75,0.9,0.9,0.8,0.85,0.9,0.8,0.85,0.85,0.85,0.95,0.7,0.9,0.8,0.8,0.8,0.65,0.8,0.85,0.85,0.7,0.95,0.75,0.8,0.75,0.7,0.9,0.8,0.9,0.75,0.8,0.8,0.8,0.9,0.85,0.95,0.95,0.85,0.65,0.85,0.95,0.8,0.8,0.85
BirdChicken,0.8,0.9,1,0.85,0.9,0.85,0.85,0.8,0.8,0.9,0.9,0.85,0.95,0.75,0.8,0.9,0.9,0.85,0.9,0.85,0.8,1,0.65,0.85,0.85,0.9,0.8,0.9,0.85,0.8,0.9,0.9,0.9,0.9,0.9,0.85,0.65,0.85,0.75,0.9,0.75,1,0.75,0.8,0.75,0.85,0.75,0.8,0.9,0.75,0.75,0.95,0.95,0.85,0.85,0.9,0.85,0.7,0.85,0.85,0.9,0.75,0.95,0.8,0.85,0.85,0.85,0.85,0.9,0.85,0.9,0.75,0.75,0.8,1,0.75,0.7,0.85,0.8,1,0.8,0.95,0.85,0.75,0.8,0.9,0.7,0.85,0.95,0.9,1,0.8,0.8,0.8,1,0.75,1,0.8,0.85,0.9
Car,0.833333333,0.833333333,0.85,0.8,0.766666667,0.8,0.766666667,0.9,0.783333333,0.75,0.716666667,0.866666667,0.816666667,0.816666667,0.8,0.766666667,0.833333333,0.833333333,0.666666667,0.85,0.8,0.766666667,0.783333333,0.8,0.783333333,0.75,0.783333333,0.816666667,0.733333333,0.816666667,0.8,0.8,0.833333333,0.733333333,0.8,0.833333333,0.833333333,0.733333333,0.866666667,0.866666667,0.8,0.75,0.816666667,0.783333333,0.683333333,0.766666667,0.833333333,0.833333333,0.8,0.816666667,0.7,0.783333333,0.833333333,0.85,0.85,0.816666667,0.783333333,0.85,0.883333333,0.8,0.716666667,0.85,0.8,0.8,0.866666667,0.7,0.783333333,0.75,0.8,0.9,0.766666667,0.816666667,0.8,0.816666667,0.716666667,0.766666667,0.783333333,0.85,0.75,0.833333333,0.766666667,0.75,0.833333333,0.716666667,0.75,0.833333333,0.85,0.816666667,0.833333333,0.8,0.8,0.8,0.75,0.8,0.833333333,0.833333333,0.833333333,0.85,0.766666667,0.85
CBF,0.997777778,0.986666667,0.94,0.995555556,0.964444444,0.994444444,1,0.983333333,0.996666667,1,1,0.998888889,0.991111111,1,0.998888889,0.997777778,0.992222222,0.994444444,0.991111111,0.994444444,0.984444444,1,0.992222222,0.998888889,1,0.998888889,0.994444444,0.998888889,0.992222222,0.994444444,0.996666667,0.987777778,0.992222222,1,0.997777778,0.991111111,0.997777778,0.998888889,0.996666667,0.991111111,0.996666667,0.987777778,0.996666667,0.975555556,0.995555556,0.986666667,0.997777778,0.998888889,0.971111111,0.997777778,0.997777778,1,0.994444444,0.984444444,0.996666667,0.984444444,0.994444444,1,1,1,0.994444444,0.998888889,0.997777778,0.976666667,0.994444444,0.997777778,0.996666667,0.976666667,0.996666667,0.997777778,0.992222222,0.975555556,0.997777778,0.995555556,0.976666667,0.998888889,0.997777778,0.996666667,0.998888889,0.997777778,0.998888889,1,0.995555556,0.998888889,0.992222222,0.996666667,0.997777778,0.981111111,0.991111111,0.986666667,0.988888889,0.997777778,0.994444444,0.987777778,1,0.997777778,0.973333333,0.992222222,0.996666667,0.995555556
ChlorineConcentration,0.65625,0.673697917,0.659895833,0.660416667,0.677083333,0.658072917,0.66953125,0.675,0.661197917,0.65234375,0.659114583,0.64375,0.642708333,0.657291667,0.652864583,0.6640625,0.659635417,0.659375,0.647135417,0.64609375,0.6578125,0.623177083,0.662760417,0.6671875,0.665885417,0.658854167,0.644270833,0.6421875,0.662239583,0.640885417,0.668489583,0.6703125,0.660416667,0.6578125,0.671354167,0.66015625,0.6671875,0.647395833,0.676302083,0.666927083,0.667708333,0.657291667,0.654166667,0.644791667,0.64921875,0.649479167,0.66875,0.64375,0.651302083,0.66171875,0.645833333,0.653385417,0.666145833,0.664322917,0.671614583,0.660416667,0.653645833,0.652864583,0.670572917,0.656770833,0.6578125,0.654947917,0.659114583,0.65703125,0.666145833,0.661979167,0.6625,0.6609375,0.653385417,0.657552083,0.64921875,0.672916667,0.67109375,0.661458333,0.662239583,0.666145833,0.6625,0.644270833,0.662760417,0.668489583,0.65625,0.66640625,0.663020833,0.67109375,0.657552083,0.663020833,0.652083333,0.649479167,0.64765625,0.667708333,0.663802083,0.660677083,0.648958333,0.657552083,0.649739583,0.65234375,0.66953125,0.646354167,0.6515625,0.66640625
CinCECGTorso,0.942028986,0.907246377,0.956521739,0.953623188,0.986956522,0.923188406,0.907246377,0.979710145,0.953623188,0.951449275,0.891304348,0.896376812,0.971014493,0.981884058,0.966666667,0.937681159,0.955072464,0.969565217,0.931884058,0.968115942,0.926811594,0.972463768,0.897101449,0.944202899,0.920289855,0.952898551,0.965217391,0.97173913,0.960869565,0.960869565,0.905797101,0.944927536,0.912318841,0.922463768,0.925362319,0.932608696,0.921014493,0.916666667,0.99057971,0.956521739,0.94057971,0.847826087,0.957246377,0.982608696,0.979710145,0.974637681,0.915217391,0.922463768,0.994202899,0.978985507,0.979710145,0.901449275,0.951449275,0.971014493,0.935507246,0.939855072,0.981884058,0.947826087,0.941304348,0.958695652,0.948550725,0.965942029,0.946376812,0.932608696,0.93115942,0.9,0.965942029,0.946376812,0.932608696,0.989130435,0.952898551,0.968115942,0.975362319,0.936231884,0.991304348,0.976086957,0.874637681,0.942028986,0.973913043,0.874637681,0.94057971,0.967391304,0.944927536,0.950724638,0.945652174,0.982608696,0.960144928,0.942753623,0.921014493,0.891304348,0.945652174,0.962318841,0.953623188,0.950724638,0.921014493,0.986231884,0.988405797,0.944927536,0.885507246,0.947101449
Coffee,1,0.964285714,0.964285714,1,1,1,1,1,0.892857143,1,1,1,1,0.928571429,1,1,1,1,1,1,1,1,1,1,0.964285714,0.928571429,0.964285714,1,0.928571429,1,1,1,1,1,1,0.928571429,1,1,1,1,0.964285714,1,1,0.928571429,1,1,1,1,1,1,0.928571429,1,0.964285714,1,1,1,1,1,1,1,1,1,1,0.964285714,1,1,1,1,1,1,1,1,1,1,1,1,1,1,1,1,0.892857143,1,1,1,1,1,1,0.964285714,1,0.964285714,1,1,0.964285714,1,1,1,1,1,0.928571429,1
Computers,0.708,0.72,0.756,0.712,0.728,0.744,0.716,0.696,0.716,0.736,0.772,0.748,0.72,0.748,0.748,0.748,0.732,0.756,0.724,0.696,0.74,0.72,0.752,0.764,0.716,0.736,0.704,0.728,0.736,0.744,0.704,0.796,0.736,0.724,0.712,0.792,0.704,0.708,0.732,0.748,0.76,0.704,0.724,0.72,0.692,0.756,0.756,0.752,0.768,0.728,0.764,0.764,0.732,0.756,0.768,0.684,0.724,0.76,0.756,0.788,0.744,0.716,0.772,0.772,0.692,0.724,0.716,0.76,0.724,0.748,0.68,0.716,0.772,0.736,0.688,0.732,0.708,0.716,0.736,0.704,0.696,0.712,0.784,0.692,0.716,0.664,0.78,0.704,0.684,0.736,0.76,0.676,0.68,0.748,0.736,0.732,0.74,0.708,0.736,0.744
CricketX,0.812820513,0.812820513,0.81025641,0.78974359,0.817948718,0.8,0.794871795,0.820512821,0.817948718,0.830769231,0.812820513,0.820512821,0.792307692,0.784615385,0.812820513,0.797435897,0.817948718,0.782051282,0.776923077,0.838461538,0.779487179,0.782051282,0.78974359,0.787179487,0.812820513,0.802564103,0.802564103,0.81025641,0.794871795,0.794871795,0.820512821,0.794871795,0.802564103,0.812820513,0.802564103,0.787179487,0.820512821,0.78974359,0.792307692,0.805128205,0.825641026,0.805128205,0.782051282,0.797435897,0.761538462,0.805128205,0.828205128,0.78974359,0.784615385,0.802564103,0.807692308,0.794871795,0.805128205,0.805128205,0.805128205,0.771794872,0.81025641,0.792307692,0.771794872,0.828205128,0.802564103,0.78974359,0.764102564,0.802564103,0.815384615,0.812820513,0.817948718,0.776923077,0.782051282,0.784615385,0.779487179,0.8,0.802564103,0.794871795,0.794871795,0.797435897,0.797435897,0.802564103,0.784615385,0.802564103,0.802564103,0.766666667,0.830769231,0.81025641,0.805128205,0.817948718,0.78974359,0.8,0.787179487,0.820512821,0.792307692,0.817948718,0.78974359,0.797435897,0.8,0.835897436,0.838461538,0.805128205,0.8,0.797435897
CricketY,0.805128205,0.820512821,0.794871795,0.817948718,0.766666667,0.766666667,0.774358974,0.8,0.776923077,0.766666667,0.784615385,0.782051282,0.779487179,0.782051282,0.794871795,0.761538462,0.794871795,0.825641026,0.812820513,0.787179487,0.797435897,0.802564103,0.8,0.78974359,0.769230769,0.805128205,0.776923077,0.78974359,0.802564103,0.8,0.779487179,0.815384615,0.8,0.776923077,0.820512821,0.820512821,0.807692308,0.792307692,0.817948718,0.802564103,0.779487179,0.8,0.807692308,0.792307692,0.794871795,0.782051282,0.830769231,0.812820513,0.741025641,0.792307692,0.774358974,0.771794872,0.817948718,0.802564103,0.78974359,0.78974359,0.787179487,0.805128205,0.751282051,0.812820513,0.792307692,0.784615385,0.774358974,0.756410256,0.820512821,0.779487179,0.784615385,0.774358974,0.802564103,0.787179487,0.774358974,0.787179487,0.787179487,0.751282051,0.833333333,0.820512821,0.828205128,0.776923077,0.833333333,0.823076923,0.833333333,0.8,0.807692308,0.797435897,0.794871795,0.771794872,0.8,0.794871795,0.782051282,0.787179487,0.78974359,0.787179487,0.782051282,0.817948718,0.802564103,0.812820513,0.784615385,0.828205128,0.802564103,0.779487179
CricketZ,0.782051282,0.8,0.792307692,0.8,0.81025641,0.817948718,0.81025641,0.817948718,0.823076923,0.776923077,0.812820513,0.81025641,0.787179487,0.794871795,0.782051282,0.774358974,0.784615385,0.812820513,0.774358974,0.828205128,0.820512821,0.794871795,0.8,0.8,0.782051282,0.78974359,0.815384615,0.779487179,0.784615385,0.807692308,0.774358974,0.815384615,0.81025641,0.825641026,0.815384615,0.8,0.812820513,0.792307692,0.797435897,0.81025641,0.794871795,0.787179487,0.815384615,0.828205128,0.761538462,0.81025641,0.807692308,0.825641026,0.802564103,0.843589744,0.820512821,0.815384615,0.792307692,0.820512821,0.794871795,0.805128205,0.815384615,0.794871795,0.805128205,0.78974359,0.779487179,0.81025641,0.8,0.830769231,0.805128205,0.78974359,0.835897436,0.802564103,0.787179487,0.81025641,0.779487179,0.8,0.8,0.8,0.815384615,0.820512821,0.807692308,0.8,0.792307692,0.805128205,0.81025641,0.805128205,0.820512821,0.802564103,0.812820513,0.797435897,0.81025641,0.792307692,0.835897436,0.802564103,0.833333333,0.776923077,0.817948718,0.807692308,0.805128205,0.81025641,0.771794872,0.812820513,0.815384615,0.792307692
DiatomSizeReduction,0.944444444,0.964052288,0.89869281,0.905228758,0.950980392,0.970588235,0.954248366,0.960784314,0.973856209,0.964052288,0.892156863,0.95751634,0.967320261,0.934640523,0.964052288,0.892156863,0.95751634,0.941176471,0.977124183,0.901960784,0.970588235,0.944444444,0.954248366,0.950980392,0.892156863,0.980392157,0.934640523,0.970588235,0.970588235,0.983660131,0.970588235,0.977124183,0.944444444,0.960784314,0.973856209,0.973856209,0.888888889,0.970588235,0.977124183,0.980392157,0.928104575,0.980392157,0.885620915,0.964052288,0.931372549,0.937908497,0.888888889,0.977124183,0.973856209,0.973856209,0.967320261,0.960784314,0.980392157,0.973856209,0.967320261,0.980392157,0.967320261,0.888888889,0.950980392,0.931372549,0.888888889,0.977124183,0.901960784,0.895424837,0.970588235,0.944444444,0.977124183,0.967320261,0.944444444,0.950980392,0.950980392,0.944444444,0.973856209,0.973856209,0.944444444,0.967320261,0.970588235,0.895424837,0.977124183,0.937908497,0.931372549,0.895424837,0.964052288,0.888888889,0.944444444,0.95751634,0.941176471,0.960784314,0.937908497,0.937908497,0.954248366,0.970588235,0.895424837,0.895424837,0.879084967,0.944444444,0.967320261,0.882352941,0.95751634,0.888888889
DistalPhalanxOutlineCorrect,0.690647482,0.741007194,0.784172662,0.805755396,0.705035971,0.73381295,0.769784173,0.769784173,0.712230216,0.755395683,0.776978417,0.81294964,0.784172662,0.798561151,0.755395683,0.762589928,0.769784173,0.798561151,0.776978417,0.805755396,0.784172662,0.748201439,0.755395683,0.755395683,0.798561151,0.741007194,0.784172662,0.762589928,0.827338129,0.726618705,0.755395683,0.784172662,0.755395683,0.848920863,0.71942446,0.755395683,0.73381295,0.748201439,0.748201439,0.805755396,0.791366906,0.784172662,0.748201439,0.748201439,0.784172662,0.798561151,0.748201439,0.73381295,0.798561151,0.776978417,0.81294964,0.755395683,0.748201439,0.726618705,0.755395683,0.762589928,0.755395683,0.784172662,0.741007194,0.762589928,0.798561151,0.705035971,0.776978417,0.741007194,0.741007194,0.762589928,0.820143885,0.784172662,0.798561151,0.726618705,0.776978417,0.697841727,0.798561151,0.73381295,0.805755396,0.755395683,0.748201439,0.81294964,0.741007194,0.776978417,0.798561151,0.755395683,0.762589928,0.820143885,0.755395683,0.805755396,0.755395683,0.755395683,0.827338129,0.81294964,0.741007194,0.762589928,0.769784173,0.741007194,0.762589928,0.81294964,0.776978417,0.81294964,0.748201439,0.755395683
DistalPhalanxOutlineAgeGroup,0.72826087,0.760869565,0.800724638,0.717391304,0.757246377,0.768115942,0.786231884,0.753623188,0.77173913,0.778985507,0.757246377,0.793478261,0.797101449,0.778985507,0.789855072,0.757246377,0.768115942,0.757246377,0.746376812,0.768115942,0.731884058,0.789855072,0.742753623,0.782608696,0.793478261,0.77173913,0.764492754,0.746376812,0.768115942,0.775362319,0.760869565,0.782608696,0.782608696,0.786231884,0.735507246,0.75,0.764492754,0.775362319,0.775362319,0.746376812,0.724637681,0.717391304,0.789855072,0.746376812,0.760869565,0.72826087,0.782608696,0.77173913,0.797101449,0.75,0.800724638,0.764492754,0.789855072,0.753623188,0.786231884,0.75,0.753623188,0.764492754,0.77173913,0.804347826,0.77173913,0.77173913,0.789855072,0.789855072,0.77173913,0.746376812,0.797101449,0.768115942,0.778985507,0.742753623,0.793478261,0.778985507,0.760869565,0.768115942,0.786231884,0.77173913,0.735507246,0.789855072,0.775362319,0.742753623,0.75,0.782608696,0.760869565,0.800724638,0.768115942,0.793478261,0.800724638,0.757246377,0.804347826,0.735507246,0.775362319,0.807971014,0.757246377,0.764492754,0.764492754,0.77173913,0.75,0.782608696,0.778985507,0.717391304
DistalPhalanxTW,0.647482014,0.647482014,0.661870504,0.661870504,0.625899281,0.705035971,0.633093525,0.690647482,0.661870504,0.589928058,0.647482014,0.654676259,0.625899281,0.647482014,0.64028777,0.604316547,0.669064748,0.654676259,0.64028777,0.676258993,0.64028777,0.633093525,0.661870504,0.669064748,0.618705036,0.647482014,0.647482014,0.683453237,0.669064748,0.690647482,0.669064748,0.661870504,0.633093525,0.712230216,0.661870504,0.633093525,0.633093525,0.669064748,0.683453237,0.683453237,0.647482014,0.633093525,0.647482014,0.661870504,0.676258993,0.633093525,0.611510791,0.683453237,0.64028777,0.647482014,0.661870504,0.633093525,0.611510791,0.64028777,0.64028777,0.712230216,0.64028777,0.726618705,0.669064748,0.683453237,0.64028777,0.654676259,0.661870504,0.661870504,0.690647482,0.647482014,0.647482014,0.683453237,0.633093525,0.64028777,0.669064748,0.669064748,0.618705036,0.697841727,0.64028777,0.669064748,0.697841727,0.676258993,0.661870504,0.647482014,0.625899281,0.669064748,0.633093525,0.633093525,0.697841727,0.676258993,0.633093525,0.661870504,0.654676259,0.633093525,0.690647482,0.611510791,0.647482014,0.633093525,0.647482014,0.654676259,0.611510791,0.669064748,0.589928058,0.64028777
Earthquakes,0.741007194,0.748201439,0.762589928,0.73381295,0.712230216,0.748201439,0.71942446,0.71942446,0.712230216,0.71942446,0.748201439,0.755395683,0.755395683,0.748201439,0.741007194,0.73381295,0.762589928,0.726618705,0.741007194,0.741007194,0.726618705,0.748201439,0.726618705,0.71942446,0.712230216,0.748201439,0.71942446,0.73381295,0.73381295,0.741007194,0.73381295,0.73381295,0.73381295,0.748201439,0.741007194,0.762589928,0.741007194,0.71942446,0.748201439,0.726618705,0.769784173,0.741007194,0.726618705,0.748201439,0.712230216,0.73381295,0.741007194,0.726618705,0.741007194,0.73381295,0.71942446,0.71942446,0.73381295,0.748201439,0.748201439,0.748201439,0.71942446,0.755395683,0.762589928,0.712230216,0.73381295,0.73381295,0.741007194,0.712230216,0.741007194,0.73381295,0.73381295,0.726618705,0.71942446,0.726618705,0.762589928,0.741007194,0.748201439,0.73381295,0.762589928,0.73381295,0.71942446,0.73381295,0.726618705,0.712230216,0.73381295,0.690647482,0.748201439,0.741007194,0.741007194,0.712230216,0.683453237,0.712230216,0.748201439,0.726618705,0.71942446,0.748201439,0.741007194,0.755395683,0.73381295,0.71942446,0.705035971,0.73381295,0.769784173,0.748201439
ECG200,0.88,0.87,0.93,0.89,0.88,0.94,0.84,0.94,0.87,0.88,0.83,0.83,0.89,0.85,0.9,0.85,0.89,0.88,0.88,0.84,0.85,0.86,0.83,0.91,0.86,0.87,0.91,0.88,0.89,0.89,0.9,0.93,0.87,0.82,0.88,0.87,0.86,0.83,0.85,0.93,0.89,0.93,0.88,0.85,0.89,0.85,0.93,0.9,0.92,0.91,0.87,0.85,0.94,0.92,0.91,0.89,0.94,0.89,0.9,0.85,0.86,0.87,0.87,0.89,0.87,0.91,0.91,0.85,0.84,0.9,0.91,0.92,0.92,0.92,0.89,0.88,0.86,0.89,0.87,0.82,0.88,0.87,0.91,0.9,0.9,0.88,0.88,0.92,0.85,0.88,0.91,0.9,0.84,0.88,0.79,0.87,0.84,0.83,0.88,0.88
ECG5000,0.938444444,0.933111111,0.940222222,0.933333333,0.930222222,0.942,0.942222222,0.934,0.934888889,0.939777778,0.939777778,0.933333333,0.934,0.931333333,0.936,0.938666667,0.935111111,0.940444444,0.934888889,0.942222222,0.946222222,0.94,0.936888889,0.939777778,0.943111111,0.940444444,0.936222222,0.939777778,0.941777778,0.939777778,0.942888889,0.928444444,0.935333333,0.940444444,0.939111111,0.938888889,0.935555556,0.937777778,0.941333333,0.934,0.94,0.939555556,0.941555556,0.939777778,0.935111111,0.936666667,0.937333333,0.934666667,0.941111111,0.942,0.933777778,0.934888889,0.942666667,0.938,0.935555556,0.940888889,0.941555556,0.938666667,0.938222222,0.940666667,0.941555556,0.940888889,0.939333333,0.948,0.933555556,0.941333333,0.932444444,0.943555556,0.938666667,0.934888889,0.933777778,0.94,0.935555556,0.942666667,0.938,0.935111111,0.935777778,0.938666667,0.943555556,0.938888889,0.938444444,0.938666667,0.935111111,0.937777778,0.942888889,0.940222222,0.942,0.944,0.945333333,0.937333333,0.930888889,0.941777778,0.936888889,0.940666667,0.944,0.945111111,0.938888889,0.936666667,0.939555556,0.94
ECGFiveDays,0.819976771,0.930313589,0.87688734,0.907084785,0.819976771,0.754936121,0.894308943,0.843205575,0.819976771,0.868757259,0.858304297,0.93495935,0.808362369,0.885017422,0.879210221,0.831591173,0.745644599,0.764227642,0.890824623,0.839721254,0.829268293,0.867595819,0.87224158,0.903600465,0.897793264,0.895470383,0.929152149,0.859465738,0.860627178,0.87456446,0.829268293,0.851335656,0.900116144,0.849012776,0.901277584,0.87456446,0.87456446,0.889663182,0.883855981,0.667828107,0.87340302,0.902439024,0.830429733,0.783972125,0.847851336,0.922183508,0.691056911,0.81300813,0.837398374,0.900116144,0.804878049,0.891986063,0.861788618,0.905923345,0.832752613,0.81416957,0.835075494,0.833914053,0.887340302,0.840882695,0.853658537,0.81533101,0.861788618,0.843205575,0.81533101,0.886178862,0.847851336,0.844367015,0.896631823,0.887340302,0.852497096,0.801393728,0.888501742,0.849012776,0.87804878,0.923344948,0.828106852,0.81533101,0.804878049,0.764227642,0.822299652,0.855981417,0.793263647,0.916376307,0.738675958,0.822299652,0.825783972,0.833914053,0.862950058,0.824622532,0.702671312,0.930313589,0.838559814,0.868757259,0.758420441,0.838559814,0.825783972,0.833914053,0.823461092,0.846689895
ElectricDevices,0.662949034,0.831539359,0.830242511,0.835429905,0.829464402,0.828686292,0.834781481,0.834262742,0.826741019,0.828815977,0.838801712,0.828815977,0.831409674,0.830631565,0.828037868,0.834911166,0.841395409,0.833225263,0.834003372,0.834262742,0.830242511,0.833225263,0.828945662,0.842303203,0.832576838,0.832058099,0.832447153,0.838412657,0.836986124,0.837375178,0.835170536,0.826351965,0.832447153,0.840746985,0.83050188,0.824795746,0.830372196,0.832058099,0.829983141,0.83555959,0.826741019,0.839061082,0.835948645,0.829723771,0.824017637,0.827000389,0.829334717,0.836597069,0.830372196,0.832836208,0.83555959,0.839579821,0.828297238,0.832836208,0.833744002,0.83127999,0.835689275,0.83555959,0.834262742,0.83581896,0.835170536,0.831150305,0.826741019,0.835429905,0.834911166,0.834392426,0.832706523,0.830631565,0.829723771,0.83076125,0.837893918,0.829723771,0.831798729,0.836986124,0.834003372,0.832706523,0.834133057,0.831798729,0.827519129,0.820256776,0.831539359,0.828037868,0.837893918,0.827778498,0.836467384,0.836467384,0.83102062,0.837764233,0.831798729,0.828945662,0.832317469,0.829983141,0.831798729,0.828167553,0.833484632,0.826611334,0.833095578,0.829205032,0.828426923,0.834262742
FaceAll,0.84852071,0.977514793,0.978698225,0.977514793,0.980473373,0.977514793,0.982840237,0.978106509,0.979289941,0.979881657,0.981656805,0.978106509,0.975739645,0.981065089,0.977514793,0.974556213,0.973964497,0.972781065,0.980473373,0.975147929,0.979881657,0.971597633,0.973964497,0.968047337,0.981656805,0.974556213,0.976923077,0.971597633,0.972189349,0.972781065,0.972781065,0.975739645,0.976923077,0.973372781,0.973372781,0.978106509,0.981656805,0.982248521,0.981065089,0.971597633,0.981656805,0.976923077,0.977514793,0.977514793,0.978106509,0.976331361,0.982248521,0.980473373,0.976331361,0.976923077,0.976923077,0.976331361,0.976331361,0.969822485,0.980473373,0.976331361,0.985798817,0.978106509,0.981065089,0.975739645,0.976331361,0.975739645,0.983431953,0.970414201,0.979289941,0.975739645,0.972781065,0.971005917,0.979881657,0.976331361,0.983431953,0.971005917,0.973964497,0.982248521,0.969822485,0.975739645,0.981065089,0.975739645,0.974556213,0.981656805,0.967455621,0.979289941,0.985207101,0.979289941,0.983431953,0.978698225,0.972189349,0.979881657,0.972189349,0.967455621,0.971597633,0.982840237,0.975147929,0.982248521,0.982248521,0.973372781,0.973964497,0.980473373,0.975739645,0.979289941
FaceFour,0.909090909,0.920454545,0.784090909,0.840909091,0.920454545,0.795454545,0.840909091,0.920454545,0.863636364,0.852272727,0.875,0.909090909,0.931818182,0.909090909,0.920454545,0.909090909,0.840909091,0.886363636,0.852272727,0.920454545,0.818181818,0.863636364,0.931818182,0.875,0.863636364,0.909090909,0.852272727,0.829545455,0.965909091,0.818181818,0.840909091,0.886363636,0.875,0.840909091,0.818181818,0.852272727,0.852272727,0.954545455,0.818181818,0.897727273,0.931818182,0.829545455,0.965909091,0.954545455,0.909090909,0.943181818,0.909090909,0.761363636,0.943181818,0.886363636,0.863636364,0.931818182,0.840909091,0.931818182,0.909090909,0.852272727,0.897727273,0.806818182,0.829545455,0.806818182,0.897727273,0.897727273,0.897727273,0.852272727,0.761363636,0.863636364,0.829545455,0.931818182,0.897727273,0.920454545,0.897727273,0.772727273,0.863636364,0.852272727,0.909090909,0.909090909,0.897727273,0.818181818,0.954545455,0.840909091,0.863636364,0.886363636,0.897727273,0.943181818,0.920454545,0.931818182,0.897727273,0.875,0.852272727,0.852272727,0.863636364,0.863636364,0.886363636,0.897727273,0.931818182,0.840909091,0.931818182,0.818181818,0.931818182,0.909090909
FacesUCR,0.944878049,0.948292683,0.948780488,0.947804878,0.946829268,0.954634146,0.946341463,0.949268293,0.957073171,0.939512195,0.953658537,0.942439024,0.949268293,0.947317073,0.948292683,0.954634146,0.940487805,0.944390244,0.958536585,0.950731707,0.949268293,0.952682927,0.950731707,0.957073171,0.952195122,0.938536585,0.949268293,0.959512195,0.952195122,0.927317073,0.951219512,0.958536585,0.944390244,0.949756098,0.96,0.954146341,0.951707317,0.949756098,0.943414634,0.952682927,0.961463415,0.951707317,0.964878049,0.955609756,0.935609756,0.954146341,0.939512195,0.945853659,0.948780488,0.946341463,0.953170732,0.936097561,0.96,0.94,0.946341463,0.947804878,0.953170732,0.94195122,0.943902439,0.952195122,0.932682927,0.946341463,0.956585366,0.954146341,0.939512195,0.946829268,0.94195122,0.934146341,0.930243902,0.952195122,0.933658537,0.955609756,0.951219512,0.93804878,0.948780488,0.944878049,0.963414634,0.942439024,0.942439024,0.945365854,0.955121951,0.947804878,0.957073171,0.954146341,0.946829268,0.936097561,0.96195122,0.956097561,0.947317073,0.94,0.946341463,0.944390244,0.937560976,0.949756098,0.94,0.954634146,0.948780488,0.951707317,0.956097561,0.945365854
FiftyWords,0.81978022,0.806593407,0.824175824,0.81978022,0.837362637,0.828571429,0.81978022,0.821978022,0.83956044,0.810989011,0.81978022,0.835164835,0.806593407,0.826373626,0.802197802,0.843956044,0.81978022,0.804395604,0.824175824,0.832967033,0.824175824,0.828571429,0.824175824,0.813186813,0.813186813,0.837362637,0.824175824,0.828571429,0.81978022,0.826373626,0.824175824,0.826373626,0.835164835,0.810989011,0.813186813,0.835164835,0.817582418,0.806593407,0.826373626,0.815384615,0.828571429,0.837362637,0.8,0.837362637,0.808791209,0.830769231,0.81978022,0.804395604,0.804395604,0.81978022,0.815384615,0.808791209,0.810989011,0.83956044,0.817582418,0.835164835,0.815384615,0.817582418,0.813186813,0.8,0.821978022,0.843956044,0.810989011,0.808791209,0.835164835,0.806593407,0.832967033,0.821978022,0.802197802,0.813186813,0.835164835,0.793406593,0.810989011,0.81978022,0.810989011,0.841758242,0.802197802,0.810989011,0.835164835,0.832967033,0.817582418,0.797802198,0.826373626,0.826373626,0.841758242,0.826373626,0.824175824,0.821978022,0.824175824,0.817582418,0.828571429,0.826373626,0.837362637,0.810989011,0.81978022,0.806593407,0.817582418,0.813186813,0.824175824,0.813186813
Fish,0.965714286,0.891428571,0.937142857,0.891428571,0.92,0.942857143,0.891428571,0.885714286,0.914285714,0.908571429,0.845714286,0.88,0.908571429,0.925714286,0.96,0.925714286,0.897142857,0.914285714,0.925714286,0.902857143,0.92,0.897142857,0.925714286,0.908571429,0.92,0.948571429,0.937142857,0.902857143,0.931428571,0.88,0.925714286,0.937142857,0.897142857,0.902857143,0.948571429,0.914285714,0.885714286,0.902857143,0.902857143,0.931428571,0.914285714,0.908571429,0.914285714,0.92,0.937142857,0.914285714,0.908571429,0.914285714,0.914285714,0.937142857,0.88,0.885714286,0.908571429,0.931428571,0.914285714,0.925714286,0.885714286,0.914285714,0.891428571,0.925714286,0.925714286,0.931428571,0.925714286,0.925714286,0.88,0.908571429,0.925714286,0.937142857,0.874285714,0.942857143,0.885714286,0.88,0.931428571,0.925714286,0.891428571,0.897142857,0.92,0.948571429,0.92,0.897142857,0.897142857,0.885714286,0.937142857,0.931428571,0.914285714,0.902857143,0.948571429,0.937142857,0.908571429,0.92,0.92,0.92,0.937142857,0.897142857,0.88,0.914285714,0.914285714,0.902857143,0.891428571,0.902857143
FordA,0.737878788,0.738636364,0.752272727,0.742424242,0.721212121,0.753030303,0.718939394,0.756818182,0.716666667,0.736363636,0.736363636,0.75,0.775,0.740151515,0.756060606,0.75530303,0.751515152,0.737878788,0.734848485,0.71969697,0.746212121,0.753787879,0.737878788,0.75,0.753787879,0.751515152,0.728787879,0.773484848,0.750757576,0.732575758,0.791666667,0.759090909,0.753787879,0.741666667,0.76969697,0.75530303,0.735606061,0.743939394,0.762878788,0.732575758,0.721969697,0.764393939,0.763636364,0.756818182,0.758333333,0.736363636,0.761363636,0.770454545,0.775,0.751515152,0.743181818,0.765909091,0.750757576,0.748484848,0.761363636,0.75530303,0.753787879,0.765151515,0.766666667,0.759090909,0.731060606,0.746969697,0.731060606,0.739393939,0.759848485,0.772727273,0.743939394,0.765909091,0.747727273,0.752272727,0.746212121,0.748484848,0.727272727,0.757575758,0.737878788,0.754545455,0.753787879,0.764393939,0.743939394,0.753787879,0.75530303,0.768939394,0.790151515,0.760606061,0.738636364,0.748484848,0.740909091,0.762121212,0.743939394,0.762878788,0.766666667,0.718939394,0.766666667,0.731060606,0.75530303,0.750757576,0.749242424,0.759848485,0.770454545,0.750757576
FordB,0.661728395,0.77037037,0.748148148,0.761728395,0.748148148,0.74691358,0.745679012,0.772839506,0.764197531,0.775308642,0.772839506,0.758024691,0.766666667,0.730864198,0.761728395,0.74691358,0.724691358,0.750617284,0.764197531,0.745679012,0.775308642,0.767901235,0.761728395,0.748148148,0.759259259,0.764197531,0.738271605,0.758024691,0.766666667,0.755555556,0.754320988,0.765432099,0.764197531,0.781481481,0.769135802,0.780246914,0.75308642,0.790123457,0.772839506,0.759259259,0.755555556,0.766666667,0.750617284,0.769135802,0.758024691,0.749382716,0.737037037,0.77037037,0.771604938,0.72962963,0.75308642,0.72962963,0.749382716,0.764197531,0.75308642,0.781481481,0.760493827,0.765432099,0.743209877,0.754320988,0.765432099,0.759259259,0.730864198,0.740740741,0.769135802,0.772839506,0.738271605,0.769135802,0.762962963,0.743209877,0.781481481,0.755555556,0.762962963,0.738271605,0.769135802,0.782716049,0.755555556,0.754320988,0.765432099,0.743209877,0.769135802,0.745679012,0.775308642,0.759259259,0.766666667,0.765432099,0.72962963,0.739506173,0.754320988,0.785185185,0.759259259,0.724691358,0.751851852,0.771604938,0.755555556,0.733333333,0.74691358,0.750617284,0.744444444,0.788888889
GunPoint,0.993333333,0.966666667,0.98,0.993333333,0.986666667,0.94,0.946666667,0.946666667,0.966666667,0.966666667,0.98,0.946666667,0.98,0.993333333,0.986666667,0.98,0.993333333,1,0.993333333,0.953333333,0.993333333,0.94,0.986666667,0.986666667,0.966666667,0.966666667,1,0.986666667,0.966666667,0.966666667,0.98,1,0.986666667,0.933333333,0.973333333,0.986666667,0.94,0.92,1,0.966666667,0.973333333,0.966666667,0.993333333,0.933333333,0.98,0.98,0.966666667,0.966666667,0.986666667,0.986666667,0.986666667,0.973333333,0.966666667,0.966666667,0.973333333,0.993333333,0.966666667,0.973333333,0.993333333,0.946666667,0.986666667,0.966666667,0.986666667,0.986666667,0.96,0.953333333,1,0.986666667,0.973333333,0.986666667,0.98,0.993333333,0.993333333,0.966666667,0.96,0.94,0.973333333,0.933333333,0.986666667,0.966666667,0.953333333,0.973333333,0.96,0.986666667,1,0.986666667,0.92,0.973333333,0.973333333,0.98,1,0.98,0.98,1,0.986666667,0.966666667,0.993333333,0.94,0.986666667,0.986666667
Ham,0.571428571,0.733333333,0.723809524,0.780952381,0.752380952,0.819047619,0.723809524,0.752380952,0.761904762,0.733333333,0.79047619,0.761904762,0.771428571,0.857142857,0.752380952,0.828571429,0.733333333,0.819047619,0.79047619,0.742857143,0.79047619,0.761904762,0.79047619,0.714285714,0.733333333,0.752380952,0.704761905,0.8,0.828571429,0.742857143,0.752380952,0.780952381,0.695238095,0.771428571,0.79047619,0.79047619,0.704761905,0.742857143,0.761904762,0.752380952,0.79047619,0.761904762,0.761904762,0.733333333,0.761904762,0.733333333,0.780952381,0.780952381,0.752380952,0.8,0.79047619,0.780952381,0.828571429,0.819047619,0.780952381,0.79047619,0.780952381,0.714285714,0.761904762,0.733333333,0.8,0.771428571,0.79047619,0.8,0.79047619,0.8,0.704761905,0.752380952,0.771428571,0.79047619,0.761904762,0.819047619,0.752380952,0.752380952,0.733333333,0.761904762,0.780952381,0.761904762,0.714285714,0.752380952,0.8,0.838095238,0.714285714,0.761904762,0.752380952,0.704761905,0.752380952,0.761904762,0.752380952,0.733333333,0.780952381,0.714285714,0.752380952,0.695238095,0.771428571,0.752380952,0.80952381,0.8,0.733333333,0.8
HandOutlines,0.889189189,0.872972973,0.891891892,0.897297297,0.881081081,0.891891892,0.875675676,0.910810811,0.872972973,0.878378378,0.854054054,0.883783784,0.883783784,0.881081081,0.862162162,0.867567568,0.886486486,0.862162162,0.875675676,0.87027027,0.9,0.891891892,0.875675676,0.864864865,0.886486486,0.862162162,0.87027027,0.824324324,0.889189189,0.889189189,0.875675676,0.864864865,0.862162162,0.835135135,0.894594595,0.886486486,0.862162162,0.897297297,0.862162162,0.867567568,0.881081081,0.881081081,0.875675676,0.881081081,0.897297297,0.889189189,0.886486486,0.875675676,0.897297297,0.886486486,0.905405405,0.891891892,0.875675676,0.9,0.902702703,0.864864865,0.878378378,0.854054054,0.905405405,0.910810811,0.891891892,0.891891892,0.886486486,0.886486486,0.872972973,0.875675676,0.856756757,0.886486486,0.894594595,0.886486486,0.886486486,0.9,0.862162162,0.897297297,0.902702703,0.872972973,0.875675676,0.883783784,0.864864865,0.867567568,0.891891892,0.9,0.878378378,0.854054054,0.864864865,0.867567568,0.881081081,0.886486486,0.881081081,0.881081081,0.913513514,0.864864865,0.889189189,0.837837838,0.908108108,0.87027027,0.878378378,0.872972973,0.883783784,0.864864865
Haptics,0.392857143,0.464285714,0.467532468,0.418831169,0.454545455,0.435064935,0.487012987,0.435064935,0.444805195,0.425324675,0.451298701,0.451298701,0.480519481,0.480519481,0.399350649,0.454545455,0.451298701,0.461038961,0.467532468,0.461038961,0.435064935,0.448051948,0.441558442,0.435064935,0.477272727,0.451298701,0.464285714,0.464285714,0.457792208,0.454545455,0.483766234,0.474025974,0.448051948,0.461038961,0.467532468,0.415584416,0.448051948,0.422077922,0.467532468,0.464285714,0.451298701,0.487012987,0.409090909,0.457792208,0.405844156,0.457792208,0.467532468,0.493506494,0.464285714,0.438311688,0.441558442,0.480519481,0.448051948,0.480519481,0.444805195,0.425324675,0.428571429,0.454545455,0.441558442,0.399350649,0.441558442,0.428571429,0.454545455,0.438311688,0.441558442,0.464285714,0.444805195,0.415584416,0.448051948,0.422077922,0.441558442,0.496753247,0.503246753,0.448051948,0.467532468,0.448051948,0.444805195,0.493506494,0.448051948,0.415584416,0.438311688,0.454545455,0.425324675,0.461038961,0.503246753,0.444805195,0.464285714,0.512987013,0.457792208,0.418831169,0.386363636,0.425324675,0.444805195,0.470779221,0.470779221,0.405844156,0.448051948,0.464285714,0.457792208,0.457792208
Herring,0.578125,0.5625,0.53125,0.640625,0.640625,0.46875,0.625,0.546875,0.53125,0.578125,0.59375,0.59375,0.75,0.578125,0.546875,0.546875,0.5,0.5625,0.5,0.5625,0.53125,0.625,0.546875,0.59375,0.578125,0.515625,0.578125,0.5625,0.515625,0.546875,0.609375,0.4375,0.515625,0.328125,0.515625,0.453125,0.5625,0.515625,0.515625,0.46875,0.53125,0.625,0.625,0.625,0.578125,0.484375,0.5625,0.546875,0.46875,0.640625,0.609375,0.578125,0.578125,0.53125,0.5625,0.5625,0.5625,0.609375,0.734375,0.53125,0.53125,0.5625,0.578125,0.5625,0.578125,0.515625,0.640625,0.46875,0.640625,0.609375,0.5,0.546875,0.609375,0.640625,0.609375,0.53125,0.59375,0.765625,0.578125,0.578125,0.6875,0.53125,0.65625,0.609375,0.578125,0.578125,0.609375,0.484375,0.5,0.671875,0.578125,0.5625,0.609375,0.5,0.578125,0.5625,0.515625,0.578125,0.625,0.46875
InlineSkate,0.46,0.405454545,0.521818182,0.490909091,0.472727273,0.474545455,0.476363636,0.449090909,0.514545455,0.48,0.454545455,0.481818182,0.514545455,0.478181818,0.447272727,0.469090909,0.485454545,0.503636364,0.467272727,0.476363636,0.461818182,0.496363636,0.450909091,0.478181818,0.470909091,0.489090909,0.496363636,0.469090909,0.5,0.490909091,0.421818182,0.450909091,0.463636364,0.489090909,0.478181818,0.494545455,0.505454545,0.443636364,0.474545455,0.510909091,0.405454545,0.487272727,0.492727273,0.489090909,0.46,0.421818182,0.46,0.489090909,0.521818182,0.441818182,0.469090909,0.470909091,0.445454545,0.447272727,0.501818182,0.48,0.5,0.48,0.465454545,0.494545455,0.485454545,0.450909091,0.450909091,0.472727273,0.434545455,0.472727273,0.510909091,0.48,0.512727273,0.503636364,0.489090909,0.494545455,0.490909091,0.476363636,0.490909091,0.430909091,0.503636364,0.489090909,0.5,0.469090909,0.423636364,0.525454545,0.465454545,0.5,0.450909091,0.496363636,0.470909091,0.529090909,0.5,0.478181818,0.467272727,0.469090909,0.485454545,0.472727273,0.507272727,0.432727273,0.452727273,0.525454545,0.443636364,0.452727273
InsectWingbeatSound,0.594949495,0.570707071,0.566161616,0.559090909,0.585858586,0.604545455,0.551515152,0.589393939,0.578282828,0.565151515,0.584848485,0.581818182,0.604545455,0.583838384,0.56969697,0.553535354,0.57979798,0.602020202,0.582828283,0.552525253,0.560606061,0.568181818,0.574242424,0.591414141,0.595454545,0.564646465,0.586363636,0.575757576,0.595454545,0.601010101,0.550505051,0.577777778,0.576767677,0.604545455,0.560606061,0.58989899,0.578282828,0.603535354,0.593939394,0.599494949,0.58030303,0.585353535,0.594444444,0.562626263,0.571212121,0.577777778,0.593434343,0.586868687,0.572727273,0.556060606,0.576767677,0.602525253,0.597979798,0.590909091,0.582828283,0.580808081,0.587878788,0.562121212,0.563131313,0.534848485,0.56010101,0.627272727,0.583333333,0.594949495,0.580808081,0.588888889,0.601010101,0.573737374,0.586363636,0.584343434,0.568181818,0.578282828,0.592424242,0.604545455,0.603535354,0.562626263,0.543434343,0.586363636,0.585858586,0.597979798,0.592424242,0.602020202,0.611616162,0.596464646,0.586868687,0.615151515,0.583838384,0.594949495,0.564646465,0.546464646,0.557070707,0.584848485,0.567676768,0.585858586,0.584343434,0.592929293,0.554040404,0.596464646,0.567171717,0.538888889
ItalyPowerDemand,0.962099125,0.918367347,0.957240039,0.962099125,0.957240039,0.955296404,0.957240039,0.963070943,0.929057337,0.965014577,0.944606414,0.945578231,0.959183673,0.958211856,0.939747328,0.955296404,0.923226433,0.9494655,0.962099125,0.952380952,0.956268222,0.93877551,0.931972789,0.960155491,0.959183673,0.96404276,0.961127308,0.927113703,0.946550049,0.96404276,0.943634597,0.957240039,0.93877551,0.932944606,0.937803693,0.96404276,0.96404276,0.951409135,0.966958212,0.947521866,0.941690962,0.961127308,0.934888241,0.957240039,0.948493683,0.950437318,0.962099125,0.942662779,0.946550049,0.952380952,0.940719145,0.968901846,0.971817298,0.956268222,0.957240039,0.961127308,0.966958212,0.946550049,0.945578231,0.939747328,0.944606414,0.955296404,0.962099125,0.956268222,0.951409135,0.948493683,0.951409135,0.968901846,0.961127308,0.95335277,0.948493683,0.941690962,0.932944606,0.944606414,0.945578231,0.944606414,0.958211856,0.965986395,0.92808552,0.947521866,0.958211856,0.95335277,0.947521866,0.9494655,0.957240039,0.959183673,0.945578231,0.937803693,0.947521866,0.952380952,0.967930029,0.932944606,0.963070943,0.912536443,0.951409135,0.959183673,0.966958212,0.937803693,0.943634597,0.945578231
LargeKitchenAppliances,0.810666667,0.845333333,0.826666667,0.810666667,0.816,0.786666667,0.816,0.821333333,0.813333333,0.818666667,0.816,0.805333333,0.808,0.824,0.842666667,0.813333333,0.805333333,0.824,0.816,0.813333333,0.818666667,0.818666667,0.824,0.813333333,0.792,0.816,0.826666667,0.808,0.797333333,0.813333333,0.845333333,0.834666667,0.789333333,0.826666667,0.8,0.818666667,0.808,0.794666667,0.808,0.816,0.810666667,0.808,0.816,0.816,0.805333333,0.824,0.858666667,0.781333333,0.842666667,0.816,0.813333333,0.850666667,0.813333333,0.813333333,0.802666667,0.821333333,0.824,0.837333333,0.805333333,0.818666667,0.84,0.813333333,0.826666667,0.834666667,0.786666667,0.829333333,0.834666667,0.826666667,0.797333333,0.856,0.834666667,0.834666667,0.805333333,0.810666667,0.850666667,0.8,0.818666667,0.805333333,0.826666667,0.810666667,0.808,0.808,0.778666667,0.773333333,0.797333333,0.824,0.8,0.802666667,0.813333333,0.826666667,0.792,0.816,0.8,0.810666667,0.829333333,0.816,0.824,0.794666667,0.821333333,0.816
Lightning2,0.885245902,0.852459016,0.803278689,0.852459016,0.819672131,0.836065574,0.852459016,0.737704918,0.770491803,0.885245902,0.868852459,0.803278689,0.852459016,0.803278689,0.836065574,0.786885246,0.836065574,0.786885246,0.770491803,0.852459016,0.803278689,0.819672131,0.885245902,0.868852459,0.885245902,0.918032787,0.819672131,0.803278689,0.786885246,0.786885246,0.803278689,0.836065574,0.836065574,0.770491803,0.901639344,0.836065574,0.852459016,0.786885246,0.868852459,0.868852459,0.770491803,0.639344262,0.868852459,0.819672131,0.819672131,0.852459016,0.803278689,0.819672131,0.918032787,0.918032787,0.885245902,0.885245902,0.852459016,0.836065574,0.786885246,0.803278689,0.852459016,0.803278689,0.852459016,0.885245902,0.918032787,0.901639344,0.770491803,0.819672131,0.803278689,0.885245902,0.803278689,0.836065574,0.819672131,0.737704918,0.836065574,0.885245902,0.836065574,0.918032787,0.819672131,0.852459016,0.803278689,0.868852459,0.836065574,0.819672131,0.819672131,0.852459016,0.885245902,0.868852459,0.885245902,0.901639344,0.836065574,0.770491803,0.819672131,0.852459016,0.852459016,0.852459016,0.868852459,0.786885246,0.819672131,0.885245902,0.770491803,0.852459016,0.819672131,0.852459016
Lightning7,0.767123288,0.767123288,0.671232877,0.753424658,0.794520548,0.780821918,0.712328767,0.767123288,0.712328767,0.780821918,0.767123288,0.767123288,0.739726027,0.767123288,0.739726027,0.767123288,0.753424658,0.808219178,0.780821918,0.767123288,0.712328767,0.726027397,0.876712329,0.767123288,0.821917808,0.780821918,0.739726027,0.753424658,0.780821918,0.780821918,0.698630137,0.808219178,0.712328767,0.698630137,0.698630137,0.726027397,0.780821918,0.780821918,0.808219178,0.780821918,0.794520548,0.808219178,0.808219178,0.835616438,0.630136986,0.849315068,0.835616438,0.767123288,0.739726027,0.780821918,0.794520548,0.780821918,0.780821918,0.712328767,0.780821918,0.684931507,0.794520548,0.821917808,0.767123288,0.643835616,0.876712329,0.753424658,0.780821918,0.726027397,0.849315068,0.794520548,0.712328767,0.794520548,0.780821918,0.726027397,0.684931507,0.767123288,0.794520548,0.821917808,0.767123288,0.739726027,0.726027397,0.698630137,0.794520548,0.739726027,0.739726027,0.753424658,0.780821918,0.808219178,0.808219178,0.753424658,0.712328767,0.767123288,0.726027397,0.753424658,0.712328767,0.671232877,0.780821918,0.780821918,0.835616438,0.739726027,0.753424658,0.849315068,0.767123288,0.712328767
Mallat,0.939872068,0.940298507,0.962473348,0.965031983,0.979957356,0.956076759,0.957356077,0.976972281,0.967590618,0.95010661,0.970575693,0.956503198,0.962046908,0.967164179,0.962899787,0.962473348,0.951812367,0.960341151,0.956076759,0.973987207,0.96673774,0.966311301,0.966311301,0.964605544,0.951385928,0.968443497,0.960767591,0.95565032,0.979104478,0.965458422,0.962473348,0.949253731,0.965031983,0.957782516,0.945842217,0.967164179,0.963326226,0.970149254,0.965884861,0.961620469,0.95010661,0.952238806,0.939445629,0.960341151,0.965884861,0.96673774,0.979104478,0.956929638,0.959488273,0.953091684,0.962046908,0.945842217,0.952665245,0.953091684,0.963752665,0.945415778,0.963752665,0.968869936,0.968869936,0.964179104,0.941577825,0.957782516,0.97228145,0.949680171,0.965458422,0.973134328,0.963326226,0.954371002,0.963326226,0.956503198,0.956503198,0.969722814,0.960341151,0.970575693,0.953518124,0.977398721,0.947121535,0.952665245,0.96673774,0.976545842,0.975692964,0.973134328,0.970575693,0.951812367,0.96119403,0.953518124,0.976972281,0.959061834,0.962899787,0.952665245,0.968869936,0.969296375,0.966311301,0.96119403,0.93901919,0.950533049,0.940298507,0.953091684,0.940724947,0.968869936
Meat,0.933333333,0.966666667,0.983333333,0.966666667,0.983333333,1,1,0.983333333,0.983333333,0.983333333,1,0.983333333,1,0.933333333,1,0.983333333,0.966666667,1,1,0.983333333,0.966666667,0.983333333,1,0.966666667,1,0.966666667,0.966666667,0.983333333,0.95,1,0.966666667,1,0.966666667,1,0.966666667,1,1,1,1,0.966666667,0.966666667,1,0.983333333,1,1,0.966666667,0.983333333,1,0.983333333,0.95,1,0.966666667,0.983333333,0.966666667,1,0.966666667,1,1,1,0.95,1,0.933333333,0.966666667,1,1,1,0.95,0.95,0.95,0.983333333,0.966666667,0.966666667,0.966666667,0.9,0.933333333,0.966666667,1,1,1,0.966666667,0.933333333,1,1,1,0.983333333,1,0.933333333,1,0.983333333,1,1,0.983333333,1,0.966666667,1,0.966666667,0.983333333,0.933333333,0.95,0.883333333
MedicalImages,0.742105263,0.75,0.782894737,0.759210526,0.751315789,0.763157895,0.764473684,0.751315789,0.763157895,0.771052632,0.764473684,0.775,0.734210526,0.740789474,0.773684211,0.748684211,0.718421053,0.760526316,0.751315789,0.764473684,0.759210526,0.769736842,0.753947368,0.763157895,0.75,0.775,0.775,0.765789474,0.747368421,0.775,0.759210526,0.742105263,0.768421053,0.768421053,0.776315789,0.752631579,0.743421053,0.784210526,0.776315789,0.761842105,0.773684211,0.752631579,0.761842105,0.764473684,0.765789474,0.760526316,0.765789474,0.768421053,0.746052632,0.778947368,0.773684211,0.746052632,0.752631579,0.747368421,0.748684211,0.788157895,0.782894737,0.769736842,0.777631579,0.785526316,0.764473684,0.757894737,0.764473684,0.75,0.726315789,0.760526316,0.780263158,0.765789474,0.761842105,0.763157895,0.776315789,0.742105263,0.739473684,0.759210526,0.727631579,0.761842105,0.772368421,0.767105263,0.759210526,0.742105263,0.727631579,0.790789474,0.75,0.767105263,0.757894737,0.748684211,0.782894737,0.767105263,0.767105263,0.759210526,0.757894737,0.790789474,0.776315789,0.764473684,0.765789474,0.734210526,0.739473684,0.728947368,0.769736842,0.755263158
MiddlePhalanxOutlineCorrect,0.558441558,0.564935065,0.623376623,0.584415584,0.62987013,0.603896104,0.62987013,0.61038961,0.616883117,0.532467532,0.597402597,0.62987013,0.668831169,0.577922078,0.577922078,0.603896104,0.623376623,0.616883117,0.584415584,0.590909091,0.597402597,0.564935065,0.590909091,0.571428571,0.62987013,0.603896104,0.558441558,0.616883117,0.623376623,0.603896104,0.675324675,0.655844156,0.649350649,0.616883117,0.558441558,0.584415584,0.525974026,0.571428571,0.616883117,0.61038961,0.616883117,0.623376623,0.61038961,0.616883117,0.61038961,0.603896104,0.590909091,0.590909091,0.675324675,0.545454545,0.597402597,0.597402597,0.642857143,0.61038961,0.655844156,0.597402597,0.603896104,0.577922078,0.577922078,0.636363636,0.597402597,0.655844156,0.642857143,0.564935065,0.616883117,0.62987013,0.623376623,0.636363636,0.564935065,0.662337662,0.662337662,0.61038961,0.623376623,0.61038961,0.577922078,0.61038961,0.558441558,0.597402597,0.558441558,0.623376623,0.616883117,0.616883117,0.532467532,0.62987013,0.642857143,0.61038961,0.616883117,0.649350649,0.577922078,0.590909091,0.642857143,0.681818182,0.62987013,0.675324675,0.571428571,0.616883117,0.61038961,0.675324675,0.584415584,0.649350649
MiddlePhalanxOutlineAgeGroup,0.783505155,0.780068729,0.797250859,0.790378007,0.786941581,0.762886598,0.790378007,0.762886598,0.810996564,0.745704467,0.756013746,0.773195876,0.838487973,0.804123711,0.766323024,0.776632302,0.804123711,0.810996564,0.75257732,0.783505155,0.797250859,0.817869416,0.745704467,0.756013746,0.780068729,0.800687285,0.790378007,0.797250859,0.786941581,0.790378007,0.780068729,0.738831615,0.745704467,0.807560137,0.776632302,0.804123711,0.793814433,0.776632302,0.773195876,0.76975945,0.776632302,0.783505155,0.804123711,0.780068729,0.804123711,0.793814433,0.766323024,0.793814433,0.824742268,0.76975945,0.75257732,0.742268041,0.793814433,0.790378007,0.749140893,0.766323024,0.762886598,0.759450172,0.786941581,0.75257732,0.793814433,0.804123711,0.786941581,0.786941581,0.76975945,0.76975945,0.800687285,0.776632302,0.766323024,0.759450172,0.780068729,0.76975945,0.759450172,0.793814433,0.773195876,0.773195876,0.790378007,0.75257732,0.804123711,0.793814433,0.776632302,0.738831615,0.762886598,0.783505155,0.783505155,0.797250859,0.807560137,0.749140893,0.81443299,0.810996564,0.804123711,0.762886598,0.783505155,0.800687285,0.821305842,0.797250859,0.759450172,0.797250859,0.780068729,0.783505155
MiddlePhalanxTW,0.512987013,0.519480519,0.493506494,0.577922078,0.487012987,0.551948052,0.480519481,0.493506494,0.512987013,0.525974026,0.519480519,0.558441558,0.512987013,0.564935065,0.525974026,0.525974026,0.545454545,0.545454545,0.5,0.597402597,0.545454545,0.512987013,0.5,0.5,0.487012987,0.590909091,0.512987013,0.519480519,0.538961039,0.564935065,0.577922078,0.551948052,0.525974026,0.480519481,0.551948052,0.506493506,0.545454545,0.461038961,0.558441558,0.493506494,0.487012987,0.532467532,0.525974026,0.5,0.571428571,0.487012987,0.5,0.532467532,0.532467532,0.558441558,0.545454545,0.538961039,0.525974026,0.512987013,0.506493506,0.480519481,0.538961039,0.558441558,0.512987013,0.519480519,0.538961039,0.525974026,0.577922078,0.487012987,0.532467532,0.512987013,0.545454545,0.480519481,0.558441558,0.493506494,0.564935065,0.525974026,0.538961039,0.558441558,0.506493506,0.512987013,0.448051948,0.538961039,0.558441558,0.487012987,0.532467532,0.493506494,0.512987013,0.519480519,0.506493506,0.558441558,0.506493506,0.506493506,0.506493506,0.558441558,0.532467532,0.512987013,0.538961039,0.519480519,0.5,0.512987013,0.538961039,0.564935065,0.545454545,0.5
MoteStrain,0.882587859,0.865015974,0.884185304,0.874600639,0.884984026,0.825079872,0.884185304,0.882587859,0.880990415,0.862619808,0.895367412,0.888977636,0.841054313,0.880990415,0.897763578,0.869808307,0.833067093,0.869808307,0.867412141,0.8985623,0.877795527,0.844249201,0.895367412,0.891373802,0.884185304,0.843450479,0.900159744,0.905750799,0.82827476,0.817891374,0.902555911,0.849840256,0.891373802,0.895367412,0.849840256,0.869009585,0.881789137,0.789936102,0.870607029,0.873801917,0.909744409,0.8985623,0.853035144,0.877795527,0.880191693,0.892971246,0.892971246,0.880990415,0.887380192,0.821884984,0.902555911,0.888178914,0.909744409,0.849041534,0.89057508,0.869009585,0.885782748,0.88658147,0.856230032,0.862619808,0.900958466,0.880990415,0.88658147,0.877795527,0.850638978,0.892172524,0.870607029,0.842651757,0.888178914,0.8985623,0.88658147,0.882587859,0.860223642,0.876198083,0.85543131,0.880990415,0.880990415,0.77715655,0.85543131,0.877795527,0.854632588,0.896166134,0.918530351,0.896166134,0.854632588,0.838658147,0.875399361,0.873003195,0.897763578,0.866613419,0.849041534,0.892971246,0.874600639,0.8985623,0.880191693,0.893769968,0.909744409,0.873003195,0.92172524,0.891373802
NonInvasiveFetalECGThorax1,0.845801527,0.851399491,0.863104326,0.851908397,0.847328244,0.846819338,0.855979644,0.844783715,0.849363868,0.837659033,0.859033079,0.847328244,0.863613232,0.840203562,0.842239186,0.854961832,0.854452926,0.846819338,0.845292621,0.842239186,0.847328244,0.843256997,0.856997455,0.851908397,0.840712468,0.85394402,0.857506361,0.849872774,0.849872774,0.843256997,0.86259542,0.847328244,0.854961832,0.85394402,0.834605598,0.848854962,0.83562341,0.849363868,0.844783715,0.851908397,0.855470738,0.846310433,0.828498728,0.85648855,0.853435115,0.839185751,0.849872774,0.851908397,0.855979644,0.861068702,0.854452926,0.840712468,0.849872774,0.848346056,0.848854962,0.846819338,0.838676845,0.848854962,0.848854962,0.844783715,0.852417303,0.850890585,0.858015267,0.845801527,0.843256997,0.849363868,0.82697201,0.846310433,0.862086514,0.84173028,0.845801527,0.839185751,0.845801527,0.859033079,0.852417303,0.847328244,0.858015267,0.853435115,0.836641221,0.855979644,0.845292621,0.861577608,0.836641221,0.838167939,0.843765903,0.84173028,0.846310433,0.844274809,0.85648855,0.860050891,0.853435115,0.846310433,0.843256997,0.852926209,0.852417303,0.856997455,0.840712468,0.842239186,0.846819338,0.849363868
NonInvasiveFetalECGThorax2,0.913486005,0.917048346,0.917048346,0.916030534,0.902290076,0.913994911,0.926717557,0.914503817,0.912977099,0.905343511,0.905343511,0.914503817,0.911959288,0.911959288,0.917557252,0.917557252,0.92264631,0.913994911,0.911959288,0.91043257,0.911450382,0.912977099,0.917048346,0.912468193,0.912468193,0.917557252,0.919083969,0.923155216,0.922137405,0.91653944,0.912977099,0.9043257,0.91043257,0.912977099,0.908396947,0.913994911,0.904834606,0.915012723,0.915521628,0.911959288,0.918066158,0.909414758,0.908905852,0.92264631,0.911450382,0.920610687,0.911450382,0.917048346,0.902290076,0.915521628,0.919592875,0.906870229,0.918066158,0.92264631,0.909923664,0.911450382,0.912977099,0.913994911,0.920610687,0.917048346,0.913994911,0.912977099,0.920101781,0.9043257,0.91653944,0.90178117,0.90178117,0.926208651,0.920610687,0.911959288,0.909923664,0.914503817,0.917557252,0.917048346,0.912468193,0.912468193,0.91043257,0.917048346,0.906361323,0.91043257,0.917048346,0.923664122,0.902798982,0.905343511,0.920610687,0.909923664,0.911959288,0.909923664,0.917048346,0.913994911,0.920610687,0.917048346,0.913994911,0.905852417,0.917048346,0.915012723,0.917557252,0.904834606,0.916030534,0.926208651
OliveOil,0.866666667,0.866666667,0.833333333,0.9,0.866666667,0.866666667,0.9,0.933333333,0.866666667,0.8,0.833333333,0.9,0.933333333,0.9,0.9,0.866666667,0.933333333,0.866666667,0.9,0.9,0.933333333,0.866666667,0.833333333,0.9,0.966666667,0.9,0.866666667,0.833333333,0.866666667,0.933333333,0.9,0.833333333,0.933333333,0.933333333,0.966666667,0.9,0.9,0.9,0.9,0.866666667,0.933333333,0.9,0.833333333,0.833333333,0.866666667,0.833333333,0.866666667,0.833333333,0.9,0.9,0.866666667,0.833333333,0.9,0.866666667,0.9,0.933333333,0.866666667,0.866666667,0.9,0.733333333,0.9,0.833333333,0.9,0.866666667,0.866666667,0.966666667,0.833333333,0.866666667,0.866666667,0.833333333,0.833333333,0.833333333,0.9,0.933333333,0.866666667,0.833333333,0.833333333,0.9,0.833333333,0.866666667,0.866666667,0.833333333,0.9,0.933333333,0.8,0.9,0.766666667,0.9,0.933333333,0.9,0.833333333,0.933333333,0.9,0.833333333,0.866666667,0.9,0.866666667,0.966666667,0.866666667,0.9
OSULeaf,0.805785124,0.871900826,0.809917355,0.818181818,0.842975207,0.805785124,0.809917355,0.851239669,0.768595041,0.805785124,0.826446281,0.814049587,0.772727273,0.809917355,0.797520661,0.847107438,0.826446281,0.797520661,0.797520661,0.814049587,0.842975207,0.818181818,0.785123967,0.814049587,0.842975207,0.768595041,0.82231405,0.814049587,0.79338843,0.79338843,0.826446281,0.801652893,0.768595041,0.814049587,0.747933884,0.847107438,0.814049587,0.847107438,0.826446281,0.826446281,0.801652893,0.814049587,0.838842975,0.760330579,0.830578512,0.834710744,0.834710744,0.830578512,0.830578512,0.826446281,0.797520661,0.809917355,0.780991736,0.776859504,0.756198347,0.814049587,0.82231405,0.789256198,0.830578512,0.797520661,0.842975207,0.772727273,0.809917355,0.814049587,0.863636364,0.82231405,0.79338843,0.801652893,0.760330579,0.805785124,0.814049587,0.851239669,0.834710744,0.780991736,0.838842975,0.818181818,0.838842975,0.801652893,0.814049587,0.789256198,0.805785124,0.801652893,0.82231405,0.855371901,0.834710744,0.834710744,0.743801653,0.842975207,0.797520661,0.797520661,0.809917355,0.780991736,0.82231405,0.82231405,0.76446281,0.797520661,0.814049587,0.818181818,0.809917355,0.826446281
PhalangesOutlinesCorrect,0.772727273,0.771561772,0.791375291,0.77972028,0.785547786,0.778554779,0.769230769,0.786713287,0.765734266,0.780885781,0.768065268,0.780885781,0.797202797,0.782051282,0.776223776,0.77972028,0.776223776,0.783216783,0.784382284,0.764568765,0.764568765,0.780885781,0.766899767,0.793706294,0.776223776,0.778554779,0.783216783,0.791375291,0.792540793,0.780885781,0.787878788,0.79020979,0.786713287,0.765734266,0.765734266,0.768065268,0.778554779,0.785547786,0.7995338,0.780885781,0.785547786,0.785547786,0.784382284,0.776223776,0.789044289,0.797202797,0.784382284,0.77039627,0.791375291,0.771561772,0.784382284,0.762237762,0.775058275,0.771561772,0.77972028,0.806526807,0.77972028,0.79020979,0.77972028,0.780885781,0.764568765,0.803030303,0.769230769,0.754079254,0.775058275,0.778554779,0.766899767,0.786713287,0.803030303,0.768065268,0.777389277,0.793706294,0.784382284,0.77972028,0.775058275,0.786713287,0.784382284,0.7995338,0.803030303,0.793706294,0.775058275,0.771561772,0.766899767,0.789044289,0.780885781,0.775058275,0.768065268,0.780885781,0.789044289,0.773892774,0.769230769,0.77039627,0.776223776,0.787878788,0.787878788,0.768065268,0.784382284,0.793706294,0.776223776,0.77972028
Phoneme,0.304852321,0.310126582,0.292194093,0.270042194,0.306434599,0.307489451,0.30907173,0.308016878,0.295886076,0.311708861,0.2842827,0.316983122,0.313291139,0.304324895,0.297468354,0.287974684,0.304852321,0.312236287,0.305907173,0.296413502,0.306434599,0.312763713,0.303797468,0.285864979,0.312236287,0.300105485,0.326476793,0.308016878,0.30907173,0.311708861,0.289029536,0.303797468,0.306962025,0.297468354,0.285864979,0.281118143,0.318037975,0.292721519,0.283755274,0.310654008,0.291666667,0.296413502,0.301160338,0.304852321,0.2842827,0.300105485,0.30907173,0.285864979,0.316455696,0.332278481,0.286919831,0.271097046,0.289556962,0.308544304,0.292194093,0.283755274,0.272679325,0.310126582,0.283227848,0.311181435,0.283227848,0.315400844,0.324894515,0.314873418,0.279008439,0.257911392,0.2842827,0.301160338,0.2842827,0.28164557,0.296940928,0.283755274,0.284810127,0.302742616,0.262130802,0.305907173,0.301687764,0.318565401,0.302742616,0.299050633,0.286919831,0.296940928,0.282700422,0.262130802,0.296413502,0.320675105,0.312236287,0.306962025,0.303797468,0.282700422,0.322257384,0.312236287,0.275843882,0.310126582,0.301687764,0.297995781,0.283227848,0.306962025,0.34335443,0.309599156
Plane,1,1,1,1,1,1,1,1,1,1,1,1,1,1,1,1,1,1,1,1,1,1,1,1,1,1,1,1,1,1,1,1,1,1,1,1,1,1,1,1,1,1,1,1,1,1,1,1,1,1,1,1,1,1,1,1,1,1,1,1,1,1,1,1,1,1,1,1,1,1,1,1,1,1,1,1,1,1,1,1,1,1,1,1,1,1,1,1,1,1,1,1,1,1,1,1,1,1,1,1
ProximalPhalanxOutlineCorrect,0.804878049,0.780487805,0.790243902,0.814634146,0.780487805,0.814634146,0.824390244,0.765853659,0.780487805,0.814634146,0.853658537,0.814634146,0.824390244,0.804878049,0.795121951,0.814634146,0.790243902,0.756097561,0.775609756,0.834146341,0.809756098,0.790243902,0.790243902,0.804878049,0.834146341,0.83902439,0.746341463,0.795121951,0.785365854,0.8,0.814634146,0.8,0.819512195,0.8,0.770731707,0.8,0.863414634,0.804878049,0.8,0.843902439,0.795121951,0.809756098,0.795121951,0.809756098,0.829268293,0.8,0.814634146,0.790243902,0.790243902,0.843902439,0.765853659,0.83902439,0.780487805,0.848780488,0.814634146,0.795121951,0.804878049,0.819512195,0.814634146,0.775609756,0.819512195,0.795121951,0.804878049,0.804878049,0.790243902,0.8,0.8,0.785365854,0.814634146,0.765853659,0.853658537,0.8,0.790243902,0.785365854,0.790243902,0.8,0.785365854,0.819512195,0.824390244,0.756097561,0.8,0.780487805,0.8,0.8,0.809756098,0.834146341,0.848780488,0.824390244,0.814634146,0.848780488,0.819512195,0.814634146,0.834146341,0.834146341,0.814634146,0.795121951,0.785365854,0.829268293,0.785365854,0.785365854
ProximalPhalanxOutlineAgeGroup,0.807560137,0.807560137,0.859106529,0.828178694,0.838487973,0.838487973,0.790378007,0.824742268,0.852233677,0.852233677,0.855670103,0.865979381,0.841924399,0.848797251,0.828178694,0.862542955,0.838487973,0.859106529,0.835051546,0.841924399,0.845360825,0.848797251,0.81443299,0.824742268,0.81443299,0.828178694,0.83161512,0.83161512,0.800687285,0.841924399,0.845360825,0.838487973,0.841924399,0.807560137,0.828178694,0.862542955,0.790378007,0.817869416,0.838487973,0.838487973,0.800687285,0.83161512,0.835051546,0.824742268,0.810996564,0.852233677,0.862542955,0.865979381,0.838487973,0.83161512,0.848797251,0.845360825,0.852233677,0.828178694,0.817869416,0.83161512,0.824742268,0.848797251,0.841924399,0.841924399,0.841924399,0.835051546,0.855670103,0.835051546,0.838487973,0.855670103,0.845360825,0.87628866,0.824742268,0.838487973,0.841924399,0.862542955,0.835051546,0.852233677,0.838487973,0.855670103,0.83161512,0.810996564,0.83161512,0.852233677,0.841924399,0.855670103,0.83161512,0.855670103,0.821305842,0.828178694,0.862542955,0.859106529,0.862542955,0.838487973,0.838487973,0.838487973,0.83161512,0.841924399,0.841924399,0.865979381,0.862542955,0.804123711,0.865979381,0.883161512
ProximalPhalanxTW,0.765853659,0.751219512,0.751219512,0.770731707,0.765853659,0.756097561,0.756097561,0.770731707,0.741463415,0.765853659,0.775609756,0.736585366,0.809756098,0.770731707,0.785365854,0.775609756,0.751219512,0.785365854,0.756097561,0.746341463,0.770731707,0.751219512,0.751219512,0.726829268,0.751219512,0.756097561,0.780487805,0.765853659,0.765853659,0.712195122,0.765853659,0.756097561,0.751219512,0.746341463,0.775609756,0.770731707,0.775609756,0.741463415,0.746341463,0.765853659,0.76097561,0.785365854,0.770731707,0.76097561,0.756097561,0.726829268,0.770731707,0.780487805,0.795121951,0.775609756,0.731707317,0.775609756,0.712195122,0.756097561,0.751219512,0.72195122,0.795121951,0.770731707,0.756097561,0.731707317,0.746341463,0.756097561,0.770731707,0.726829268,0.790243902,0.765853659,0.780487805,0.736585366,0.717073171,0.741463415,0.775609756,0.731707317,0.726829268,0.746341463,0.770731707,0.746341463,0.770731707,0.751219512,0.731707317,0.780487805,0.756097561,0.702439024,0.785365854,0.76097561,0.785365854,0.751219512,0.809756098,0.712195122,0.785365854,0.804878049,0.746341463,0.785365854,0.731707317,0.751219512,0.751219512,0.751219512,0.751219512,0.765853659,0.770731707,0.790243902
RefrigerationDevices,0.437333333,0.685333333,0.712,0.696,0.648,0.632,0.712,0.656,0.698666667,0.661333333,0.661333333,0.656,0.648,0.696,0.634666667,0.696,0.688,0.698666667,0.696,0.629333333,0.674666667,0.685333333,0.68,0.666666667,0.712,0.669333333,0.696,0.672,0.690666667,0.733333333,0.685333333,0.685333333,0.685333333,0.693333333,0.674666667,0.656,0.682666667,0.674666667,0.669333333,0.696,0.68,0.653333333,0.682666667,0.661333333,0.688,0.642666667,0.64,0.68,0.698666667,0.642666667,0.674666667,0.714666667,0.666666667,0.642666667,0.677333333,0.722666667,0.666666667,0.701333333,0.672,0.685333333,0.696,0.632,0.709333333,0.658666667,0.72,0.696,0.698666667,0.661333333,0.658666667,0.666666667,0.677333333,0.709333333,0.642666667,0.672,0.706666667,0.653333333,0.682666667,0.714666667,0.701333333,0.672,0.666666667,0.672,0.672,0.618666667,0.650666667,0.658666667,0.632,0.714666667,0.666666667,0.656,0.658666667,0.674666667,0.682666667,0.690666667,0.690666667,0.682666667,0.717333333,0.744,0.664,0.730666667
ScreenType,0.445333333,0.584,0.573333333,0.594666667,0.544,0.544,0.56,0.557333333,0.568,0.602666667,0.546666667,0.552,0.56,0.562666667,0.565333333,0.568,0.562666667,0.562666667,0.581333333,0.525333333,0.549333333,0.552,0.538666667,0.562666667,0.557333333,0.541333333,0.552,0.533333333,0.581333333,0.530666667,0.546666667,0.541333333,0.568,0.552,0.552,0.538666667,0.538666667,0.530666667,0.573333333,0.573333333,0.525333333,0.586666667,0.522666667,0.554666667,0.538666667,0.56,0.557333333,0.506666667,0.581333333,0.56,0.56,0.570666667,0.554666667,0.533333333,0.581333333,0.552,0.549333333,0.56,0.536,0.592,0.576,0.552,0.573333333,0.522666667,0.544,0.6,0.522666667,0.554666667,0.573333333,0.522666667,0.525333333,0.568,0.557333333,0.562666667,0.522666667,0.565333333,0.554666667,0.578666667,0.552,0.509333333,0.533333333,0.528,0.562666667,0.584,0.581333333,0.568,0.501333333,0.536,0.573333333,0.565333333,0.528,0.584,0.581333333,0.549333333,0.546666667,0.565333333,0.538666667,0.530666667,0.576,0.602666667
ShapeletSim,0.816666667,0.855555556,0.777777778,0.872222222,0.794444444,0.766666667,0.855555556,0.855555556,0.883333333,0.788888889,0.794444444,0.822222222,0.888888889,0.883333333,0.872222222,0.811111111,0.811111111,0.822222222,0.838888889,0.705555556,0.827777778,0.894444444,0.766666667,0.877777778,0.855555556,0.883333333,0.877777778,0.883333333,0.75,0.833333333,0.877777778,0.788888889,0.794444444,0.816666667,0.888888889,0.822222222,0.788888889,0.8,0.927777778,0.844444444,0.822222222,0.716666667,0.822222222,0.877777778,0.822222222,0.888888889,0.811111111,0.844444444,0.794444444,0.794444444,0.711111111,0.777777778,0.866666667,0.761111111,0.922222222,0.811111111,0.844444444,0.855555556,0.75,0.838888889,0.8,0.75,0.811111111,0.861111111,0.866666667,0.822222222,0.788888889,0.783333333,0.816666667,0.916666667,0.827777778,0.883333333,0.816666667,0.827777778,0.805555556,0.833333333,0.872222222,0.788888889,0.838888889,0.877777778,0.883333333,0.816666667,0.838888889,0.727777778,0.894444444,0.8,0.788888889,0.8,0.855555556,0.861111111,0.744444444,0.783333333,0.877777778,0.716666667,0.911111111,0.861111111,0.916666667,0.794444444,0.7,0.916666667
ShapesAll,0.866666667,0.885,0.886666667,0.895,0.888333333,0.906666667,0.865,0.878333333,0.885,0.893333333,0.865,0.878333333,0.913333333,0.88,0.895,0.893333333,0.898333333,0.86,0.893333333,0.878333333,0.906666667,0.888333333,0.881666667,0.903333333,0.886666667,0.896666667,0.891666667,0.91,0.878333333,0.898333333,0.896666667,0.873333333,0.88,0.898333333,0.886666667,0.908333333,0.883333333,0.881666667,0.893333333,0.891666667,0.905,0.883333333,0.866666667,0.888333333,0.871666667,0.871666667,0.856666667,0.895,0.866666667,0.891666667,0.865,0.875,0.876666667,0.896666667,0.89,0.866666667,0.891666667,0.865,0.871666667,0.886666667,0.901666667,0.898333333,0.886666667,0.886666667,0.9,0.923333333,0.898333333,0.893333333,0.891666667,0.856666667,0.886666667,0.901666667,0.876666667,0.883333333,0.861666667,0.878333333,0.886666667,0.885,0.881666667,0.89,0.9,0.875,0.896666667,0.873333333,0.88,0.875,0.895,0.858333333,0.886666667,0.895,0.891666667,0.886666667,0.881666667,0.888333333,0.876666667,0.885,0.883333333,0.885,0.881666667,0.908333333
SmallKitchenAppliances,0.696,0.664,0.672,0.693333333,0.728,0.698666667,0.701333333,0.72,0.672,0.709333333,0.693333333,0.709333333,0.717333333,0.693333333,0.656,0.701333333,0.709333333,0.696,0.704,0.709333333,0.704,0.701333333,0.714666667,0.712,0.68,0.661333333,0.696,0.693333333,0.688,0.704,0.706666667,0.730666667,0.696,0.677333333,0.712,0.690666667,0.706666667,0.709333333,0.725333333,0.730666667,0.736,0.682666667,0.725333333,0.669333333,0.704,0.688,0.746666667,0.690666667,0.696,0.704,0.749333333,0.709333333,0.688,0.690666667,0.709333333,0.728,0.704,0.68,0.704,0.68,0.704,0.669333333,0.712,0.696,0.698666667,0.72,0.688,0.701333333,0.704,0.706666667,0.714666667,0.701333333,0.693333333,0.682666667,0.712,0.693333333,0.685333333,0.677333333,0.736,0.701333333,0.722666667,0.728,0.717333333,0.714666667,0.733333333,0.714666667,0.693333333,0.714666667,0.72,0.712,0.701333333,0.712,0.698666667,0.72,0.704,0.728,0.701333333,0.714666667,0.72,0.690666667
SonyAIBORobotSurface1,0.703826955,0.757071547,0.801996672,0.700499168,0.825291181,0.778702163,0.865224626,0.772046589,0.878535774,0.765391015,0.763727121,0.725457571,0.778702163,0.772046589,0.836938436,0.873544093,0.880199667,0.820299501,0.75374376,0.725457571,0.901830283,0.778702163,0.860232945,0.787021631,0.84359401,0.831946755,0.828618968,0.780366057,0.840266223,0.793677205,0.870216306,0.75374376,0.768718802,0.678868552,0.773710483,0.775374376,0.775374376,0.836938436,0.826955075,0.752079867,0.861896839,0.747088186,0.841930116,0.853577371,0.846921797,0.762063228,0.772046589,0.737104825,0.725457571,0.838602329,0.81530782,0.635607321,0.798668885,0.856905158,0.723793677,0.81530782,0.808652246,0.795341098,0.846921797,0.738768719,0.806988353,0.860232945,0.838602329,0.803660566,0.845257903,0.685524126,0.841930116,0.702163062,0.735440932,0.763727121,0.795341098,0.901830283,0.808652246,0.767054908,0.81530782,0.906821963,0.873544093,0.788685524,0.697171381,0.845257903,0.755407654,0.845257903,0.773710483,0.797004992,0.792013311,0.780366057,0.778702163,0.783693844,0.725457571,0.805324459,0.657237937,0.71547421,0.780366057,0.81031614,0.850249584,0.856905158,0.788685524,0.801996672,0.836938436,0.740432612
SonyAIBORobotSurface2,0.878279119,0.833158447,0.891920252,0.883525708,0.903462749,0.920251836,0.85204617,0.883525708,0.902413431,0.912906611,0.847848898,0.885624344,0.868835257,0.881427072,0.89296957,0.913955929,0.870933893,0.915005247,0.814270724,0.877229801,0.842602308,0.866736621,0.859391396,0.850996852,0.889821616,0.880377754,0.886673662,0.886673662,0.883525708,0.907660021,0.879328437,0.855194124,0.804826863,0.884575026,0.88247639,0.848898216,0.886673662,0.896117524,0.907660021,0.80587618,0.861490031,0.865687303,0.85729276,0.913955929,0.898216159,0.881427072,0.824763903,0.891920252,0.844700944,0.886673662,0.837355719,0.859391396,0.898216159,0.790136411,0.834207765,0.861490031,0.905561385,0.870933893,0.840503673,0.841552991,0.779643232,0.797481637,0.88772298,0.879328437,0.860440714,0.881427072,0.878279119,0.862539349,0.89296957,0.806925498,0.862539349,0.896117524,0.853095488,0.859391396,0.855194124,0.858342078,0.853095488,0.864637985,0.904512067,0.885624344,0.896117524,0.865687303,0.900314795,0.866736621,0.897166842,0.864637985,0.837355719,0.878279119,0.85204617,0.901364113,0.895068206,0.906610703,0.874081847,0.854144806,0.822665268,0.900314795,0.85204617,0.840503673,0.898216159,0.88772298
StarLightCurves,0.926056338,0.954832443,0.954468188,0.941719281,0.950218553,0.940262263,0.940140845,0.916342885,0.923142302,0.94511899,0.929698883,0.935405537,0.955560952,0.948518698,0.940140845,0.94378339,0.945726081,0.948518698,0.936012627,0.949125789,0.946576008,0.95434677,0.938198154,0.938198154,0.930305974,0.940869354,0.94645459,0.947911608,0.945847499,0.937712482,0.954711025,0.941355027,0.954225352,0.944876153,0.945726081,0.925813502,0.943176299,0.937591064,0.93188441,0.932855755,0.951189898,0.943540554,0.937591064,0.945726081,0.945604662,0.941840699,0.958232152,0.956653715,0.945604662,0.92593492,0.918406994,0.939412336,0.949125789,0.94244779,0.948518698,0.947304517,0.942812045,0.937591064,0.939048082,0.948882953,0.946090335,0.933705682,0.940869354,0.943419136,0.935648373,0.937591064,0.943297717,0.942569208,0.939655172,0.94839728,0.941840699,0.938440991,0.927149102,0.934919864,0.946211753,0.933827101,0.95106848,0.9351627,0.9391695,0.928363283,0.937591064,0.935526955,0.939898009,0.932734337,0.943054881,0.945847499,0.946697426,0.927513356,0.939412336,0.951918407,0.944997572,0.949611462,0.937226809,0.940626518,0.941840699,0.936619718,0.944754735,0.946333171,0.951796989,0.937226809
Strawberry,0.945945946,0.954054054,0.964864865,0.954054054,0.956756757,0.959459459,0.959459459,0.932432432,0.97027027,0.959459459,0.956756757,0.932432432,0.948648649,0.959459459,0.959459459,0.975675676,0.948648649,0.962162162,0.956756757,0.981081081,0.954054054,0.97027027,0.943243243,0.97027027,0.964864865,0.962162162,0.954054054,0.956756757,0.954054054,0.945945946,0.964864865,0.962162162,0.951351351,0.956756757,0.97027027,0.97027027,0.962162162,0.964864865,0.978378378,0.948648649,0.97027027,0.943243243,0.956756757,0.959459459,0.956756757,0.959459459,0.943243243,0.97027027,0.954054054,0.97027027,0.951351351,0.959459459,0.959459459,0.972972973,0.956756757,0.972972973,0.954054054,0.975675676,0.943243243,0.967567568,0.959459459,0.959459459,0.967567568,0.945945946,0.945945946,0.967567568,0.967567568,0.954054054,0.967567568,0.948648649,0.956756757,0.948648649,0.962162162,0.97027027,0.967567568,0.956756757,0.954054054,0.959459459,0.967567568,0.948648649,0.967567568,0.972972973,0.967567568,0.97027027,0.951351351,0.948648649,0.948648649,0.948648649,0.967567568,0.948648649,0.959459459,0.964864865,0.967567568,0.943243243,0.951351351,0.959459459,0.959459459,0.951351351,0.962162162,0.954054054
SwedishLeaf,0.9152,0.896,0.9312,0.9168,0.9184,0.9248,0.9248,0.9136,0.9376,0.92,0.9264,0.9152,0.9232,0.9008,0.912,0.9232,0.928,0.9056,0.904,0.9248,0.912,0.9232,0.9264,0.9168,0.9344,0.9072,0.9232,0.9216,0.9232,0.9184,0.9072,0.9056,0.9136,0.912,0.9168,0.9344,0.9104,0.904,0.912,0.9056,0.9184,0.9264,0.9232,0.904,0.9136,0.9264,0.9056,0.9232,0.92,0.8944,0.9008,0.9024,0.9008,0.9392,0.9216,0.92,0.92,0.912,0.9136,0.904,0.9264,0.9184,0.9152,0.9264,0.9136,0.9056,0.9168,0.9168,0.9232,0.9088,0.9248,0.9168,0.8976,0.8992,0.9344,0.928,0.8976,0.9008,0.9088,0.9264,0.9088,0.928,0.9056,0.9184,0.9088,0.8992,0.9216,0.9232,0.9184,0.9104,0.9264,0.9152,0.9168,0.9168,0.9072,0.9168,0.9104,0.9024,0.928,0.9264
Symbols,0.959798995,0.961809045,0.928643216,0.95879397,0.973869347,0.95879397,0.95879397,0.96281407,0.95879397,0.933668342,0.978894472,0.951758794,0.920603015,0.932663317,0.959798995,0.96281407,0.950753769,0.963819095,0.961809045,0.969849246,0.948743719,0.961809045,0.973869347,0.96281407,0.973869347,0.964824121,0.95879397,0.966834171,0.971859296,0.96281407,0.969849246,0.96080402,0.964824121,0.963819095,0.96281407,0.949748744,0.884422111,0.954773869,0.96281407,0.913567839,0.963819095,0.946733668,0.968844221,0.971859296,0.931658291,0.957788945,0.970854271,0.945728643,0.950753769,0.938693467,0.959798995,0.961809045,0.945728643,0.964824121,0.936683417,0.934673367,0.952763819,0.966834171,0.965829146,0.96080402,0.96281407,0.940703518,0.961809045,0.969849246,0.968844221,0.91959799,0.949748744,0.969849246,0.946733668,0.943718593,0.96080402,0.952763819,0.951758794,0.951758794,0.967839196,0.959798995,0.978894472,0.964824121,0.973869347,0.925628141,0.964824121,0.969849246,0.964824121,0.975879397,0.970854271,0.953768844,0.970854271,0.966834171,0.968844221,0.95678392,0.972864322,0.974874372,0.954773869,0.96281407,0.973869347,0.955778894,0.964824121,0.946733668,0.963819095,0.947738693
SyntheticControl,0.99,0.996666667,0.993333333,0.996666667,0.993333333,0.996666667,0.996666667,0.993333333,0.986666667,0.996666667,0.993333333,0.996666667,1,0.99,0.986666667,0.993333333,0.996666667,0.99,1,0.996666667,0.99,0.996666667,0.996666667,1,0.986666667,0.99,0.993333333,0.996666667,1,0.99,0.996666667,0.986666667,0.993333333,0.99,0.99,1,0.996666667,0.986666667,0.993333333,0.986666667,0.996666667,0.993333333,0.996666667,0.993333333,0.993333333,0.993333333,0.993333333,0.986666667,0.993333333,0.99,0.996666667,0.996666667,0.996666667,0.99,0.996666667,1,0.996666667,0.993333333,0.99,0.993333333,0.986666667,0.986666667,0.996666667,1,0.993333333,1,0.993333333,0.99,0.993333333,0.99,0.993333333,0.99,0.993333333,1,0.993333333,0.993333333,1,1,0.993333333,0.993333333,1,0.993333333,0.993333333,0.996666667,1,0.993333333,0.996666667,0.986666667,0.996666667,1,0.996666667,0.996666667,0.993333333,0.996666667,0.99,0.993333333,0.99,0.993333333,1,0.986666667
ToeSegmentation1,0.833333333,0.824561404,0.736842105,0.771929825,0.75877193,0.820175439,0.776315789,0.771929825,0.75877193,0.723684211,0.868421053,0.824561404,0.837719298,0.701754386,0.771929825,0.807017544,0.736842105,0.837719298,0.820175439,0.824561404,0.763157895,0.763157895,0.802631579,0.807017544,0.771929825,0.811403509,0.842105263,0.828947368,0.789473684,0.789473684,0.76754386,0.798245614,0.780701754,0.802631579,0.76754386,0.780701754,0.793859649,0.820175439,0.771929825,0.763157895,0.846491228,0.789473684,0.75877193,0.815789474,0.73245614,0.671052632,0.833333333,0.74122807,0.789473684,0.802631579,0.771929825,0.846491228,0.73245614,0.719298246,0.833333333,0.73245614,0.802631579,0.745614035,0.833333333,0.745614035,0.881578947,0.807017544,0.837719298,0.723684211,0.763157895,0.837719298,0.75877193,0.74122807,0.75,0.763157895,0.807017544,0.736842105,0.828947368,0.789473684,0.811403509,0.842105263,0.798245614,0.736842105,0.789473684,0.837719298,0.802631579,0.833333333,0.776315789,0.802631579,0.776315789,0.745614035,0.745614035,0.780701754,0.807017544,0.75877193,0.74122807,0.820175439,0.76754386,0.811403509,0.828947368,0.802631579,0.859649123,0.780701754,0.76754386,0.74122807
ToeSegmentation2,0.892307692,0.907692308,0.9,0.892307692,0.907692308,0.892307692,0.930769231,0.876923077,0.892307692,0.907692308,0.9,0.884615385,0.9,0.923076923,0.776923077,0.938461538,0.861538462,0.892307692,0.9,0.930769231,0.923076923,0.9,0.923076923,0.915384615,0.9,0.946153846,0.907692308,0.892307692,0.930769231,0.884615385,0.915384615,0.938461538,0.9,0.923076923,0.876923077,0.938461538,0.930769231,0.9,0.930769231,0.923076923,0.930769231,0.884615385,0.923076923,0.9,0.915384615,0.846153846,0.923076923,0.923076923,0.907692308,0.923076923,0.930769231,0.930769231,0.961538462,0.946153846,0.915384615,0.915384615,0.938461538,0.884615385,0.907692308,0.915384615,0.923076923,0.892307692,0.907692308,0.946153846,0.930769231,0.915384615,0.923076923,0.884615385,0.861538462,0.915384615,0.923076923,0.907692308,0.915384615,0.946153846,0.846153846,0.876923077,0.846153846,0.938461538,0.892307692,0.876923077,0.9,0.938461538,0.9,0.938461538,0.823076923,0.876923077,0.869230769,0.884615385,0.938461538,0.930769231,0.892307692,0.923076923,0.884615385,0.930769231,0.923076923,0.907692308,0.9,0.938461538,0.9,0.9
Trace,0.99,1,1,1,1,0.99,0.99,0.99,1,0.99,1,1,0.99,1,0.99,1,0.98,1,0.98,1,1,1,1,0.96,1,1,1,1,1,1,1,0.99,0.99,0.99,1,1,1,1,0.97,1,1,1,1,1,0.99,0.98,1,1,1,1,1,0.99,0.99,1,1,0.99,1,1,1,1,1,0.99,0.99,1,1,1,0.98,1,1,0.99,0.99,1,0.99,1,1,1,1,1,1,1,1,0.99,1,0.99,1,0.99,0.99,0.99,1,1,1,1,1,1,1,0.99,1,1,1,1
TwoLeadECG,0.971027217,0.912203687,0.95785777,0.94381036,0.970149254,0.94381036,0.913081651,0.98595259,0.980684811,0.970149254,0.974539069,0.925373134,0.994732221,0.982440737,0.980684811,0.981562774,0.925373134,0.969271291,0.98595259,0.958735733,0.953467954,0.964003512,0.974539069,0.985074627,0.963125549,0.933274802,0.938542581,0.965759438,0.885864794,0.981562774,0.926251097,0.979806848,0.908691835,0.913959614,0.988586479,0.942932397,0.946444249,0.960491659,0.962247586,0.987708516,0.949078139,0.944688323,0.975417032,0.973661106,0.978050922,0.932396839,0.946444249,0.937664618,0.969271291,0.95785777,0.970149254,0.847234416,0.95785777,0.968393327,0.985074627,0.995610184,0.978928885,0.973661106,0.964881475,0.936786655,0.961369622,0.979806848,0.954345917,0.964003512,0.88762072,0.958735733,0.942932397,0.979806848,0.947322212,0.981562774,0.916593503,0.967515364,0.958735733,0.967515364,0.992976295,0.980684811,0.984196664,0.976294996,0.956101844,0.950834065,0.963125549,0.958735733,0.923617208,0.906057946,0.979806848,0.974539069,0.981562774,0.944688323,0.933274802,0.987708516,0.968393327,0.974539069,0.945566286,0.925373134,0.959613696,0.970149254,0.983318701,0.983318701,0.959613696,0.984196664
TwoPatterns,1,1,1,1,1,1,1,1,1,1,1,1,1,1,1,1,0.99975,1,1,1,1,1,1,1,1,1,1,1,1,1,1,1,1,1,1,1,1,1,1,1,1,1,1,0.99975,1,1,1,1,1,1,1,1,1,1,1,1,1,1,1,1,1,1,1,1,1,1,1,1,0.99975,0.99975,1,1,1,1,1,1,1,1,1,1,1,1,1,1,1,1,1,1,1,1,1,1,1,1,1,1,1,1,1,1
UWaveGestureLibraryX,0.968453378,0.969290899,0.972082635,0.965661642,0.972361809,0.97012842,0.970686767,0.969570073,0.968174204,0.967336683,0.969290899,0.97012842,0.964544947,0.96705751,0.965103294,0.970686767,0.971245114,0.966499162,0.968732552,0.972640983,0.968174204,0.965661642,0.972920156,0.960636516,0.971524288,0.969290899,0.969849246,0.968174204,0.967895031,0.966778336,0.973478504,0.965661642,0.969570073,0.971245114,0.969570073,0.969011725,0.968732552,0.962311558,0.972082635,0.967895031,0.965661642,0.963428252,0.971245114,0.971803462,0.970965941,0.967615857,0.964265773,0.966778336,0.969570073,0.972920156,0.96705751,0.972920156,0.970686767,0.970686767,0.966778336,0.969570073,0.963707426,0.967895031,0.969011725,0.957565606,0.969849246,0.967615857,0.967615857,0.975991066,0.968174204,0.965103294,0.967615857,0.971245114,0.968732552,0.96705751,0.969849246,0.966499162,0.969011725,0.96705751,0.967336683,0.97012842,0.969011725,0.962032384,0.967895031,0.974595198,0.971245114,0.972361809,0.957844779,0.964544947,0.963707426,0.967615857,0.972361809,0.967615857,0.971524288,0.968174204,0.968453378,0.967895031,0.959798995,0.962032384,0.968732552,0.968732552,0.963707426,0.965661642,0.969570073,0.974595198
UWaveGestureLibraryY,0.805415969,0.804857621,0.812116136,0.806532663,0.805974316,0.807928532,0.810161921,0.803461753,0.804857621,0.801786711,0.80625349,0.793969849,0.809045226,0.801507538,0.8093244,0.804020101,0.812953657,0.793969849,0.807928532,0.802624232,0.807649358,0.810441094,0.799832496,0.800111669,0.809882747,0.806532663,0.811557789,0.811557789,0.798715801,0.793411502,0.807649358,0.813512004,0.807091011,0.807091011,0.805695142,0.794249023,0.808207705,0.810161921,0.802903406,0.80318258,0.796761586,0.805136795,0.799274149,0.808486879,0.80318258,0.806811837,0.805695142,0.798157454,0.801228364,0.793969849,0.812674484,0.805136795,0.798157454,0.807928532,0.80094919,0.802903406,0.804299274,0.801507538,0.810161921,0.804299274,0.814070352,0.790619765,0.801507538,0.807928532,0.801507538,0.811557789,0.811557789,0.806532663,0.797319933,0.813791178,0.794528197,0.797599107,0.814628699,0.804578448,0.797040759,0.805695142,0.807091011,0.808486879,0.804299274,0.79787828,0.804578448,0.802345059,0.816862088,0.805974316,0.804299274,0.804020101,0.795644891,0.804020101,0.810720268,0.804857621,0.80625349,0.805974316,0.812674484,0.804578448,0.798157454,0.814628699,0.798436628,0.80318258,0.792853155,0.810999442
UWaveGestureLibraryZ,0.725572306,0.72054718,0.726968174,0.72585148,0.745951982,0.726689001,0.729480737,0.718872138,0.730597432,0.744556114,0.747068677,0.743718593,0.72892239,0.729201563,0.742043551,0.726130653,0.724176438,0.732551647,0.733109994,0.726968174,0.735901731,0.733109994,0.74427694,0.729480737,0.735343384,0.730039084,0.726968174,0.733668342,0.726689001,0.731155779,0.731155779,0.736180905,0.732830821,0.735622557,0.688442211,0.735343384,0.72054718,0.715242881,0.715242881,0.726689001,0.728084869,0.734785036,0.727805695,0.716638749,0.737576773,0.730597432,0.732830821,0.734226689,0.731714126,0.742601898,0.735622557,0.742322725,0.726130653,0.727805695,0.742601898,0.733389168,0.720826354,0.731434953,0.732830821,0.728364042,0.730318258,0.69905081,0.729759911,0.739251815,0.73813512,0.730039084,0.729201563,0.738972641,0.733668342,0.735901731,0.729201563,0.739810162,0.724455611,0.731714126,0.742881072,0.735901731,0.710496929,0.736739252,0.729480737,0.738972641,0.725293132,0.726689001,0.723059743,0.733389168,0.718592965,0.732830821,0.718034618,0.729480737,0.738414294,0.727247348,0.72585148,0.736460078,0.730318258,0.739251815,0.73506421,0.724734785,0.727526521,0.723059743,0.732272473,0.75041876
UWaveGestureLibraryAll,0.72361809,0.719988833,0.737855946,0.72585148,0.726130653,0.732830821,0.729759911,0.718872138,0.727247348,0.706588498,0.738972641,0.726409827,0.721663875,0.718034618,0.714126186,0.72361809,0.740926857,0.731714126,0.725013959,0.736460078,0.734505863,0.72892239,0.724455611,0.729759911,0.733947515,0.72361809,0.713288666,0.718313791,0.74427694,0.726130653,0.731434953,0.730318258,0.726409827,0.719151312,0.739251815,0.716917923,0.729759911,0.725293132,0.718034618,0.727247348,0.725013959,0.732830821,0.734785036,0.731714126,0.727526521,0.726130653,0.70826354,0.725013959,0.717197097,0.742043551,0.718034618,0.731434953,0.726409827,0.7319933,0.725013959,0.71747627,0.726689001,0.732272473,0.721943049,0.720826354,0.730597432,0.725572306,0.730876605,0.717197097,0.725293132,0.739251815,0.725013959,0.722501396,0.711613624,0.739530988,0.740368509,0.718592965,0.740089336,0.713847013,0.730876605,0.729480737,0.72054718,0.717197097,0.717197097,0.714126186,0.730597432,0.732551647,0.735343384,0.728084869,0.726689001,0.721105528,0.735901731,0.726689001,0.718872138,0.727247348,0.724176438,0.713009492,0.734505863,0.718313791,0.738414294,0.716638749,0.734505863,0.72054718,0.73506421,0.710776103
Wafer,0.997404283,0.998215445,0.998053212,0.99789098,0.994808566,0.996755354,0.997079818,0.996917586,0.997242051,0.997079818,0.997242051,0.997242051,0.994159637,0.996106424,0.997404283,0.997404283,0.996593121,0.996593121,0.994646334,0.998215445,0.995619727,0.995944192,0.996593121,0.996593121,0.996755354,0.997242051,0.997566515,0.995457495,0.996755354,0.998053212,0.997566515,0.99789098,0.998377677,0.997242051,0.998053212,0.99789098,0.997079818,0.996755354,0.997566515,0.996268657,0.996755354,0.99789098,0.99578196,0.997242051,0.996917586,0.996430889,0.995457495,0.997566515,0.995944192,0.997728748,0.997404283,0.99789098,0.997566515,0.997566515,0.997566515,0.996106424,0.995619727,0.99578196,0.997079818,0.996268657,0.998539909,0.998539909,0.997079818,0.994646334,0.99789098,0.995944192,0.997566515,0.994646334,0.997079818,0.996917586,0.997566515,0.995457495,0.993835172,0.995619727,0.997404283,0.996593121,0.997728748,0.996430889,0.994808566,0.996755354,0.997079818,0.997728748,0.997079818,0.997079818,0.997242051,0.996593121,0.995295263,0.994970798,0.997079818,0.998053212,0.997242051,0.997079818,0.996268657,0.997242051,0.998702141,0.996593121,0.998702141,0.995619727,0.998539909,0.996755354
Wine,0.574074074,0.87037037,0.925925926,0.777777778,0.87037037,0.944444444,0.907407407,1,0.833333333,0.87037037,0.944444444,0.888888889,0.759259259,1,0.907407407,0.944444444,0.851851852,0.796296296,0.87037037,0.759259259,0.888888889,0.777777778,0.925925926,0.851851852,0.944444444,0.888888889,0.907407407,0.796296296,0.888888889,0.814814815,0.851851852,1,0.796296296,0.888888889,0.925925926,0.796296296,0.944444444,0.87037037,0.87037037,0.796296296,0.925925926,0.944444444,0.925925926,0.796296296,0.888888889,0.833333333,0.851851852,0.944444444,0.777777778,0.907407407,0.925925926,0.944444444,0.814814815,0.944444444,0.833333333,0.925925926,0.722222222,0.888888889,1,0.944444444,0.87037037,0.925925926,0.87037037,0.851851852,0.925925926,0.87037037,0.944444444,0.851851852,0.87037037,0.888888889,0.851851852,0.87037037,1,1,0.888888889,0.888888889,0.87037037,0.944444444,0.833333333,0.814814815,0.944444444,0.925925926,0.944444444,0.888888889,0.888888889,0.944444444,0.87037037,0.944444444,0.944444444,0.759259259,0.981481481,0.981481481,0.888888889,0.888888889,1,0.962962963,0.907407407,0.981481481,0.833333333,0.888888889
WordSynonyms,0.778996865,0.793103448,0.764890282,0.757053292,0.79153605,0.774294671,0.785266458,0.753918495,0.775862069,0.788401254,0.736677116,0.794670846,0.800940439,0.788401254,0.769592476,0.772727273,0.76645768,0.764890282,0.794670846,0.76645768,0.786833856,0.786833856,0.764890282,0.764890282,0.764890282,0.777429467,0.739811912,0.789968652,0.775862069,0.780564263,0.777429467,0.777429467,0.771159875,0.786833856,0.76645768,0.774294671,0.800940439,0.768025078,0.785266458,0.774294671,0.771159875,0.786833856,0.775862069,0.789968652,0.777429467,0.778996865,0.79153605,0.788401254,0.789968652,0.796238245,0.793103448,0.782131661,0.782131661,0.753918495,0.769592476,0.764890282,0.79153605,0.78369906,0.794670846,0.78369906,0.786833856,0.768025078,0.797805643,0.800940439,0.78369906,0.780564263,0.760188088,0.757053292,0.755485893,0.774294671,0.789968652,0.739811912,0.780564263,0.750783699,0.771159875,0.775862069,0.775862069,0.768025078,0.775862069,0.793103448,0.811912226,0.813479624,0.786833856,0.800940439,0.789968652,0.76645768,0.788401254,0.772727273,0.797805643,0.799373041,0.782131661,0.724137931,0.793103448,0.785266458,0.76645768,0.777429467,0.778996865,0.78369906,0.793103448,0.763322884
Worms,0.662337662,0.61038961,0.636363636,0.662337662,0.623376623,0.662337662,0.571428571,0.74025974,0.597402597,0.571428571,0.571428571,0.584415584,0.636363636,0.636363636,0.61038961,0.597402597,0.584415584,0.61038961,0.727272727,0.623376623,0.675324675,0.636363636,0.571428571,0.61038961,0.662337662,0.662337662,0.597402597,0.584415584,0.766233766,0.701298701,0.701298701,0.636363636,0.688311688,0.623376623,0.636363636,0.571428571,0.688311688,0.701298701,0.649350649,0.623376623,0.636363636,0.714285714,0.597402597,0.597402597,0.623376623,0.688311688,0.701298701,0.636363636,0.649350649,0.636363636,0.701298701,0.727272727,0.61038961,0.636363636,0.623376623,0.675324675,0.597402597,0.714285714,0.649350649,0.584415584,0.649350649,0.714285714,0.701298701,0.714285714,0.662337662,0.636363636,0.584415584,0.675324675,0.727272727,0.662337662,0.779220779,0.675324675,0.688311688,0.623376623,0.649350649,0.727272727,0.675324675,0.701298701,0.662337662,0.623376623,0.649350649,0.623376623,0.649350649,0.623376623,0.636363636,0.584415584,0.636363636,0.61038961,0.662337662,0.623376623,0.623376623,0.623376623,0.597402597,0.519480519,0.636363636,0.61038961,0.649350649,0.584415584,0.623376623,0.636363636
WormsTwoClass,0.688311688,0.727272727,0.753246753,0.766233766,0.779220779,0.714285714,0.636363636,0.779220779,0.701298701,0.662337662,0.714285714,0.74025974,0.688311688,0.675324675,0.649350649,0.688311688,0.766233766,0.636363636,0.766233766,0.662337662,0.727272727,0.675324675,0.701298701,0.766233766,0.74025974,0.727272727,0.714285714,0.675324675,0.727272727,0.727272727,0.688311688,0.74025974,0.662337662,0.714285714,0.74025974,0.688311688,0.688311688,0.766233766,0.818181818,0.727272727,0.701298701,0.727272727,0.727272727,0.675324675,0.675324675,0.74025974,0.805194805,0.688311688,0.688311688,0.727272727,0.753246753,0.727272727,0.779220779,0.675324675,0.753246753,0.714285714,0.675324675,0.753246753,0.714285714,0.688311688,0.714285714,0.74025974,0.701298701,0.792207792,0.688311688,0.662337662,0.688311688,0.688311688,0.714285714,0.701298701,0.74025974,0.779220779,0.766233766,0.714285714,0.792207792,0.675324675,0.792207792,0.662337662,0.74025974,0.74025974,0.792207792,0.649350649,0.714285714,0.688311688,0.779220779,0.701298701,0.675324675,0.714285714,0.662337662,0.675324675,0.727272727,0.727272727,0.636363636,0.74025974,0.766233766,0.727272727,0.818181818,0.701298701,0.701298701,0.649350649
Yoga,0.879,0.881666667,0.893666667,0.882666667,0.878,0.894666667,0.888333333,0.878333333,0.873,0.897666667,0.896,0.881,0.899,0.873666667,0.887333333,0.87,0.888666667,0.904333333,0.891333333,0.874,0.889333333,0.884333333,0.889,0.887,0.892666667,0.885666667,0.887666667,0.893,0.886,0.885333333,0.868,0.895,0.875333333,0.883666667,0.887666667,0.887,0.886666667,0.905666667,0.893,0.894,0.881333333,0.87,0.88,0.880333333,0.894333333,0.892666667,0.890333333,0.902333333,0.880666667,0.870666667,0.882,0.889666667,0.899333333,0.872666667,0.891,0.867666667,0.885333333,0.877,0.882666667,0.868333333,0.895,0.873666667,0.905,0.886666667,0.886666667,0.884666667,0.889666667,0.883333333,0.892666667,0.902333333,0.883666667,0.892333333,0.872333333,0.893666667,0.882,0.882666667,0.883333333,0.891333333,0.882333333,0.884,0.886,0.884666667,0.875333333,0.883333333,0.896666667,0.893333333,0.872666667,0.890666667,0.871666667,0.887,0.891,0.881666667,0.881,0.881666667,0.887666667,0.872666667,0.878,0.878,0.884333333,0.890333333
