Adiac,0.59335,0.575448,0.526854,0.514066,0.539642,0.524297,0.590793,0.542199,0.537084,0.585678,0.511509,0.578005,0.57289,0.537084,0.547315,0.537084,0.580563,0.57289,0.567775,0.570332,0.554987,0.55243,0.55243,0.590793,0.516624,0.601023,0.578005,0.57289,0.608696,0.59335,0.534527,0.55243,0.554987,0.539642,0.590793,0.55243,0.491049,0.58312,0.542199,0.585678,0.539642,0.565217,0.57289,0.56266,0.567775,0.488491,0.516624,0.56266,0.606138,0.537084,0.585678,0.557545,0.531969,0.534527,0.537084,0.506394,0.544757,0.544757,0.56266,0.537084,0.531969,0.56266,0.547315,0.580563,0.598465,0.58312,0.547315,0.542199,0.603581,0.56266,0.537084,0.537084,0.549872,0.547315,0.565217,0.588235,0.601023,0.565217,0.531969,0.570332,0.590793,0.516624,0.55243,0.511509,0.506394,0.503836,0.560102,0.55243,0.557545,0.549872,0.567775,0.544757,0.511509,0.55243,0.542199,0.554987,0.557545,0.588235,0.547315,0.598465
ArrowHead,0.594286,0.742857,0.588571,0.725714,0.651429,0.651429,0.817143,0.508571,0.662857,0.628571,0.662857,0.76,0.634286,0.697143,0.611429,0.742857,0.588571,0.708571,0.634286,0.691429,0.622857,0.748571,0.657143,0.634286,0.754286,0.737143,0.76,0.651429,0.662857,0.502857,0.697143,0.702857,0.731429,0.657143,0.685714,0.565714,0.68,0.622857,0.588571,0.76,0.697143,0.72,0.685714,0.702857,0.662857,0.714286,0.56,0.588571,0.605714,0.754286,0.622857,0.742857,0.651429,0.714286,0.628571,0.708571,0.537143,0.731429,0.697143,0.731429,0.668571,0.691429,0.691429,0.622857,0.56,0.645714,0.737143,0.754286,0.731429,0.72,0.531429,0.651429,0.714286,0.697143,0.822857,0.72,0.697143,0.657143,0.697143,0.68,0.714286,0.657143,0.765714,0.76,0.531429,0.708571,0.697143,0.737143,0.72,0.702857,0.628571,0.765714,0.56,0.662857,0.714286,0.725714,0.685714,0.628571,0.6,0.708571
Beef,0.566667,0.366667,0.533333,0.6,0.533333,0.333333,0.566667,0.366667,0.666667,0.666667,0.4,0.5,0.566667,0.2,0.466667,0.433333,0.433333,0.4,0.466667,0.466667,0.333333,0.5,0.566667,0.6,0.6,0.433333,0.5,0.533333,0.3,0.733333,0.566667,0.433333,0.566667,0.5,0.6,0.5,0.6,0.566667,0.433333,0.366667,0.533333,0.566667,0.466667,0.333333,0.5,0.366667,0.266667,0.4,0.366667,0.5,0.6,0.533333,0.7,0.433333,0.533333,0.4,0.433333,0.466667,0.566667,0.633333,0.466667,0.666667,0.633333,0.5,0.5,0.566667,0.4,0.466667,0.433333,0.533333,0.466667,0.533333,0.433333,0.466667,0.4,0.5,0.566667,0.566667,0.466667,0.466667,0.5,0.666667,0.566667,0.6,0.266667,0.5,0.4,0.566667,0.633333,0.466667,0.666667,0.566667,0.4,0.666667,0.433333,0.766667,0.533333,0.633333,0.5,0.466667
BeetleFly,0.7,0.85,0.7,0.65,0.9,0.6,0.95,0.6,0.95,0.8,0.85,0.7,0.9,0.65,0.75,1,0.65,0.75,0.75,0.6,0.8,0.75,0.9,0.95,0.95,0.8,0.9,0.75,0.9,0.85,0.85,0.9,0.8,0.85,0.85,0.9,0.75,0.95,0.95,0.75,0.7,0.8,0.85,0.7,0.6,0.95,0.8,0.65,1,0.6,0.75,0.9,0.55,0.65,0.55,0.65,0.65,1,0.7,0.7,0.95,0.8,0.9,0.95,0.95,0.65,0.85,0.75,0.8,0.75,0.85,0.7,0.8,0.9,0.85,0.9,0.6,0.95,0.9,1,0.8,0.55,0.65,0.7,0.95,0.85,0.55,0.9,0.8,0.7,0.9,0.85,0.75,0.55,0.8,0.9,0.9,0.95,0.8,0.75
BirdChicken,0.75,0.95,0.9,0.85,0.7,0.75,0.6,0.85,1,0.85,0.8,0.85,0.95,0.95,0.9,0.8,0.9,0.8,1,0.65,1,0.8,0.9,0.8,0.75,0.9,0.75,0.75,0.7,0.8,1,0.85,0.8,0.9,0.8,0.95,0.65,0.9,0.65,0.85,0.65,0.8,0.9,0.75,0.95,0.9,0.8,0.75,0.9,0.75,1,0.85,0.85,1,0.85,0.85,0.85,0.95,0.85,0.9,0.95,0.85,0.9,0.8,0.75,0.75,0.9,0.9,0.95,1,0.8,0.8,0.75,1,1,0.95,0.9,1,0.85,0.85,0.9,0.9,0.8,0.95,1,0.7,0.9,0.9,1,1,1,0.95,0.75,0.75,0.95,0.9,1,0.95,0.85,1
Car,0.75,0.783333,0.7,0.75,0.683333,0.65,0.733333,0.783333,0.75,0.766667,0.666667,0.783333,0.7,0.766667,0.733333,0.65,0.716667,0.75,0.666667,0.65,0.683333,0.65,0.716667,0.783333,0.8,0.716667,0.633333,0.833333,0.766667,0.716667,0.716667,0.666667,0.716667,0.766667,0.75,0.55,0.783333,0.716667,0.766667,0.733333,0.716667,0.733333,0.733333,0.65,0.8,0.8,0.783333,0.783333,0.733333,0.766667,0.766667,0.733333,0.733333,0.516667,0.783333,0.7,0.783333,0.633333,0.833333,0.75,0.75,0.7,0.883333,0.766667,0.766667,0.75,0.7,0.75,0.783333,0.75,0.7,0.683333,0.75,0.8,0.666667,0.683333,0.816667,0.7,0.783333,0.85,0.85,0.683333,0.783333,0.766667,0.75,0.716667,0.866667,0.666667,0.7,0.716667,0.733333,0.633333,0.7,0.75,0.783333,0.783333,0.783333,0.8,0.816667,0.7
CBF,0.94,0.893333,0.903333,0.828889,0.867778,0.928889,0.971111,0.945556,0.926667,0.883333,0.924444,0.922222,0.923333,0.875556,0.947778,0.96,0.928889,0.875556,0.906667,0.941111,0.894444,0.947778,0.968889,0.914444,0.96,0.92,0.95,0.912222,0.967778,0.945556,0.932222,0.871111,0.823333,0.905556,0.947778,0.904444,0.945556,0.927778,0.961111,0.878889,0.917778,0.931111,0.935556,0.946667,0.926667,0.942222,0.96,0.948889,0.81,0.953333,0.952222,0.925556,0.964444,0.947778,0.948889,0.895556,0.957778,0.961111,0.962222,0.917778,0.914444,0.944444,0.724444,0.952222,0.95,0.862222,0.936667,0.836667,0.96,0.948889,0.908889,0.931111,0.948889,0.967778,0.811111,0.93,0.887778,0.967778,0.966667,0.95,0.921111,0.948889,0.941111,0.952222,0.937778,0.952222,0.964444,0.947778,0.913333,0.896667,0.863333,0.927778,0.926667,0.904444,0.967778,0.953333,0.954444,0.892222,0.913333,0.943333
ChlorineConcentration,0.546354,0.565885,0.572656,0.579427,0.582813,0.580469,0.561719,0.571875,0.557813,0.555208,0.557292,0.567708,0.555729,0.565885,0.561719,0.533854,0.561458,0.551563,0.557813,0.57526,0.567448,0.545833,0.55599,0.588542,0.564063,0.54349,0.558854,0.552344,0.577344,0.554948,0.572917,0.578125,0.577865,0.55625,0.586979,0.582031,0.563021,0.551042,0.553385,0.573438,0.567969,0.551042,0.560417,0.566927,0.546354,0.58099,0.565625,0.54349,0.570313,0.577865,0.570052,0.573177,0.56849,0.551042,0.560677,0.577865,0.582813,0.552344,0.580469,0.559115,0.56901,0.585156,0.55651,0.572396,0.577865,0.553646,0.569271,0.578646,0.5625,0.551302,0.583073,0.571875,0.577344,0.568229,0.571875,0.575,0.565885,0.584375,0.572656,0.55651,0.566927,0.560417,0.563802,0.575781,0.565365,0.577604,0.560677,0.578125,0.575781,0.555729,0.557292,0.551042,0.560156,0.560938,0.565625,0.56875,0.574479,0.578646,0.569531,0.540104
CinCECGTorso,0.85942,0.711594,0.808696,0.656522,0.783333,0.749275,0.687681,0.792029,0.771014,0.688406,0.614493,0.598551,0.636957,0.82029,0.774638,0.75,0.888406,0.605797,0.752899,0.813043,0.698551,0.718841,0.721014,0.832609,0.59058,0.66087,0.736957,0.765217,0.788406,0.872464,0.773188,0.680435,0.81087,0.598551,0.644203,0.891304,0.710145,0.542754,0.86087,0.833333,0.697826,0.606522,0.773188,0.807971,0.761594,0.78913,0.698551,0.776087,0.785507,0.795652,0.792029,0.694203,0.813043,0.834783,0.701449,0.747101,0.658696,0.736232,0.821014,0.75942,0.880435,0.736232,0.784058,0.806522,0.721014,0.781884,0.638406,0.847826,0.618116,0.667391,0.793478,0.775362,0.815217,0.678986,0.623188,0.67971,0.571739,0.778261,0.765217,0.677536,0.732609,0.804348,0.774638,0.704348,0.815217,0.691304,0.842754,0.731884,0.671739,0.592029,0.787681,0.831159,0.784058,0.752899,0.718116,0.804348,0.681884,0.773188,0.657246,0.761594
Coffee,0.928571,0.928571,0.928571,0.75,0.964286,0.928571,0.928571,0.964286,0.964286,0.928571,0.785714,0.892857,0.892857,0.892857,0.857143,0.964286,0.964286,0.964286,0.857143,0.892857,0.928571,0.964286,0.928571,0.857143,0.964286,0.892857,0.964286,0.857143,0.928571,0.964286,0.892857,0.928571,0.892857,0.964286,0.964286,0.928571,0.892857,1,0.928571,0.964286,0.964286,0.964286,0.892857,0.964286,0.964286,0.964286,0.857143,0.964286,0.892857,0.892857,0.928571,0.964286,0.892857,0.892857,0.821429,0.928571,0.821429,0.964286,0.964286,0.964286,0.785714,0.964286,0.892857,0.928571,0.964286,0.892857,0.964286,0.821429,0.892857,0.857143,0.928571,0.964286,0.928571,0.892857,0.892857,0.928571,0.857143,0.928571,0.964286,0.928571,0.928571,0.892857,0.928571,0.964286,0.964286,1,0.964286,0.928571,0.892857,0.571429,0.964286,0.892857,0.928571,0.964286,0.892857,0.892857,0.928571,0.964286,0.892857,0.928571
Computers,0.5,0.5,0.5,0.5,0.5,0.5,0.5,0.5,0.5,0.5,0.5,0.5,0.5,0.5,0.5,0.5,0.5,0.5,0.5,0.5,0.5,0.5,0.5,0.5,0.5,0.5,0.5,0.5,0.5,0.5,0.5,0.5,0.5,0.5,0.5,0.5,0.5,0.5,0.5,0.5,0.5,0.5,0.5,0.5,0.5,0.5,0.5,0.5,0.5,0.5,0.5,0.5,0.5,0.5,0.5,0.5,0.5,0.5,0.5,0.5,0.5,0.5,0.5,0.5,0.5,0.5,0.5,0.5,0.5,0.5,0.5,0.5,0.5,0.5,0.5,0.5,0.5,0.5,0.5,0.5,0.5,0.5,0.5,0.5,0.5,0.5,0.5,0.5,0.5,0.5,0.5,0.5,0.5,0.5,0.5,0.5,0.5,0.5,0.5,0.5
CricketX,0.484615,0.441026,0.525641,0.520513,0.44359,0.435897,0.469231,0.482051,0.551282,0.523077,0.474359,0.446154,0.469231,0.466667,0.474359,0.425641,0.512821,0.489744,0.464103,0.469231,0.451282,0.489744,0.484615,0.520513,0.451282,0.484615,0.507692,0.433333,0.520513,0.466667,0.487179,0.484615,0.446154,0.44359,0.469231,0.435897,0.446154,0.510256,0.469231,0.497436,0.497436,0.489744,0.464103,0.461538,0.476923,0.482051,0.558974,0.376923,0.461538,0.482051,0.517949,0.489744,0.45641,0.479487,0.479487,0.497436,0.510256,0.515385,0.441026,0.438462,0.412821,0.515385,0.469231,0.469231,0.54359,0.507692,0.541026,0.515385,0.451282,0.484615,0.489744,0.451282,0.530769,0.507692,0.525641,0.451282,0.497436,0.435897,0.466667,0.44359,0.507692,0.476923,0.476923,0.476923,0.561538,0.487179,0.407692,0.451282,0.502564,0.5,0.538462,0.512821,0.425641,0.405128,0.45641,0.446154,0.428205,0.558974,0.469231,0.438462
CricketY,0.530769,0.520513,0.515385,0.466667,0.502564,0.471795,0.507692,0.523077,0.533333,0.525641,0.551282,0.489744,0.507692,0.489744,0.515385,0.448718,0.525641,0.469231,0.512821,0.476923,0.487179,0.525641,0.564103,0.492308,0.505128,0.546154,0.517949,0.489744,0.512821,0.497436,0.492308,0.515385,0.517949,0.502564,0.541026,0.523077,0.541026,0.497436,0.505128,0.548718,0.476923,0.492308,0.497436,0.497436,0.479487,0.45641,0.569231,0.515385,0.482051,0.494872,0.523077,0.469231,0.505128,0.469231,0.461538,0.528205,0.558974,0.505128,0.5,0.5,0.512821,0.507692,0.5,0.517949,0.5,0.484615,0.464103,0.430769,0.461538,0.523077,0.523077,0.510256,0.523077,0.533333,0.494872,0.512821,0.528205,0.530769,0.546154,0.474359,0.479487,0.54359,0.520513,0.582051,0.592308,0.510256,0.55641,0.528205,0.482051,0.464103,0.494872,0.5,0.5,0.5,0.530769,0.546154,0.515385,0.566667,0.494872,0.525641
CricketZ,0.464103,0.497436,0.438462,0.438462,0.376923,0.515385,0.458974,0.476923,0.469231,0.45641,0.425641,0.433333,0.471795,0.517949,0.492308,0.469231,0.517949,0.45641,0.448718,0.45641,0.451282,0.54359,0.469231,0.476923,0.45641,0.410256,0.482051,0.458974,0.571795,0.469231,0.466667,0.489744,0.417949,0.430769,0.448718,0.517949,0.492308,0.482051,0.479487,0.505128,0.510256,0.494872,0.438462,0.474359,0.476923,0.464103,0.492308,0.420513,0.484615,0.479487,0.464103,0.428205,0.482051,0.482051,0.446154,0.453846,0.428205,0.482051,0.407692,0.558974,0.45641,0.482051,0.446154,0.474359,0.461538,0.464103,0.474359,0.474359,0.458974,0.435897,0.405128,0.45641,0.484615,0.464103,0.448718,0.448718,0.420513,0.458974,0.538462,0.461538,0.402564,0.479487,0.492308,0.489744,0.484615,0.471795,0.494872,0.461538,0.389744,0.474359,0.430769,0.458974,0.387179,0.45641,0.502564,0.430769,0.446154,0.471795,0.5,0.487179
DiatomSizeReduction,0.866013,0.915033,0.859477,0.849673,0.843137,0.960784,0.79085,0.836601,0.872549,0.915033,0.882353,0.594771,0.761438,0.879085,0.915033,0.879085,0.833333,0.888889,0.859477,0.846405,0.924837,0.869281,0.905229,0.888889,0.849673,0.74183,0.833333,0.924837,0.928105,0.924837,0.960784,0.924837,0.892157,0.885621,0.918301,0.924837,0.77451,0.931373,0.947712,0.836601,0.901961,0.957516,0.764706,0.823529,0.905229,0.96732,0.745098,0.816993,0.921569,0.944444,0.941176,0.937908,0.839869,0.745098,0.882353,0.95098,0.856209,0.859477,0.820261,0.957516,0.852941,0.813725,0.836601,0.764706,0.947712,0.781046,0.859477,0.872549,0.892157,0.869281,0.872549,0.915033,0.866013,0.934641,0.885621,0.928105,0.957516,0.836601,0.803922,0.787582,0.875817,0.885621,0.705882,0.875817,0.797386,0.879085,0.843137,0.964052,0.934641,0.934641,0.859477,0.947712,0.846405,0.859477,0.875817,0.872549,0.964052,0.879085,0.964052,0.869281
DistalPhalanxOutlineCorrect,0.654676,0.733813,0.690647,0.805755,0.784173,0.776978,0.748201,0.719424,0.798561,0.676259,0.71223,0.784173,0.71223,0.755396,0.755396,0.805755,0.726619,0.719424,0.769784,0.697842,0.755396,0.748201,0.820144,0.755396,0.719424,0.820144,0.741007,0.769784,0.71223,0.848921,0.676259,0.733813,0.76259,0.733813,0.76259,0.769784,0.697842,0.71223,0.690647,0.798561,0.805755,0.769784,0.755396,0.784173,0.719424,0.661871,0.820144,0.76259,0.676259,0.784173,0.705036,0.669065,0.726619,0.690647,0.733813,0.755396,0.820144,0.76259,0.705036,0.741007,0.748201,0.719424,0.769784,0.683453,0.733813,0.676259,0.661871,0.755396,0.848921,0.726619,0.748201,0.748201,0.791367,0.705036,0.776978,0.719424,0.76259,0.76259,0.733813,0.769784,0.669065,0.690647,0.748201,0.697842,0.748201,0.726619,0.741007,0.784173,0.769784,0.705036,0.784173,0.784173,0.755396,0.81295,0.76259,0.784173,0.769784,0.733813,0.726619,0.755396
DistalPhalanxOutlineAgeGroup,0.75,0.746377,0.782609,0.775362,0.775362,0.815217,0.713768,0.789855,0.786232,0.778986,0.800725,0.797101,0.786232,0.815217,0.800725,0.73913,0.804348,0.771739,0.800725,0.786232,0.826087,0.771739,0.786232,0.778986,0.768116,0.721014,0.728261,0.746377,0.706522,0.764493,0.771739,0.807971,0.811594,0.811594,0.757246,0.797101,0.800725,0.789855,0.768116,0.797101,0.768116,0.771739,0.786232,0.731884,0.793478,0.757246,0.804348,0.815217,0.793478,0.753623,0.800725,0.75,0.786232,0.778986,0.764493,0.789855,0.746377,0.771739,0.76087,0.753623,0.786232,0.782609,0.818841,0.818841,0.771739,0.771739,0.797101,0.771739,0.782609,0.826087,0.82971,0.778986,0.822464,0.742754,0.793478,0.775362,0.804348,0.793478,0.775362,0.746377,0.771739,0.775362,0.778986,0.778986,0.771739,0.768116,0.800725,0.844203,0.75,0.778986,0.811594,0.775362,0.768116,0.797101,0.746377,0.753623,0.815217,0.797101,0.797101,0.757246
DistalPhalanxTW,0.625899,0.604317,0.568345,0.618705,0.611511,0.661871,0.654676,0.633094,0.640288,0.561151,0.697842,0.604317,0.633094,0.582734,0.611511,0.640288,0.611511,0.57554,0.589928,0.539568,0.625899,0.604317,0.589928,0.640288,0.683453,0.633094,0.618705,0.539568,0.647482,0.568345,0.633094,0.661871,0.582734,0.546763,0.625899,0.633094,0.640288,0.640288,0.625899,0.71223,0.654676,0.654676,0.647482,0.661871,0.654676,0.640288,0.633094,0.589928,0.661871,0.597122,0.611511,0.661871,0.618705,0.661871,0.625899,0.683453,0.733813,0.633094,0.640288,0.654676,0.568345,0.625899,0.611511,0.633094,0.625899,0.561151,0.604317,0.647482,0.597122,0.611511,0.611511,0.633094,0.582734,0.582734,0.589928,0.625899,0.669065,0.633094,0.546763,0.589928,0.640288,0.618705,0.654676,0.604317,0.633094,0.654676,0.633094,0.568345,0.654676,0.633094,0.597122,0.625899,0.669065,0.625899,0.676259,0.654676,0.611511,0.669065,0.503597,0.611511
Earthquakes,0.705036,0.748201,0.748201,0.748201,0.748201,0.748201,0.748201,0.676259,0.748201,0.748201,0.748201,0.748201,0.748201,0.748201,0.748201,0.748201,0.748201,0.748201,0.748201,0.748201,0.748201,0.748201,0.748201,0.748201,0.748201,0.748201,0.748201,0.748201,0.748201,0.748201,0.748201,0.748201,0.748201,0.748201,0.748201,0.748201,0.748201,0.748201,0.748201,0.748201,0.748201,0.748201,0.748201,0.748201,0.748201,0.748201,0.748201,0.748201,0.748201,0.705036,0.748201,0.748201,0.748201,0.748201,0.748201,0.748201,0.748201,0.748201,0.748201,0.748201,0.748201,0.748201,0.748201,0.748201,0.748201,0.748201,0.748201,0.748201,0.748201,0.748201,0.748201,0.748201,0.748201,0.748201,0.748201,0.748201,0.748201,0.748201,0.748201,0.748201,0.748201,0.748201,0.748201,0.748201,0.748201,0.748201,0.748201,0.748201,0.748201,0.748201,0.748201,0.748201,0.748201,0.748201,0.748201,0.748201,0.748201,0.748201,0.748201,0.748201
ECG200,0.81,0.81,0.86,0.85,0.75,0.73,0.81,0.86,0.89,0.81,0.72,0.84,0.85,0.83,0.74,0.82,0.8,0.81,0.84,0.74,0.74,0.84,0.83,0.8,0.8,0.87,0.82,0.79,0.82,0.78,0.85,0.75,0.79,0.83,0.8,0.75,0.86,0.73,0.76,0.8,0.81,0.89,0.89,0.8,0.78,0.7,0.79,0.81,0.85,0.83,0.83,0.81,0.79,0.85,0.81,0.89,0.9,0.72,0.79,0.71,0.81,0.85,0.77,0.8,0.78,0.82,0.74,0.86,0.86,0.78,0.84,0.79,0.81,0.81,0.76,0.84,0.76,0.85,0.8,0.82,0.79,0.86,0.81,0.82,0.87,0.75,0.78,0.81,0.74,0.82,0.8,0.77,0.77,0.79,0.73,0.78,0.85,0.82,0.85,0.82
ECG5000,0.922667,0.925778,0.926667,0.927333,0.921333,0.926667,0.928222,0.912889,0.928,0.931778,0.918222,0.925778,0.929111,0.930889,0.908667,0.919778,0.928667,0.913111,0.924222,0.920222,0.922444,0.919333,0.931111,0.927778,0.926222,0.924444,0.916444,0.915556,0.908,0.924,0.922444,0.914222,0.913778,0.922889,0.918222,0.927333,0.909333,0.914667,0.919778,0.903778,0.911333,0.928,0.933556,0.927333,0.918,0.923778,0.93,0.917778,0.916889,0.921111,0.930889,0.921778,0.927111,0.922222,0.924667,0.922444,0.923778,0.918222,0.924667,0.927333,0.922667,0.922,0.917778,0.918222,0.927778,0.922,0.926222,0.911556,0.917111,0.918444,0.923333,0.916444,0.914667,0.917111,0.909333,0.922222,0.917333,0.925333,0.931778,0.918444,0.924444,0.920444,0.920889,0.924667,0.919111,0.932,0.923333,0.921333,0.931556,0.918222,0.920889,0.919556,0.929778,0.935556,0.920222,0.912889,0.939778,0.925333,0.926444,0.916889
ECGFiveDays,0.997677,0.995354,0.996516,0.986063,0.976771,1,0.998839,0.995354,1,0.968641,0.986063,0.994193,0.968641,0.982578,0.987224,0.968641,0.986063,0.97561,0.998839,0.981417,0.984901,0.993031,0.984901,0.998839,0.997677,0.998839,0.99187,0.997677,0.988386,0.99187,0.99187,1,0.994193,0.997677,0.945412,1,0.997677,0.997677,0.968641,0.940767,0.994193,0.998839,0.977933,0.997677,0.997677,0.969803,1,0.947735,0.99187,0.995354,0.937282,1,0.990708,1,0.953542,0.982578,0.996516,0.989547,0.970964,0.989547,0.95122,0.993031,0.988386,0.993031,0.996516,0.994193,0.980256,0.998839,0.976771,1,0.97561,0.996516,0.946574,0.993031,0.986063,0.998839,0.955865,1,0.984901,0.946574,0.994193,0.982578,0.994193,0.993031,0.943089,1,0.981417,1,0.950058,1,0.974448,0.997677,0.996516,0.988386,0.945412,0.998839,0.997677,0.997677,0.988386,0.993031
ElectricDevices,0.579043,0.253664,0.253664,0.253664,0.253664,0.253664,0.253664,0.253664,0.253664,0.253664,0.253664,0.253664,0.253664,0.253664,0.253664,0.253664,0.253664,0.253664,0.253664,0.253664,0.449488,0.253664,0.253664,0.253664,0.253664,0.253664,0.253664,0.253664,0.253664,0.253664,0.253664,0.253664,0.253664,0.253664,0.253664,0.253664,0.253664,0.253664,0.253664,0.253664,0.253664,0.253664,0.253664,0.253664,0.253664,0.253664,0.253664,0.253664,0.253664,0.253664,0.253664,0.253664,0.253664,0.253664,0.253664,0.253664,0.253664,0.253664,0.253664,0.615744,0.253664,0.253664,0.253664,0.253664,0.253664,0.253664,0.253664,0.253664,0.253664,0.253664,0.253664,0.253664,0.253664,0.253664,0.253664,0.253664,0.253664,0.253664,0.253664,0.253664,0.253664,0.253664,0.253664,0.253664,0.253664,0.253664,0.253664,0.253664,0.253664,0.253664,0.253664,0.253664,0.253664,0.253664,0.253664,0.253664,0.253664,0.253664,0.253664,0.253664
FaceAll,0.626036,0.801183,0.79645,0.771006,0.759172,0.828994,0.776923,0.809467,0.787574,0.769822,0.775148,0.766272,0.786982,0.756805,0.766864,0.776331,0.783432,0.782249,0.813018,0.788757,0.720118,0.776923,0.77574,0.79645,0.829586,0.733136,0.781657,0.75503,0.801775,0.788757,0.804734,0.72426,0.763905,0.771598,0.77929,0.771006,0.798225,0.785207,0.784615,0.771598,0.77574,0.776923,0.785799,0.751479,0.811243,0.793491,0.794083,0.749704,0.801775,0.756213,0.749112,0.807692,0.725444,0.771598,0.766272,0.753846,0.742604,0.780473,0.772781,0.799408,0.766272,0.78284,0.778698,0.776923,0.745562,0.764497,0.760947,0.785799,0.784024,0.740828,0.812426,0.772781,0.77574,0.781657,0.746154,0.73787,0.780473,0.772189,0.810059,0.786391,0.76213,0.769822,0.762722,0.753254,0.756805,0.753846,0.792899,0.79645,0.732544,0.724852,0.730178,0.769822,0.783432,0.77929,0.800592,0.724852,0.784615,0.778698,0.761538,0.747337
FaceFour,0.909091,0.920455,0.818182,0.795455,0.920455,0.818182,0.863636,0.931818,0.806818,0.693182,0.875,0.943182,0.863636,0.943182,0.943182,0.840909,0.761364,0.897727,0.806818,0.954545,0.863636,0.886364,0.943182,0.909091,0.988636,0.806818,0.909091,0.840909,0.965909,0.829545,0.715909,0.829545,0.897727,0.818182,0.670455,0.875,0.772727,0.852273,0.806818,0.977273,0.954545,0.818182,0.829545,0.943182,0.954545,0.943182,0.920455,0.840909,0.909091,0.954545,0.988636,0.897727,0.818182,0.920455,0.863636,0.795455,0.886364,0.818182,0.818182,0.840909,0.965909,0.840909,0.852273,0.943182,0.761364,0.954545,0.795455,0.931818,0.875,0.829545,0.943182,0.818182,0.738636,0.806818,0.909091,0.920455,0.931818,0.829545,0.909091,0.909091,0.784091,0.761364,0.852273,0.852273,0.943182,0.943182,0.818182,0.784091,0.875,0.818182,0.920455,0.886364,0.875,0.931818,0.920455,0.886364,0.818182,0.75,0.909091,0.897727
FacesUCR,0.705854,0.694634,0.674146,0.69122,0.654634,0.726829,0.677561,0.682439,0.753171,0.639024,0.66439,0.698537,0.702439,0.701463,0.715122,0.651707,0.650244,0.74,0.678537,0.721951,0.66,0.699512,0.733171,0.726341,0.655122,0.741463,0.70878,0.74439,0.684878,0.686829,0.704878,0.675122,0.686341,0.682439,0.694634,0.716585,0.71122,0.72878,0.736098,0.67122,0.685366,0.700488,0.709268,0.747317,0.69561,0.717561,0.701951,0.689756,0.772195,0.671707,0.689756,0.681951,0.701463,0.685854,0.703902,0.747317,0.689756,0.695122,0.71561,0.709268,0.703902,0.709756,0.68878,0.70439,0.729268,0.699512,0.690732,0.713659,0.708293,0.692195,0.720976,0.680976,0.736585,0.712195,0.700488,0.683902,0.681951,0.730732,0.679024,0.659024,0.719024,0.732195,0.689756,0.681463,0.668293,0.642439,0.700976,0.688293,0.719512,0.696098,0.75122,0.69122,0.714146,0.687805,0.672195,0.695122,0.740976,0.732683,0.711707,0.730244
FiftyWords,0.481319,0.518681,0.527473,0.518681,0.520879,0.49011,0.520879,0.527473,0.516484,0.525275,0.514286,0.520879,0.52967,0.501099,0.461538,0.483516,0.49011,0.525275,0.507692,0.503297,0.542857,0.487912,0.465934,0.503297,0.481319,0.494505,0.516484,0.487912,0.518681,0.487912,0.518681,0.503297,0.50989,0.501099,0.516484,0.56044,0.481319,0.47033,0.501099,0.498901,0.531868,0.525275,0.472527,0.476923,0.507692,0.494505,0.498901,0.501099,0.523077,0.494505,0.518681,0.512088,0.487912,0.531868,0.531868,0.514286,0.485714,0.501099,0.49011,0.520879,0.494505,0.512088,0.536264,0.551648,0.525275,0.512088,0.523077,0.540659,0.52967,0.505495,0.553846,0.538462,0.50989,0.52967,0.492308,0.564835,0.527473,0.551648,0.498901,0.536264,0.542857,0.514286,0.512088,0.545055,0.518681,0.49011,0.501099,0.523077,0.520879,0.525275,0.516484,0.518681,0.505495,0.514286,0.492308,0.501099,0.531868,0.496703,0.523077,0.512088
Fish,0.782857,0.68,0.794286,0.811429,0.765714,0.76,0.765714,0.725714,0.76,0.794286,0.72,0.708571,0.76,0.708571,0.8,0.685714,0.725714,0.731429,0.754286,0.668571,0.731429,0.748571,0.777143,0.742857,0.685714,0.788571,0.8,0.794286,0.76,0.714286,0.72,0.702857,0.691429,0.737143,0.788571,0.771429,0.765714,0.777143,0.811429,0.817143,0.748571,0.737143,0.662857,0.765714,0.788571,0.754286,0.788571,0.748571,0.714286,0.76,0.708571,0.731429,0.725714,0.72,0.748571,0.725714,0.794286,0.72,0.817143,0.64,0.742857,0.771429,0.714286,0.685714,0.737143,0.777143,0.742857,0.754286,0.674286,0.725714,0.76,0.697143,0.68,0.8,0.742857,0.737143,0.742857,0.731429,0.725714,0.748571,0.714286,0.76,0.771429,0.725714,0.691429,0.771429,0.748571,0.691429,0.691429,0.731429,0.742857,0.777143,0.737143,0.811429,0.731429,0.731429,0.72,0.662857,0.765714,0.697143
FordA,0.787121,0.790152,0.778788,0.781818,0.752273,0.760606,0.794697,0.773485,0.77197,0.766667,0.794697,0.786364,0.775,0.744697,0.809091,0.798485,0.812879,0.820455,0.763636,0.765909,0.798485,0.774242,0.764394,0.77197,0.805303,0.759091,0.775758,0.77803,0.8,0.764394,0.780303,0.744697,0.746212,0.750758,0.79697,0.794697,0.788636,0.812879,0.824242,0.794697,0.783333,0.781818,0.766667,0.810606,0.787879,0.798485,0.787121,0.765909,0.779545,0.764394,0.789394,0.79697,0.769697,0.769697,0.805303,0.80303,0.788636,0.77803,0.806061,0.735606,0.806061,0.788636,0.784091,0.77803,0.775758,0.759091,0.82197,0.798485,0.796212,0.807576,0.757576,0.784091,0.768182,0.787879,0.786364,0.774242,0.809848,0.798485,0.800758,0.781818,0.788636,0.762879,0.773485,0.818939,0.771212,0.793182,0.796212,0.770455,0.785606,0.765152,0.813636,0.77803,0.795455,0.784091,0.817424,0.771212,0.790152,0.812121,0.800758,0.787121
FordB,0.728395,0.769136,0.775309,0.787654,0.755556,0.797531,0.818519,0.791358,0.780247,0.78642,0.771605,0.765432,0.754321,0.785185,0.769136,0.809877,0.791358,0.740741,0.782716,0.801235,0.803704,0.785185,0.767901,0.767901,0.796296,0.750617,0.801235,0.767901,0.817284,0.801235,0.769136,0.779012,0.792593,0.809877,0.788889,0.795062,0.787654,0.788889,0.804938,0.723457,0.792593,0.759259,0.759259,0.78642,0.759259,0.808642,0.819753,0.758025,0.796296,0.783951,0.781481,0.766667,0.769136,0.790123,0.780247,0.761728,0.767901,0.811111,0.760494,0.801235,0.780247,0.853086,0.81358,0.801235,0.775309,0.737037,0.780247,0.816049,0.744444,0.781481,0.769136,0.785185,0.797531,0.776543,0.787654,0.737037,0.791358,0.748148,0.771605,0.78642,0.803704,0.779012,0.81358,0.837037,0.796296,0.797531,0.78642,0.788889,0.744444,0.762963,0.798765,0.825926,0.78642,0.776543,0.767901,0.779012,0.755556,0.798765,0.803704,0.809877
GunPoint,0.946667,0.966667,0.906667,0.946667,0.853333,0.893333,0.946667,0.946667,0.96,0.946667,0.9,0.92,0.906667,0.946667,0.96,0.946667,0.973333,0.973333,0.913333,0.973333,0.98,0.913333,0.946667,0.913333,0.933333,0.94,0.873333,0.96,0.953333,0.9,0.92,0.953333,0.906667,0.94,0.933333,0.92,0.933333,0.946667,0.946667,0.973333,0.946667,0.953333,0.873333,0.933333,0.946667,0.906667,0.94,0.94,0.913333,0.906667,0.953333,0.913333,0.953333,0.966667,0.953333,0.966667,0.893333,0.946667,0.906667,0.906667,0.833333,0.88,0.913333,0.913333,0.96,0.933333,0.946667,0.96,0.926667,0.933333,0.913333,0.946667,0.98,0.926667,0.94,0.913333,0.893333,0.793333,0.96,0.9,0.913333,0.9,0.92,0.973333,0.9,0.9,0.966667,0.92,0.933333,0.92,0.82,0.92,0.96,0.94,0.933333,0.946667,0.946667,0.926667,0.953333,0.966667
Ham,0.647619,0.619048,0.609524,0.72381,0.609524,0.742857,0.657143,0.742857,0.638095,0.657143,0.647619,0.6,0.638095,0.752381,0.695238,0.685714,0.761905,0.685714,0.6,0.72381,0.695238,0.714286,0.714286,0.619048,0.695238,0.666667,0.685714,0.628571,0.714286,0.657143,0.628571,0.752381,0.714286,0.638095,0.8,0.647619,0.72381,0.685714,0.590476,0.6,0.67619,0.685714,0.666667,0.67619,0.647619,0.657143,0.6,0.628571,0.619048,0.666667,0.695238,0.752381,0.619048,0.695238,0.685714,0.72381,0.67619,0.666667,0.571429,0.638095,0.695238,0.714286,0.666667,0.733333,0.628571,0.72381,0.695238,0.628571,0.580952,0.695238,0.657143,0.8,0.72381,0.72381,0.714286,0.742857,0.714286,0.638095,0.695238,0.704762,0.67619,0.628571,0.67619,0.657143,0.609524,0.695238,0.647619,0.714286,0.666667,0.657143,0.72381,0.685714,0.695238,0.742857,0.685714,0.695238,0.609524,0.714286,0.638095,0.704762
HandOutlines,0.810811,0.772973,0.786486,0.845946,0.810811,0.851351,0.862162,0.816216,0.854054,0.859459,0.827027,0.845946,0.881081,0.813514,0.867568,0.859459,0.897297,0.835135,0.851351,0.859459,0.816216,0.840541,0.840541,0.878378,0.840541,0.867568,0.778378,0.827027,0.856757,0.889189,0.843243,0.851351,0.845946,0.821622,0.864865,0.891892,0.851351,0.878378,0.845946,0.797297,0.851351,0.8,0.854054,0.848649,0.82973,0.9,0.835135,0.82973,0.794595,0.827027,0.864865,0.843243,0.883784,0.897297,0.805405,0.854054,0.810811,0.8,0.889189,0.859459,0.843243,0.87027,0.8,0.762162,0.775676,0.824324,0.824324,0.881081,0.854054,0.845946,0.791892,0.837838,0.87027,0.827027,0.843243,0.878378,0.87027,0.894595,0.851351,0.824324,0.810811,0.794595,0.867568,0.824324,0.821622,0.845946,0.854054,0.82973,0.878378,0.82973,0.837838,0.832432,0.810811,0.856757,0.859459,0.854054,0.756757,0.832432,0.87027,0.824324
Haptics,0.392857,0.36039,0.353896,0.418831,0.392857,0.373377,0.357143,0.38961,0.292208,0.37013,0.314935,0.324675,0.350649,0.366883,0.36039,0.340909,0.344156,0.38961,0.363636,0.392857,0.386364,0.331169,0.373377,0.38961,0.324675,0.350649,0.402597,0.37987,0.308442,0.350649,0.37013,0.334416,0.363636,0.373377,0.37987,0.38961,0.392857,0.366883,0.344156,0.363636,0.405844,0.344156,0.363636,0.373377,0.321429,0.298701,0.399351,0.301948,0.321429,0.340909,0.327922,0.373377,0.298701,0.318182,0.373377,0.350649,0.38961,0.37987,0.353896,0.331169,0.366883,0.321429,0.428571,0.353896,0.337662,0.37987,0.344156,0.327922,0.386364,0.324675,0.347403,0.327922,0.392857,0.392857,0.373377,0.337662,0.347403,0.353896,0.347403,0.353896,0.305195,0.272727,0.353896,0.318182,0.366883,0.357143,0.327922,0.357143,0.405844,0.334416,0.347403,0.37987,0.350649,0.38961,0.334416,0.334416,0.357143,0.386364,0.363636,0.347403
Herring,0.53125,0.59375,0.578125,0.609375,0.578125,0.59375,0.609375,0.5625,0.546875,0.5625,0.578125,0.46875,0.46875,0.46875,0.5625,0.546875,0.46875,0.609375,0.65625,0.53125,0.53125,0.59375,0.546875,0.546875,0.625,0.578125,0.53125,0.5,0.5625,0.703125,0.421875,0.4375,0.53125,0.546875,0.59375,0.578125,0.6875,0.625,0.5625,0.46875,0.546875,0.59375,0.625,0.578125,0.59375,0.53125,0.578125,0.5,0.546875,0.5625,0.546875,0.59375,0.640625,0.484375,0.578125,0.546875,0.53125,0.5,0.59375,0.515625,0.515625,0.515625,0.515625,0.578125,0.609375,0.6875,0.46875,0.625,0.5,0.671875,0.421875,0.546875,0.640625,0.609375,0.5625,0.578125,0.5625,0.5,0.578125,0.625,0.515625,0.515625,0.625,0.625,0.4375,0.640625,0.546875,0.5625,0.5,0.53125,0.578125,0.703125,0.625,0.515625,0.4375,0.46875,0.546875,0.5,0.578125,0.53125
InlineSkate,0.189091,0.309091,0.250909,0.292727,0.245455,0.269091,0.28,0.263636,0.252727,0.287273,0.289091,0.229091,0.256364,0.187273,0.270909,0.287273,0.236364,0.267273,0.278182,0.245455,0.274545,0.218182,0.272727,0.310909,0.265455,0.269091,0.225455,0.245455,0.232727,0.254545,0.243636,0.238182,0.272727,0.229091,0.241818,0.207273,0.212727,0.294545,0.243636,0.238182,0.22,0.218182,0.278182,0.210909,0.252727,0.267273,0.270909,0.307273,0.307273,0.301818,0.243636,0.223636,0.210909,0.265455,0.227273,0.265455,0.234545,0.22,0.254545,0.314545,0.281818,0.258182,0.249091,0.290909,0.272727,0.269091,0.238182,0.290909,0.232727,0.267273,0.267273,0.276364,0.298182,0.263636,0.26,0.249091,0.232727,0.278182,0.256364,0.229091,0.256364,0.28,0.269091,0.281818,0.229091,0.267273,0.28,0.289091,0.212727,0.241818,0.241818,0.292727,0.294545,0.245455,0.236364,0.256364,0.214545,0.205455,0.287273,0.276364
InsectWingbeatSound,0.489394,0.490404,0.515657,0.466667,0.457576,0.515152,0.476768,0.50303,0.485354,0.475253,0.483838,0.492424,0.483838,0.50202,0.497475,0.523737,0.483333,0.486364,0.467172,0.485859,0.482323,0.464646,0.512121,0.476263,0.488384,0.494444,0.506061,0.506566,0.530303,0.476768,0.447475,0.5,0.478283,0.5,0.513636,0.429798,0.494949,0.478788,0.486869,0.475758,0.499495,0.503535,0.519697,0.484343,0.484343,0.466667,0.513636,0.493939,0.465657,0.519697,0.498485,0.502525,0.470707,0.466162,0.523737,0.469192,0.509596,0.506061,0.484343,0.512626,0.481313,0.471717,0.487374,0.521717,0.473232,0.479293,0.472222,0.486869,0.498485,0.469192,0.446465,0.457576,0.473737,0.459596,0.502525,0.488889,0.491414,0.494444,0.524747,0.515152,0.45101,0.440909,0.470202,0.516162,0.472222,0.523737,0.49798,0.513131,0.450505,0.465152,0.471717,0.488384,0.528283,0.493434,0.470707,0.513131,0.45202,0.494444,0.515657,0.469697
ItalyPowerDemand,0.917396,0.912536,0.895044,0.891156,0.876579,0.956268,0.932945,0.961127,0.877551,0.916424,0.915452,0.899903,0.924198,0.931001,0.865889,0.885326,0.928086,0.889213,0.949466,0.923226,0.891156,0.91448,0.901846,0.920311,0.941691,0.956268,0.912536,0.93586,0.890185,0.934888,0.896987,0.937804,0.837707,0.879495,0.932945,0.908649,0.844509,0.934888,0.904762,0.930029,0.898931,0.939747,0.944606,0.817298,0.86103,0.877551,0.91448,0.870748,0.907677,0.891156,0.887269,0.910593,0.906706,0.8931,0.930029,0.943635,0.874636,0.909621,0.920311,0.931973,0.891156,0.906706,0.911565,0.883382,0.92517,0.831876,0.934888,0.905734,0.950437,0.909621,0.870748,0.917396,0.902818,0.912536,0.919339,0.910593,0.896987,0.930029,0.916424,0.906706,0.862002,0.93586,0.898931,0.898931,0.932945,0.932945,0.908649,0.909621,0.904762,0.896016,0.919339,0.927114,0.910593,0.94655,0.909621,0.937804,0.908649,0.894072,0.949466,0.895044
LargeKitchenAppliances,0.56,0.333333,0.597333,0.333333,0.541333,0.333333,0.509333,0.533333,0.333333,0.333333,0.333333,0.509333,0.333333,0.530667,0.528,0.333333,0.552,0.562667,0.333333,0.333333,0.333333,0.333333,0.333333,0.536,0.533333,0.333333,0.565333,0.333333,0.522667,0.333333,0.56,0.333333,0.568,0.333333,0.333333,0.333333,0.333333,0.757333,0.333333,0.333333,0.536,0.333333,0.530667,0.544,0.333333,0.333333,0.333333,0.333333,0.573333,0.333333,0.333333,0.56,0.549333,0.528,0.333333,0.333333,0.333333,0.333333,0.333333,0.538667,0.333333,0.333333,0.333333,0.333333,0.333333,0.333333,0.333333,0.333333,0.333333,0.568,0.581333,0.594667,0.333333,0.333333,0.333333,0.552,0.728,0.333333,0.533333,0.541333,0.333333,0.333333,0.333333,0.530667,0.333333,0.333333,0.56,0.333333,0.333333,0.333333,0.568,0.565333,0.333333,0.530667,0.333333,0.333333,0.333333,0.333333,0.333333,0.576
Lightning2,0.704918,0.606557,0.459016,0.459016,0.459016,0.672131,0.459016,0.459016,0.459016,0.672131,0.459016,0.459016,0.459016,0.459016,0.459016,0.459016,0.459016,0.459016,0.459016,0.622951,0.459016,0.459016,0.459016,0.459016,0.540984,0.459016,0.459016,0.459016,0.459016,0.459016,0.459016,0.459016,0.459016,0.459016,0.459016,0.459016,0.459016,0.459016,0.459016,0.459016,0.459016,0.459016,0.459016,0.459016,0.459016,0.459016,0.459016,0.459016,0.459016,0.606557,0.459016,0.459016,0.459016,0.459016,0.459016,0.459016,0.622951,0.459016,0.459016,0.459016,0.459016,0.459016,0.459016,0.459016,0.459016,0.459016,0.459016,0.459016,0.459016,0.459016,0.459016,0.459016,0.57377,0.459016,0.459016,0.459016,0.459016,0.459016,0.57377,0.459016,0.459016,0.459016,0.459016,0.459016,0.459016,0.459016,0.655738,0.508197,0.459016,0.459016,0.459016,0.459016,0.508197,0.688525,0.459016,0.459016,0.459016,0.459016,0.459016,0.459016
Lightning7,0.643836,0.09589,0.09589,0.09589,0.09589,0.09589,0.09589,0.09589,0.09589,0.09589,0.09589,0.09589,0.09589,0.09589,0.09589,0.09589,0.09589,0.09589,0.09589,0.09589,0.09589,0.09589,0.09589,0.09589,0.09589,0.09589,0.09589,0.09589,0.09589,0.09589,0.09589,0.09589,0.09589,0.09589,0.09589,0.09589,0.09589,0.09589,0.09589,0.09589,0.09589,0.09589,0.09589,0.09589,0.09589,0.09589,0.09589,0.09589,0.09589,0.09589,0.09589,0.09589,0.09589,0.09589,0.09589,0.09589,0.09589,0.09589,0.09589,0.09589,0.09589,0.09589,0.09589,0.09589,0.09589,0.09589,0.09589,0.09589,0.09589,0.09589,0.09589,0.09589,0.09589,0.09589,0.09589,0.09589,0.09589,0.09589,0.09589,0.09589,0.09589,0.09589,0.09589,0.09589,0.09589,0.09589,0.09589,0.09589,0.09589,0.09589,0.09589,0.09589,0.09589,0.09589,0.09589,0.09589,0.09589,0.09589,0.09589,0.09589
Mallat,0.976119,0.920256,0.863539,0.849467,0.900213,0.889126,0.922388,0.839659,0.850746,0.949254,0.891258,0.914712,0.896802,0.852452,0.895096,0.865245,0.823028,0.7629,0.763753,0.902772,0.836674,0.759915,0.935608,0.920256,0.849467,0.876333,0.975267,0.829851,0.943284,0.944136,0.923667,0.898081,0.907889,0.808102,0.945416,0.955224,0.881023,0.939872,0.931343,0.960341,0.919829,0.940299,0.853305,0.927505,0.95693,0.914712,0.89936,0.930064,0.852878,0.842217,0.849467,0.91258,0.914286,0.883156,0.970149,0.888273,0.933475,0.855011,0.914286,0.921535,0.875053,0.881023,0.944563,0.935181,0.84307,0.938166,0.900213,0.932196,0.848614,0.849893,0.901066,0.852878,0.920256,0.866951,0.86951,0.936887,0.900213,0.909168,0.916844,0.89936,0.849467,0.930917,0.823028,0.92452,0.862687,0.883582,0.910021,0.94968,0.909595,0.933902,0.890832,0.914712,0.820896,0.914286,0.852878,0.876759,0.879744,0.952239,0.855011,0.838806
Meat,0.833333,0.933333,0.95,0.883333,0.933333,0.85,0.883333,0.95,0.833333,0.933333,0.95,0.95,0.883333,0.9,0.9,0.9,0.966667,0.916667,0.983333,0.95,0.933333,0.95,0.933333,0.9,0.933333,0.966667,0.9,0.866667,0.916667,0.866667,0.85,0.966667,0.933333,0.933333,0.95,0.966667,1,0.966667,1,0.9,0.883333,0.9,0.966667,0.883333,0.95,0.95,0.95,0.916667,0.95,0.966667,0.916667,0.866667,0.983333,0.966667,0.933333,0.933333,0.883333,0.933333,0.916667,0.9,0.933333,0.933333,0.95,0.883333,0.9,0.966667,0.883333,0.933333,0.916667,0.9,0.933333,0.966667,0.9,0.9,0.916667,0.9,0.933333,1,0.966667,0.883333,0.85,0.916667,0.966667,0.966667,0.95,0.933333,0.95,0.983333,0.966667,0.9,0.883333,0.966667,0.9,0.883333,0.983333,0.9,0.866667,0.816667,0.933333,0.933333
MedicalImages,0.623684,0.631579,0.610526,0.617105,0.610526,0.627632,0.631579,0.602632,0.631579,0.643421,0.644737,0.640789,0.571053,0.567105,0.622368,0.580263,0.593421,0.646053,0.623684,0.621053,0.601316,0.619737,0.589474,0.601316,0.613158,0.589474,0.607895,0.631579,0.609211,0.602632,0.631579,0.551316,0.598684,0.638158,0.611842,0.578947,0.630263,0.638158,0.606579,0.588158,0.605263,0.584211,0.606579,0.621053,0.589474,0.613158,0.606579,0.625,0.646053,0.635526,0.617105,0.603947,0.593421,0.626316,0.603947,0.607895,0.618421,0.607895,0.602632,0.606579,0.640789,0.636842,0.610526,0.617105,0.6,0.623684,0.567105,0.580263,0.585526,0.571053,0.606579,0.561842,0.672368,0.584211,0.569737,0.611842,0.571053,0.618421,0.602632,0.623684,0.601316,0.622368,0.601316,0.644737,0.618421,0.577632,0.635526,0.644737,0.596053,0.607895,0.593421,0.584211,0.594737,0.576316,0.626316,0.611842,0.582895,0.557895,0.643421,0.619737
MiddlePhalanxOutlineCorrect,0.545455,0.675325,0.61039,0.590909,0.577922,0.649351,0.61039,0.538961,0.636364,0.597403,0.636364,0.5,0.61039,0.642857,0.584416,0.551948,0.636364,0.5,0.584416,0.571429,0.662338,0.577922,0.649351,0.558442,0.655844,0.642857,0.519481,0.707792,0.675325,0.675325,0.512987,0.564935,0.74026,0.584416,0.655844,0.642857,0.61039,0.62987,0.675325,0.616883,0.61039,0.642857,0.512987,0.694805,0.636364,0.649351,0.584416,0.571429,0.616883,0.623377,0.714286,0.688312,0.597403,0.681818,0.538961,0.649351,0.577922,0.62987,0.558442,0.668831,0.506494,0.616883,0.649351,0.701299,0.642857,0.558442,0.61039,0.636364,0.571429,0.642857,0.616883,0.649351,0.603896,0.675325,0.545455,0.707792,0.616883,0.61039,0.701299,0.623377,0.694805,0.545455,0.597403,0.616883,0.493506,0.474026,0.564935,0.623377,0.655844,0.694805,0.461039,0.493506,0.681818,0.655844,0.662338,0.675325,0.519481,0.668831,0.662338,0.558442
MiddlePhalanxOutlineAgeGroup,0.728522,0.704467,0.735395,0.694158,0.718213,0.721649,0.735395,0.721649,0.731959,0.742268,0.714777,0.704467,0.735395,0.731959,0.714777,0.718213,0.690722,0.707904,0.701031,0.738832,0.707904,0.735395,0.683849,0.680412,0.721649,0.683849,0.707904,0.738832,0.670103,0.701031,0.707904,0.642612,0.680412,0.697595,0.704467,0.735395,0.701031,0.731959,0.742268,0.694158,0.71134,0.721649,0.718213,0.714777,0.735395,0.680412,0.707904,0.704467,0.745704,0.656357,0.752577,0.676976,0.67354,0.652921,0.718213,0.690722,0.721649,0.752577,0.718213,0.666667,0.735395,0.718213,0.66323,0.721649,0.71134,0.728522,0.738832,0.714777,0.735395,0.714777,0.762887,0.749141,0.66323,0.735395,0.725086,0.738832,0.725086,0.683849,0.745704,0.71134,0.697595,0.67354,0.731959,0.694158,0.745704,0.745704,0.697595,0.742268,0.71134,0.766323,0.776632,0.690722,0.756014,0.725086,0.728522,0.745704,0.735395,0.738832,0.776632,0.725086
MiddlePhalanxTW,0.532468,0.577922,0.532468,0.525974,0.532468,0.577922,0.603896,0.558442,0.441558,0.5,0.448052,0.525974,0.545455,0.428571,0.5,0.467532,0.487013,0.558442,0.525974,0.467532,0.512987,0.506494,0.506494,0.545455,0.493506,0.5,0.474026,0.571429,0.564935,0.467532,0.5,0.577922,0.564935,0.519481,0.525974,0.506494,0.487013,0.5,0.519481,0.525974,0.545455,0.512987,0.558442,0.532468,0.512987,0.525974,0.461039,0.519481,0.5,0.519481,0.461039,0.487013,0.487013,0.525974,0.487013,0.545455,0.493506,0.519481,0.512987,0.525974,0.590909,0.506494,0.551948,0.551948,0.564935,0.493506,0.506494,0.532468,0.564935,0.532468,0.532468,0.545455,0.493506,0.577922,0.590909,0.480519,0.487013,0.558442,0.474026,0.532468,0.5,0.551948,0.538961,0.506494,0.512987,0.532468,0.480519,0.538961,0.480519,0.538961,0.506494,0.493506,0.487013,0.467532,0.512987,0.525974,0.467532,0.551948,0.506494,0.551948
MoteStrain,0.777157,0.778754,0.826677,0.709265,0.819489,0.794728,0.789936,0.809105,0.795527,0.817891,0.745208,0.740415,0.804313,0.836262,0.844249,0.785144,0.78754,0.829872,0.797125,0.799521,0.738818,0.801118,0.838658,0.763578,0.844249,0.806709,0.799521,0.826677,0.837061,0.853834,0.810703,0.814696,0.833067,0.789936,0.74361,0.817093,0.766773,0.821086,0.8123,0.806709,0.733227,0.817891,0.693291,0.799521,0.805911,0.809105,0.839457,0.834665,0.858626,0.798722,0.751597,0.822684,0.789936,0.838658,0.837859,0.837859,0.722843,0.792332,0.742812,0.690096,0.75639,0.851438,0.829872,0.598243,0.814696,0.692492,0.753195,0.833866,0.845847,0.85623,0.730032,0.805112,0.768371,0.815495,0.798722,0.825879,0.721246,0.801118,0.817093,0.670128,0.765974,0.841054,0.755591,0.854633,0.852236,0.81869,0.84984,0.811502,0.775559,0.75639,0.813099,0.782748,0.539137,0.821086,0.854633,0.811502,0.826677,0.796326,0.809904,0.727636
NonInvasiveFetalECGThorax1,0.710433,0.671247,0.726209,0.720611,0.705852,0.701781,0.69771,0.707379,0.699237,0.700763,0.686514,0.698728,0.727735,0.67888,0.715013,0.719593,0.713995,0.69771,0.724173,0.735878,0.726718,0.705344,0.691603,0.73944,0.696183,0.717557,0.722137,0.683461,0.713995,0.737913,0.717048,0.710941,0.707888,0.69771,0.694148,0.757252,0.685496,0.713486,0.698219,0.716539,0.710433,0.711959,0.693639,0.732824,0.704835,0.717557,0.695165,0.685496,0.69771,0.731807,0.698728,0.715013,0.668193,0.711959,0.708397,0.709415,0.705344,0.69771,0.741476,0.70229,0.736387,0.710433,0.720102,0.705344,0.712468,0.704326,0.701781,0.73028,0.710433,0.698219,0.709924,0.703308,0.711959,0.704835,0.725191,0.690076,0.708397,0.716031,0.715013,0.742494,0.703817,0.724173,0.696692,0.677863,0.719084,0.723155,0.700763,0.720102,0.701272,0.7257,0.720611,0.724682,0.693639,0.724682,0.740967,0.709924,0.714504,0.707888,0.712977,0.7257
NonInvasiveFetalECGThorax2,0.75369,0.779135,0.740458,0.745038,0.762341,0.760814,0.747074,0.771501,0.747583,0.755216,0.772519,0.764885,0.76743,0.749618,0.763868,0.757761,0.763359,0.78117,0.747074,0.746056,0.765903,0.767939,0.758779,0.752672,0.760814,0.746565,0.746565,0.771501,0.777099,0.758779,0.76743,0.738931,0.753181,0.739949,0.752163,0.757252,0.738422,0.754198,0.773028,0.787786,0.761323,0.721628,0.752163,0.770483,0.773028,0.760305,0.754198,0.754198,0.750127,0.737913,0.775573,0.764377,0.774046,0.747074,0.735369,0.749109,0.76285,0.764377,0.748601,0.731298,0.76743,0.740458,0.762341,0.759796,0.767939,0.748601,0.767939,0.756743,0.738422,0.73486,0.747074,0.756234,0.752163,0.75827,0.778117,0.754198,0.750127,0.780153,0.775573,0.76743,0.75827,0.791858,0.752672,0.755725,0.758779,0.760305,0.780662,0.733333,0.765394,0.775573,0.778117,0.763868,0.744529,0.753181,0.731807,0.761323,0.757252,0.756234,0.758779,0.779644
OliveOil,0.733333,0.766667,0.533333,0.9,0.7,0.833333,0.733333,0.766667,0.766667,0.7,0.566667,0.933333,0.833333,0.833333,0.9,0.833333,0.566667,0.666667,0.866667,0.966667,0.866667,0.666667,0.633333,0.833333,0.833333,0.833333,0.733333,0.766667,0.9,0.7,0.8,0.866667,0.733333,0.833333,0.8,0.766667,0.766667,0.6,0.7,0.766667,0.766667,0.833333,0.8,0.9,0.866667,0.733333,0.7,0.733333,0.9,0.866667,0.666667,0.833333,0.9,0.633333,0.833333,0.833333,0.666667,0.766667,0.833333,0.766667,0.766667,0.833333,0.733333,0.866667,0.733333,0.866667,0.766667,0.6,0.833333,0.733333,0.7,0.733333,0.9,0.733333,0.766667,0.7,0.733333,0.8,0.8,0.833333,0.766667,0.866667,0.8,0.8,0.766667,0.666667,0.566667,0.733333,0.7,0.8,0.566667,0.733333,0.633333,0.6,0.833333,0.7,0.766667,0.766667,0.733333,0.6
OSULeaf,0.677686,0.677686,0.710744,0.68595,0.719008,0.661157,0.706612,0.619835,0.628099,0.698347,0.64876,0.760331,0.698347,0.669421,0.632231,0.657025,0.681818,0.702479,0.698347,0.690083,0.694215,0.644628,0.665289,0.694215,0.677686,0.657025,0.735537,0.669421,0.652893,0.694215,0.661157,0.681818,0.727273,0.661157,0.652893,0.669421,0.673554,0.743802,0.636364,0.657025,0.619835,0.739669,0.68595,0.632231,0.677686,0.72314,0.760331,0.698347,0.673554,0.681818,0.690083,0.665289,0.710744,0.636364,0.652893,0.607438,0.727273,0.747934,0.657025,0.640496,0.694215,0.661157,0.632231,0.665289,0.743802,0.652893,0.72314,0.702479,0.657025,0.710744,0.657025,0.731405,0.727273,0.677686,0.640496,0.619835,0.640496,0.719008,0.743802,0.719008,0.553719,0.652893,0.665289,0.673554,0.743802,0.657025,0.681818,0.72314,0.714876,0.673554,0.68595,0.760331,0.702479,0.661157,0.632231,0.607438,0.640496,0.690083,0.595041,0.698347
PhalangesOutlinesCorrect,0.74359,0.736597,0.702797,0.72028,0.701632,0.752914,0.741259,0.736597,0.722611,0.74359,0.737762,0.707459,0.729604,0.752914,0.719114,0.74359,0.723776,0.7331,0.751748,0.729604,0.75641,0.722611,0.682984,0.754079,0.721445,0.731935,0.742424,0.703963,0.768065,0.68648,0.749417,0.728438,0.713287,0.754079,0.700466,0.74359,0.723776,0.727273,0.722611,0.742424,0.734266,0.719114,0.734266,0.729604,0.70979,0.712121,0.748252,0.754079,0.740093,0.741259,0.723776,0.706294,0.761072,0.717949,0.716783,0.728438,0.723776,0.736597,0.755245,0.72028,0.750583,0.749417,0.750583,0.735431,0.716783,0.768065,0.70979,0.763403,0.759907,0.729604,0.705128,0.742424,0.706294,0.755245,0.731935,0.758741,0.682984,0.710956,0.740093,0.714452,0.727273,0.694639,0.74359,0.755245,0.731935,0.691142,0.7331,0.745921,0.685315,0.7331,0.688811,0.731935,0.761072,0.741259,0.715618,0.714452,0.722611,0.694639,0.721445,0.717949
Phoneme,0.173523,0.164557,0.161392,0.156646,0.149262,0.16403,0.189873,0.178797,0.168776,0.172996,0.161392,0.177743,0.179852,0.170359,0.163502,0.182489,0.189346,0.17616,0.176688,0.206751,0.141878,0.190401,0.162447,0.197785,0.150844,0.175633,0.195675,0.164557,0.176688,0.185127,0.152426,0.145042,0.181962,0.183017,0.176688,0.15981,0.191456,0.18038,0.17827,0.171941,0.148734,0.154536,0.150844,0.183017,0.149789,0.185654,0.158755,0.193565,0.181435,0.174051,0.163502,0.177215,0.167722,0.170359,0.189346,0.185127,0.169831,0.181962,0.170886,0.169831,0.194093,0.19462,0.192511,0.172468,0.169304,0.140823,0.168249,0.181435,0.176688,0.179852,0.189346,0.178797,0.187236,0.179325,0.140823,0.179852,0.189873,0.174051,0.169831,0.190401,0.184072,0.149262,0.166139,0.157173,0.181962,0.176688,0.173523,0.17616,0.16403,0.172996,0.166139,0.167722,0.172996,0.155591,0.181435,0.160338,0.173523,0.166667,0.15981,0.169304
Plane,1,0.971429,0.980952,0.971429,0.980952,0.990476,0.952381,0.961905,0.961905,0.971429,0.961905,0.952381,0.961905,0.971429,0.990476,0.961905,0.961905,0.961905,0.971429,0.961905,0.971429,0.961905,0.980952,0.971429,0.942857,1,0.904762,0.961905,0.980952,1,0.990476,0.952381,0.990476,0.980952,0.971429,0.990476,0.980952,0.980952,0.980952,0.961905,0.961905,0.971429,0.980952,0.971429,0.980952,0.990476,0.980952,0.971429,0.961905,0.980952,0.942857,0.971429,0.952381,0.952381,0.971429,0.990476,0.952381,0.990476,0.961905,1,0.952381,0.990476,0.961905,0.980952,0.980952,0.961905,0.961905,0.980952,0.971429,0.980952,0.990476,0.971429,0.990476,0.980952,0.961905,0.980952,0.933333,0.980952,0.952381,0.980952,0.980952,0.961905,0.971429,0.971429,0.980952,0.933333,0.942857,0.971429,0.914286,0.980952,0.971429,0.971429,0.971429,0.961905,0.971429,0.952381,0.92381,0.990476,0.971429,0.961905
ProximalPhalanxOutlineCorrect,0.780488,0.795122,0.780488,0.804878,0.790244,0.804878,0.814634,0.760976,0.77561,0.717073,0.843902,0.756098,0.770732,0.829268,0.795122,0.780488,0.843902,0.726829,0.8,0.785366,0.82439,0.726829,0.795122,0.760976,0.804878,0.843902,0.790244,0.843902,0.843902,0.814634,0.780488,0.77561,0.819512,0.746341,0.765854,0.75122,0.814634,0.829268,0.790244,0.829268,0.770732,0.795122,0.756098,0.809756,0.834146,0.736585,0.839024,0.77561,0.809756,0.804878,0.77561,0.829268,0.82439,0.843902,0.770732,0.82439,0.814634,0.77561,0.770732,0.795122,0.814634,0.819512,0.804878,0.814634,0.756098,0.795122,0.858537,0.814634,0.819512,0.760976,0.804878,0.780488,0.736585,0.819512,0.790244,0.8,0.8,0.843902,0.814634,0.75122,0.790244,0.77561,0.780488,0.804878,0.814634,0.843902,0.82439,0.839024,0.82439,0.809756,0.8,0.785366,0.756098,0.8,0.804878,0.795122,0.843902,0.746341,0.84878,0.765854
ProximalPhalanxOutlineAgeGroup,0.804124,0.749141,0.824742,0.80756,0.773196,0.831615,0.80756,0.786942,0.814433,0.628866,0.821306,0.814433,0.828179,0.793814,0.797251,0.783505,0.824742,0.601375,0.821306,0.776632,0.642612,0.810997,0.824742,0.817869,0.800687,0.80756,0.80756,0.838488,0.821306,0.80756,0.814433,0.793814,0.821306,0.756014,0.786942,0.80756,0.786942,0.80756,0.800687,0.800687,0.80756,0.814433,0.71134,0.810997,0.786942,0.835052,0.800687,0.790378,0.852234,0.824742,0.783505,0.790378,0.845361,0.749141,0.786942,0.817869,0.80756,0.828179,0.841924,0.642612,0.780069,0.814433,0.780069,0.714777,0.828179,0.800687,0.80756,0.804124,0.824742,0.780069,0.793814,0.804124,0.762887,0.762887,0.766323,0.814433,0.800687,0.80756,0.810997,0.835052,0.848797,0.828179,0.838488,0.810997,0.804124,0.75945,0.852234,0.835052,0.786942,0.804124,0.783505,0.835052,0.800687,0.786942,0.810997,0.845361,0.821306,0.773196,0.838488,0.797251
ProximalPhalanxTW,0.702439,0.726829,0.712195,0.702439,0.712195,0.697561,0.756098,0.731707,0.682927,0.736585,0.639024,0.770732,0.692683,0.682927,0.692683,0.741463,0.702439,0.731707,0.731707,0.702439,0.746341,0.746341,0.692683,0.726829,0.663415,0.75122,0.712195,0.687805,0.678049,0.717073,0.702439,0.736585,0.702439,0.717073,0.726829,0.712195,0.795122,0.726829,0.721951,0.682927,0.726829,0.746341,0.731707,0.736585,0.692683,0.712195,0.746341,0.726829,0.668293,0.731707,0.682927,0.741463,0.653659,0.692683,0.658537,0.712195,0.687805,0.721951,0.726829,0.717073,0.697561,0.721951,0.697561,0.707317,0.756098,0.717073,0.687805,0.721951,0.692683,0.726829,0.731707,0.717073,0.702439,0.721951,0.717073,0.697561,0.707317,0.741463,0.721951,0.717073,0.726829,0.765854,0.736585,0.736585,0.692683,0.75122,0.721951,0.678049,0.682927,0.717073,0.712195,0.756098,0.717073,0.731707,0.692683,0.726829,0.697561,0.741463,0.756098,0.780488
RefrigerationDevices,0.333333,0.544,0.517333,0.568,0.506667,0.533333,0.602667,0.554667,0.573333,0.634667,0.576,0.632,0.568,0.594667,0.594667,0.621333,0.642667,0.586667,0.506667,0.549333,0.634667,0.56,0.581333,0.6,0.597333,0.632,0.517333,0.56,0.568,0.509333,0.453333,0.557333,0.589333,0.565333,0.570667,0.594667,0.6,0.504,0.573333,0.56,0.616,0.426667,0.592,0.621333,0.578667,0.536,0.586667,0.552,0.570667,0.565333,0.581333,0.597333,0.546667,0.541333,0.552,0.576,0.477333,0.648,0.570667,0.597333,0.6,0.586667,0.56,0.624,0.533333,0.498667,0.594667,0.624,0.522667,0.592,0.562667,0.576,0.568,0.642667,0.621333,0.536,0.629333,0.562667,0.616,0.584,0.576,0.597333,0.536,0.597333,0.576,0.584,0.570667,0.616,0.637333,0.626667,0.584,0.589333,0.594667,0.586667,0.634667,0.618667,0.594667,0.552,0.6,0.568
ScreenType,0.413333,0.410667,0.362667,0.456,0.421333,0.397333,0.333333,0.333333,0.333333,0.338667,0.418667,0.394667,0.333333,0.410667,0.378667,0.413333,0.4,0.402667,0.4,0.405333,0.410667,0.397333,0.413333,0.4,0.416,0.333333,0.333333,0.368,0.421333,0.333333,0.333333,0.333333,0.354667,0.322667,0.386667,0.333333,0.370667,0.472,0.333333,0.408,0.333333,0.378667,0.333333,0.333333,0.333333,0.333333,0.333333,0.333333,0.322667,0.333333,0.333333,0.333333,0.333333,0.333333,0.341333,0.378667,0.333333,0.397333,0.333333,0.333333,0.421333,0.424,0.405333,0.333333,0.405333,0.333333,0.333333,0.333333,0.416,0.333333,0.333333,0.504,0.333333,0.333333,0.333333,0.333333,0.333333,0.333333,0.333333,0.381333,0.333333,0.333333,0.445333,0.333333,0.333333,0.333333,0.408,0.333333,0.432,0.333333,0.333333,0.389333,0.416,0.333333,0.333333,0.333333,0.338667,0.333333,0.333333,0.394667
ShapeletSim,1,1,1,1,1,1,1,1,1,1,1,1,1,1,1,1,1,1,1,1,1,1,1,1,1,1,1,1,1,1,1,1,1,1,1,1,1,1,1,1,1,1,1,1,1,1,1,1,1,1,1,1,1,1,1,1,1,1,1,1,1,1,1,1,1,1,1,1,1,1,1,1,1,1,1,1,1,1,1,1,1,1,1,1,1,1,1,1,1,1,1,1,1,1,1,1,1,1,1,1
ShapesAll,0.58,0.6,0.55,0.595,0.623333,0.615,0.57,0.633333,0.558333,0.608333,0.61,0.605,0.581667,0.591667,0.576667,0.656667,0.585,0.611667,0.605,0.63,0.618333,0.615,0.598333,0.603333,0.555,0.625,0.581667,0.608333,0.626667,0.63,0.625,0.565,0.578333,0.595,0.603333,0.593333,0.606667,0.613333,0.586667,0.616667,0.586667,0.596667,0.59,0.596667,0.568333,0.591667,0.603333,0.563333,0.586667,0.596667,0.571667,0.581667,0.606667,0.58,0.6,0.591667,0.588333,0.598333,0.573333,0.6,0.605,0.56,0.628333,0.605,0.58,0.571667,0.63,0.573333,0.631667,0.633333,0.603333,0.605,0.606667,0.601667,0.61,0.618333,0.608333,0.59,0.65,0.566667,0.603333,0.606667,0.59,0.565,0.641667,0.6,0.568333,0.585,0.618333,0.565,0.626667,0.596667,0.586667,0.575,0.61,0.608333,0.606667,0.61,0.605,0.593333
SmallKitchenAppliances,0.333333,0.333333,0.333333,0.333333,0.333333,0.333333,0.333333,0.333333,0.333333,0.333333,0.333333,0.333333,0.333333,0.333333,0.333333,0.333333,0.333333,0.333333,0.333333,0.333333,0.333333,0.333333,0.333333,0.333333,0.333333,0.333333,0.333333,0.333333,0.333333,0.333333,0.333333,0.333333,0.333333,0.333333,0.333333,0.333333,0.333333,0.333333,0.333333,0.333333,0.333333,0.333333,0.333333,0.333333,0.333333,0.333333,0.333333,0.333333,0.333333,0.333333,0.333333,0.333333,0.333333,0.333333,0.333333,0.333333,0.333333,0.333333,0.333333,0.333333,0.333333,0.333333,0.333333,0.333333,0.333333,0.333333,0.333333,0.333333,0.333333,0.333333,0.333333,0.333333,0.333333,0.333333,0.333333,0.333333,0.333333,0.333333,0.333333,0.333333,0.333333,0.333333,0.333333,0.333333,0.333333,0.333333,0.333333,0.333333,0.333333,0.333333,0.333333,0.333333,0.333333,0.333333,0.333333,0.333333,0.333333,0.333333,0.333333,0.333333
SonyAIBORobotSurface1,0.685524,0.968386,0.953411,0.925125,0.976705,0.943428,0.865225,0.860233,0.966722,0.900166,0.955075,0.866889,0.908486,0.953411,0.941764,0.951747,0.958403,0.81198,0.958403,0.846922,0.975042,0.955075,0.90183,0.846922,0.971714,0.975042,0.966722,0.963394,0.968386,0.976705,0.97005,0.960067,0.75208,0.8203,0.896839,0.943428,0.976705,0.890183,0.968386,0.971714,0.91015,0.816972,0.763727,0.956739,0.953411,0.958403,0.955075,0.943428,0.8802,0.8802,0.958403,0.966722,0.960067,0.915141,0.933444,0.91015,0.808652,0.973378,0.966722,0.948419,0.951747,0.803661,0.906822,0.946755,0.965058,0.938436,0.767055,0.821963,0.895175,0.926789,0.883527,0.955075,0.945092,0.801997,0.930116,0.945092,0.955075,0.941764,0.943428,0.97005,0.953411,0.936772,0.913478,0.980033,0.913478,0.955075,0.956739,0.965058,0.971714,0.978369,0.875208,0.8203,0.905158,0.828619,0.955075,0.908486,0.966722,0.881864,0.926789,0.845258
SonyAIBORobotSurface2,0.790136,0.789087,0.847849,0.904512,0.863589,0.768101,0.897167,0.912907,0.915005,0.900315,0.823715,0.780693,0.889822,0.888772,0.903463,0.852046,0.858342,0.900315,0.763903,0.827912,0.806925,0.848898,0.89297,0.81532,0.910808,0.823715,0.886674,0.849948,0.909759,0.889822,0.789087,0.840504,0.776495,0.904512,0.745016,0.803778,0.824764,0.803778,0.87723,0.889822,0.835257,0.807975,0.778594,0.803778,0.797482,0.884575,0.833158,0.89192,0.819517,0.881427,0.855194,0.839454,0.771249,0.776495,0.777545,0.90766,0.811123,0.9234,0.796432,0.849948,0.819517,0.908709,0.874082,0.884575,0.885624,0.811123,0.820567,0.832109,0.760756,0.850997,0.930745,0.92235,0.858342,0.909759,0.832109,0.913956,0.794334,0.912907,0.837356,0.789087,0.814271,0.883526,0.873033,0.86149,0.898216,0.937041,0.909759,0.905561,0.774397,0.834208,0.904512,0.850997,0.817419,0.763903,0.789087,0.813221,0.771249,0.899265,0.919203,0.895068
StarLightCurves,0.9178,0.922535,0.91865,0.90578,0.887324,0.914279,0.88441,0.904565,0.925206,0.930306,0.878339,0.894488,0.91355,0.900194,0.910879,0.901894,0.906387,0.904687,0.909058,0.91865,0.899951,0.899709,0.911486,0.921685,0.900923,0.910879,0.924478,0.882831,0.918286,0.885746,0.924964,0.905051,0.919378,0.914279,0.911243,0.917071,0.915007,0.926542,0.894973,0.905901,0.903715,0.923021,0.924114,0.901894,0.919743,0.908208,0.864254,0.896795,0.938805,0.893273,0.905901,0.911729,0.897402,0.884288,0.888052,0.900437,0.925571,0.89983,0.934556,0.924478,0.919136,0.918043,0.900801,0.936377,0.921807,0.891938,0.938077,0.943298,0.911608,0.887931,0.896916,0.889509,0.907358,0.891331,0.924114,0.916221,0.917071,0.914764,0.925206,0.898252,0.914764,0.946212,0.900559,0.90153,0.912336,0.871904,0.927028,0.895216,0.91525,0.903715,0.901408,0.905172,0.889145,0.909179,0.9144,0.909422,0.911122,0.897644,0.893152,0.888174
Strawberry,0.902703,0.894595,0.932432,0.92973,0.905405,0.908108,0.902703,0.918919,0.921622,0.924324,0.913514,0.910811,0.927027,0.945946,0.916216,0.921622,0.908108,0.9,0.910811,0.937838,0.921622,0.908108,0.927027,0.9,0.935135,0.918919,0.902703,0.889189,0.916216,0.902703,0.916216,0.924324,0.9,0.894595,0.910811,0.921622,0.921622,0.937838,0.902703,0.913514,0.92973,0.92973,0.889189,0.924324,0.927027,0.924324,0.878378,0.932432,0.910811,0.945946,0.921622,0.9,0.927027,0.948649,0.897297,0.924324,0.940541,0.924324,0.891892,0.921622,0.932432,0.897297,0.916216,0.891892,0.9,0.916216,0.894595,0.891892,0.897297,0.927027,0.87027,0.897297,0.921622,0.92973,0.916216,0.910811,0.945946,0.935135,0.937838,0.92973,0.897297,0.894595,0.945946,0.954054,0.886486,0.921622,0.913514,0.910811,0.937838,0.921622,0.92973,0.940541,0.940541,0.948649,0.940541,0.886486,0.891892,0.927027,0.905405,0.918919
SwedishLeaf,0.768,0.7664,0.7712,0.7376,0.7376,0.7648,0.7792,0.752,0.7664,0.7984,0.736,0.7312,0.752,0.768,0.7936,0.7632,0.8128,0.7008,0.752,0.7824,0.7648,0.768,0.7568,0.7536,0.7632,0.7952,0.7552,0.7472,0.776,0.7584,0.776,0.744,0.7536,0.776,0.7552,0.7648,0.7568,0.736,0.7424,0.7424,0.7536,0.7552,0.7536,0.7536,0.7536,0.7696,0.7392,0.7632,0.7712,0.76,0.7344,0.7568,0.76,0.7344,0.7664,0.7552,0.7568,0.7616,0.7696,0.7872,0.7568,0.744,0.7408,0.7296,0.7808,0.7456,0.776,0.7392,0.776,0.752,0.76,0.7232,0.7872,0.76,0.7824,0.7696,0.7648,0.7344,0.7504,0.7728,0.7904,0.7456,0.72,0.7728,0.7408,0.7456,0.7584,0.768,0.7456,0.7552,0.76,0.752,0.7776,0.7168,0.7904,0.7376,0.76,0.768,0.7744,0.7472
Symbols,0.933668,0.949749,0.904523,0.923618,0.913568,0.901508,0.891457,0.910553,0.893467,0.909548,0.920603,0.906533,0.882412,0.906533,0.904523,0.883417,0.890452,0.921608,0.909548,0.922613,0.886432,0.924623,0.950754,0.936683,0.903518,0.865327,0.932663,0.902513,0.894472,0.939698,0.900503,0.836181,0.934673,0.893467,0.949749,0.859296,0.924623,0.909548,0.915578,0.917588,0.922613,0.863317,0.930653,0.890452,0.883417,0.892462,0.948744,0.892462,0.856281,0.862312,0.943719,0.937688,0.936683,0.912563,0.863317,0.903518,0.917588,0.943719,0.866332,0.894472,0.910553,0.930653,0.882412,0.860302,0.956784,0.901508,0.887437,0.863317,0.884422,0.936683,0.937688,0.918593,0.927638,0.895477,0.940704,0.917588,0.933668,0.865327,0.931658,0.853266,0.892462,0.941709,0.933668,0.906533,0.933668,0.876382,0.903518,0.916583,0.933668,0.937688,0.872362,0.900503,0.930653,0.901508,0.877387,0.842211,0.943719,0.918593,0.949749,0.934673
SyntheticControl,0.91,0.943333,0.93,0.916667,0.926667,0.946667,0.903333,0.933333,0.886667,0.906667,0.93,0.9,0.943333,0.896667,0.91,0.95,0.943333,0.91,0.923333,0.89,0.92,0.936667,0.886667,0.886667,0.96,0.913333,0.92,0.886667,0.94,0.903333,0.933333,0.923333,0.91,0.91,0.903333,0.936667,0.936667,0.903333,0.943333,0.936667,0.94,0.893333,0.93,0.913333,0.87,0.893333,0.88,0.923333,0.906667,0.926667,0.906667,0.906667,0.953333,0.91,0.953333,0.873333,0.926667,0.91,0.95,0.933333,0.906667,0.946667,0.936667,0.95,0.923333,0.933333,0.93,0.92,0.946667,0.946667,0.936667,0.94,0.936667,0.923333,0.883333,0.91,0.896667,0.896667,0.916667,0.91,0.92,0.923333,0.93,0.91,0.936667,0.923333,0.956667,0.93,0.89,0.916667,0.87,0.93,0.876667,0.95,0.9,0.883333,0.906667,0.95,0.933333,0.94
ToeSegmentation1,0.95614,0.903509,0.903509,0.925439,0.885965,0.912281,0.916667,0.934211,0.929825,0.921053,0.899123,0.859649,0.890351,0.890351,0.894737,0.916667,0.938596,0.925439,0.929825,0.921053,0.925439,0.916667,0.881579,0.864035,0.877193,0.925439,0.789474,0.885965,0.942982,0.785088,0.885965,0.95614,0.912281,0.894737,0.907895,0.907895,0.903509,0.864035,0.877193,0.864035,0.894737,0.921053,0.95614,0.903509,0.885965,0.916667,0.95614,0.951754,0.885965,0.934211,0.916667,0.890351,0.903509,0.859649,0.894737,0.890351,0.903509,0.885965,0.938596,0.907895,0.921053,0.820175,0.912281,0.903509,0.912281,0.938596,0.899123,0.912281,0.864035,0.899123,0.855263,0.925439,0.894737,0.947368,0.890351,0.820175,0.934211,0.912281,0.947368,0.894737,0.907895,0.925439,0.912281,0.925439,0.890351,0.925439,0.842105,0.899123,0.894737,0.899123,0.921053,0.960526,0.921053,0.912281,0.912281,0.942982,0.890351,0.868421,0.912281,0.921053
ToeSegmentation2,0.692308,0.946154,0.776923,0.9,0.853846,0.876923,0.915385,0.8,0.892308,0.8,0.884615,0.915385,0.884615,0.915385,0.892308,0.930769,0.892308,0.815385,0.923077,0.915385,0.938462,0.8,0.884615,0.769231,0.861538,0.9,0.869231,0.869231,0.923077,0.776923,0.930769,0.892308,0.884615,0.884615,0.861538,0.930769,0.923077,0.9,0.938462,0.930769,0.9,0.930769,0.861538,0.923077,0.938462,0.838462,0.838462,0.761538,0.792308,0.923077,0.9,0.815385,0.876923,0.938462,0.915385,0.923077,0.846154,0.861538,0.907692,0.915385,0.892308,0.915385,0.853846,0.807692,0.907692,0.884615,0.884615,0.915385,0.776923,0.892308,0.915385,0.892308,0.915385,0.876923,0.807692,0.892308,0.915385,0.8,0.892308,0.876923,0.769231,0.784615,0.930769,0.907692,0.884615,0.830769,0.930769,0.853846,0.869231,0.9,0.707692,0.930769,0.869231,0.769231,0.915385,0.884615,0.9,0.807692,0.853846,0.761538
Trace,1,1,1,1,1,1,1,1,1,1,1,1,1,1,1,1,0.98,1,1,1,1,1,1,1,1,0.98,1,1,1,1,1,1,1,1,1,1,1,1,1,1,1,0.98,1,1,1,1,1,1,1,1,1,0.97,1,1,1,1,1,1,1,1,1,0.99,1,1,1,1,1,1,0.99,1,1,1,1,1,1,1,1,0.97,1,1,1,1,1,1,1,1,1,1,1,1,1,0.98,1,1,1,1,1,1,1,1
TwoLeadECG,0.924495,0.963126,0.974539,0.934153,0.919227,0.928007,0.914838,0.951712,0.980685,0.978051,0.879719,0.937665,0.856014,0.932397,0.95698,0.838455,0.920105,0.992976,0.957858,0.925373,0.958736,0.942932,0.769974,0.816506,0.920983,0.899912,0.924495,0.898156,0.923617,0.920105,0.934153,0.935031,0.920105,0.881475,0.920983,0.918349,0.937665,0.886743,0.994732,0.947322,0.942054,0.849868,0.903424,0.939421,0.931519,0.869183,0.892888,0.934153,0.949078,0.923617,0.957858,0.863038,0.916594,0.920105,0.877963,0.933275,0.914838,0.964004,0.920105,0.873573,0.870061,0.938543,0.904302,0.992098,0.969271,0.971905,0.959614,0.832309,0.840211,0.910448,0.90957,0.908692,0.941176,0.906936,0.96137,0.966637,0.942932,0.990342,0.875329,0.911326,0.894644,0.920983,0.968393,0.884109,0.992976,0.915716,0.913082,0.951712,0.778753,0.915716,0.90079,0.890255,0.911326,0.870061,0.938543,0.954346,0.992098,0.947322,0.910448,0.892011
TwoPatterns,0.90825,0.694,0.46425,0.72675,0.72125,0.73275,0.729,0.4965,0.72375,0.728,0.716,0.7355,0.517,0.6895,0.6795,0.71925,0.66725,0.71825,0.6915,0.71825,0.728,0.73025,0.67425,0.70925,0.5115,0.72725,0.72725,0.723,0.71325,0.7075,0.7115,0.687,0.66475,0.66475,0.725,0.72375,0.72975,0.715,0.68325,0.72025,0.72075,0.71275,0.72325,0.72675,0.70225,0.7115,0.7055,0.7225,0.66825,0.7225,0.5175,0.70625,0.482,0.711,0.671,0.711,0.72325,0.713,0.687,0.7235,0.729,0.7205,0.6995,0.73325,0.7385,0.72525,0.70875,0.69575,0.4685,0.68925,0.70825,0.66675,0.7425,0.7395,0.71825,0.66525,0.6965,0.7295,0.7165,0.72325,0.71725,0.73125,0.7275,0.68575,0.51225,0.7105,0.70425,0.71875,0.75075,0.7105,0.70875,0.699,0.73575,0.732,0.72425,0.69125,0.695,0.719,0.7125,0.72725
UWaveGestureLibraryX,0.788666,0.121999,0.826354,0.783082,0.785036,0.792295,0.792016,0.121999,0.801508,0.767728,0.754048,0.805695,0.761586,0.82105,0.78029,0.814629,0.785036,0.822166,0.778057,0.797041,0.848409,0.805137,0.121999,0.793412,0.785036,0.74651,0.81742,0.786991,0.803741,0.797878,0.806253,0.780849,0.758236,0.743719,0.793691,0.804858,0.791736,0.821329,0.779732,0.784478,0.779174,0.795087,0.82775,0.78057,0.804858,0.791736,0.765773,0.787549,0.73311,0.121999,0.786991,0.791736,0.796762,0.823841,0.779174,0.78364,0.799832,0.804578,0.786711,0.756002,0.802345,0.83445,0.790341,0.780849,0.762423,0.800949,0.778336,0.802624,0.796762,0.785315,0.755723,0.751535,0.829146,0.767448,0.829425,0.815466,0.799274,0.824958,0.800391,0.795087,0.798437,0.776382,0.766332,0.803462,0.798437,0.76019,0.776382,0.842267,0.805974,0.780011,0.801228,0.782524,0.793691,0.810441,0.787828,0.769403,0.825796,0.788386,0.826912,0.789782
UWaveGestureLibraryY,0.694584,0.704913,0.689001,0.698213,0.71608,0.687884,0.698213,0.69598,0.69933,0.718314,0.684813,0.693467,0.692351,0.689001,0.69933,0.696817,0.670017,0.69598,0.693188,0.715801,0.69933,0.689001,0.699609,0.676159,0.695422,0.708543,0.689838,0.683696,0.699888,0.668621,0.694584,0.69933,0.69598,0.682021,0.693188,0.682021,0.704913,0.684534,0.707147,0.700447,0.703518,0.681463,0.692071,0.683975,0.675321,0.687046,0.684534,0.6756,0.682021,0.706868,0.705472,0.690676,0.709939,0.694863,0.730597,0.688721,0.716639,0.706588,0.714126,0.707984,0.681463,0.674484,0.707984,0.694026,0.687046,0.708264,0.692909,0.692351,0.688163,0.686488,0.715522,0.6622,0.683975,0.687605,0.721664,0.694863,0.684534,0.6823,0.700168,0.708543,0.700726,0.692351,0.700447,0.691513,0.699051,0.697097,0.697655,0.689838,0.708822,0.697097,0.697097,0.682859,0.685371,0.675042,0.694584,0.702122,0.677834,0.698772,0.694584,0.686209
UWaveGestureLibraryZ,0.595757,0.583194,0.599944,0.584869,0.598548,0.528755,0.585706,0.563931,0.573981,0.594361,0.593244,0.578448,0.612228,0.60134,0.594361,0.603853,0.601898,0.626466,0.600223,0.591848,0.59129,0.607482,0.639308,0.590173,0.579564,0.590173,0.579006,0.575377,0.57091,0.590173,0.616695,0.600503,0.58794,0.597432,0.606644,0.621999,0.624232,0.595198,0.569235,0.582077,0.607482,0.596315,0.57426,0.583752,0.603573,0.609436,0.603853,0.58431,0.596873,0.563652,0.58794,0.522613,0.583194,0.610274,0.548297,0.585985,0.59129,0.596873,0.538526,0.601061,0.586823,0.591011,0.573423,0.586265,0.602178,0.598827,0.606365,0.616695,0.535734,0.597711,0.598269,0.598548,0.580123,0.548018,0.591569,0.601619,0.606365,0.600503,0.598269,0.575656,0.599944,0.627862,0.599107,0.608599,0.60469,0.606644,0.579844,0.612786,0.526521,0.597711,0.609157,0.611111,0.602178,0.582915,0.554997,0.605248,0.590452,0.586823,0.592406,0.59799
UWaveGestureLibraryAll,0.638191,0.613624,0.650475,0.637633,0.615299,0.643216,0.623674,0.622557,0.640704,0.631491,0.650195,0.61837,0.631212,0.632328,0.6555,0.652708,0.637353,0.644891,0.650754,0.654104,0.628141,0.618649,0.650475,0.621999,0.632049,0.636237,0.620045,0.627024,0.643216,0.642379,0.649358,0.630653,0.637912,0.649079,0.630095,0.6488,0.630095,0.628141,0.624232,0.639028,0.644333,0.651591,0.653546,0.62507,0.646287,0.658571,0.622836,0.633166,0.630932,0.640145,0.656896,0.630932,0.643216,0.633724,0.640983,0.609436,0.657175,0.646566,0.626745,0.639308,0.640145,0.634562,0.627024,0.633445,0.627303,0.642099,0.637912,0.643495,0.632328,0.654662,0.634562,0.603853,0.654941,0.639308,0.666108,0.638749,0.63847,0.645729,0.63177,0.626745,0.666667,0.641262,0.66555,0.637633,0.637074,0.634003,0.634841,0.622836,0.637912,0.649358,0.65187,0.656896,0.661362,0.659966,0.616136,0.615578,0.627862,0.613903,0.632887,0.629257
Wafer,0.996755,0.977612,0.977936,0.988644,0.9695,0.985561,0.954413,0.961226,0.983939,0.972096,0.983452,0.989455,0.982803,0.98475,0.972745,0.985075,0.974367,0.988644,0.984912,0.959117,0.970311,0.989942,0.98329,0.992375,0.98037,0.987508,0.976152,0.985724,0.968365,0.994484,0.952953,0.973881,0.988968,0.9695,0.967716,0.986535,0.990753,0.988482,0.97745,0.985075,0.984912,0.982641,0.988806,0.990753,0.967067,0.990753,0.982641,0.991239,0.980857,0.983452,0.988644,0.990104,0.986859,0.98913,0.991402,0.987995,0.990753,0.969663,0.964147,0.989617,0.973394,0.98913,0.987184,0.989942,0.982479,0.990104,0.988968,0.987346,0.969987,0.988968,0.98329,0.990266,0.981181,0.98329,0.976476,0.990104,0.979559,0.949221,0.977612,0.988482,0.982154,0.985724,0.987184,0.967391,0.984426,0.976476,0.989942,0.981506,0.992213,0.977936,0.997404,0.981668,0.98475,0.960091,0.972258,0.95782,0.98767,0.988319,0.988319,0.95425
Wine,0.759259,0.851852,0.851852,0.851852,0.759259,0.685185,0.759259,0.907407,0.777778,0.685185,0.796296,0.666667,0.777778,0.833333,0.87037,0.851852,0.814815,0.851852,0.777778,0.814815,0.796296,0.759259,0.87037,0.814815,0.87037,0.888889,0.759259,0.759259,0.703704,0.62963,0.759259,0.907407,0.740741,0.740741,0.814815,0.703704,0.851852,0.777778,0.833333,0.703704,0.796296,0.796296,0.833333,0.666667,0.888889,0.796296,0.87037,0.851852,0.814815,0.722222,0.907407,0.777778,0.703704,0.833333,0.777778,0.796296,0.833333,0.777778,0.759259,0.703704,0.814815,0.833333,0.740741,0.722222,0.703704,0.722222,0.703704,0.62963,0.814815,0.740741,0.833333,0.944444,0.925926,0.814815,0.777778,0.907407,0.777778,0.814815,0.759259,0.796296,0.740741,0.759259,0.740741,0.851852,0.759259,0.888889,0.87037,0.740741,0.925926,0.703704,0.759259,0.703704,0.944444,0.796296,0.796296,0.851852,0.814815,0.759259,0.814815,0.907407
WordSynonyms,0.431034,0.456113,0.492163,0.467085,0.481191,0.487461,0.49373,0.456113,0.482759,0.449843,0.454545,0.456113,0.440439,0.456113,0.462382,0.431034,0.473354,0.467085,0.442006,0.468652,0.4279,0.446708,0.5,0.438871,0.443574,0.437304,0.454545,0.452978,0.515674,0.449843,0.501567,0.454545,0.465517,0.479624,0.467085,0.459248,0.470219,0.462382,0.474922,0.471787,0.474922,0.482759,0.446708,0.470219,0.446708,0.449843,0.495298,0.452978,0.443574,0.479624,0.451411,0.434169,0.487461,0.489028,0.460815,0.416928,0.485893,0.420063,0.442006,0.449843,0.468652,0.465517,0.471787,0.495298,0.443574,0.445141,0.46395,0.435737,0.467085,0.454545,0.482759,0.46395,0.445141,0.446708,0.482759,0.501567,0.5,0.440439,0.443574,0.440439,0.438871,0.468652,0.467085,0.492163,0.435737,0.478056,0.460815,0.446708,0.479624,0.459248,0.440439,0.452978,0.451411,0.46395,0.435737,0.432602,0.446708,0.45768,0.46395,0.50627
Worms,0.649351,0.532468,0.649351,0.662338,0.519481,0.61039,0.61039,0.61039,0.61039,0.649351,0.558442,0.688312,0.584416,0.623377,0.597403,0.662338,0.584416,0.61039,0.714286,0.662338,0.675325,0.675325,0.597403,0.597403,0.636364,0.623377,0.584416,0.61039,0.662338,0.74026,0.662338,0.649351,0.636364,0.584416,0.649351,0.545455,0.558442,0.662338,0.662338,0.532468,0.688312,0.649351,0.584416,0.61039,0.636364,0.74026,0.623377,0.584416,0.571429,0.636364,0.649351,0.584416,0.584416,0.662338,0.571429,0.558442,0.597403,0.688312,0.571429,0.623377,0.662338,0.727273,0.701299,0.623377,0.597403,0.636364,0.571429,0.688312,0.623377,0.662338,0.649351,0.584416,0.662338,0.571429,0.597403,0.688312,0.61039,0.649351,0.649351,0.597403,0.662338,0.61039,0.571429,0.597403,0.61039,0.597403,0.558442,0.558442,0.636364,0.675325,0.623377,0.675325,0.545455,0.571429,0.649351,0.584416,0.493506,0.636364,0.61039,0.675325
WormsTwoClass,0.727273,0.675325,0.753247,0.727273,0.714286,0.662338,0.636364,0.74026,0.727273,0.636364,0.688312,0.623377,0.727273,0.662338,0.727273,0.597403,0.636364,0.675325,0.766234,0.766234,0.623377,0.701299,0.753247,0.792208,0.675325,0.714286,0.662338,0.74026,0.727273,0.753247,0.636364,0.688312,0.675325,0.701299,0.766234,0.753247,0.714286,0.753247,0.649351,0.74026,0.701299,0.558442,0.636364,0.701299,0.662338,0.779221,0.714286,0.766234,0.779221,0.636364,0.636364,0.701299,0.74026,0.714286,0.623377,0.766234,0.688312,0.779221,0.753247,0.74026,0.714286,0.675325,0.688312,0.727273,0.766234,0.623377,0.714286,0.727273,0.675325,0.662338,0.714286,0.662338,0.753247,0.766234,0.649351,0.675325,0.831169,0.662338,0.727273,0.675325,0.74026,0.701299,0.74026,0.597403,0.675325,0.714286,0.675325,0.701299,0.766234,0.779221,0.662338,0.818182,0.753247,0.727273,0.636364,0.766234,0.636364,0.74026,0.753247,0.74026
Yoga,0.695,0.711667,0.716667,0.724667,0.747667,0.754333,0.696667,0.684667,0.730667,0.729333,0.718,0.664,0.778333,0.729,0.706333,0.703667,0.748333,0.687,0.695,0.687,0.682333,0.701,0.726333,0.721,0.768667,0.770333,0.75,0.716,0.695333,0.732333,0.675,0.749333,0.708333,0.762667,0.749333,0.733667,0.69,0.722,0.720667,0.712,0.781667,0.707667,0.704,0.711,0.727333,0.765,0.722,0.717,0.712333,0.720333,0.724,0.757667,0.720667,0.736333,0.713,0.726,0.698333,0.741,0.691,0.715667,0.759,0.71,0.718667,0.677,0.706667,0.705,0.743333,0.713333,0.731333,0.709667,0.702667,0.673333,0.732667,0.687667,0.710667,0.707667,0.715333,0.701667,0.723333,0.767333,0.760333,0.695667,0.730333,0.677,0.716,0.773333,0.739333,0.704,0.704,0.714,0.740333,0.757,0.705333,0.687667,0.726333,0.719,0.752333,0.742333,0.727667,0.774
