Adiac,0.810741688,0.78516624,0.800511509,0.800511509,0.820971867,0.813299233,0.815856777,0.820971867,0.797953964,0.826086957,0.820971867,0.831202046,0.818414322,0.805626598,0.828644501,0.828644501,0.826086957,0.831202046,0.797953964,0.846547315,0.808184143,0.815856777,0.823529412,0.810741688,0.79028133,0.833759591,0.805626598,0.805626598,0.841432225,0.815856777,0.805626598,0.828644501,0.810741688,0.818414322,0.800511509,0.815856777,0.815856777,0.800511509,0.803069054,0.823529412,0.826086957,0.823529412,0.846547315,0.795396419,0.833759591,0.800511509,0.826086957,0.823529412,0.780051151,0.805626598,0.805626598,0.815856777,0.833759591,0.805626598,0.818414322,0.823529412,0.815856777,0.810741688,0.795396419,0.841432225,0.851662404,0.818414322,0.831202046,0.792838875,0.826086957,0.800511509,0.826086957,0.833759591,0.808184143,0.805626598,0.792838875,0.810741688,0.818414322,0.831202046,0.831202046,0.831202046,0.849104859,0.815856777,0.836317136,0.808184143,0.820971867,0.83887468,0.813299233,0.787723785,0.815856777,0.787723785,0.815856777,0.805626598,0.83887468,0.813299233,0.792838875,0.815856777,0.833759591,0.797953964,0.780051151,0.828644501,0.800511509,0.800511509,0.797953964,0.805626598
ArrowHead,0.862857143,0.851428571,0.885714286,0.902857143,0.931428571,0.925714286,0.891428571,0.885714286,0.897142857,0.937142857,0.84,0.885714286,0.822857143,0.88,0.92,0.914285714,0.822857143,0.885714286,0.862857143,0.88,0.942857143,0.902857143,0.874285714,0.885714286,0.931428571,0.885714286,0.948571429,0.874285714,0.908571429,0.902857143,0.862857143,0.925714286,0.948571429,0.84,0.88,0.828571429,0.828571429,0.891428571,0.897142857,0.885714286,0.914285714,0.925714286,0.851428571,0.925714286,0.92,0.891428571,0.868571429,0.908571429,0.828571429,0.92,0.902857143,0.931428571,0.845714286,0.885714286,0.885714286,0.925714286,0.891428571,0.914285714,0.891428571,0.885714286,0.914285714,0.891428571,0.897142857,0.902857143,0.902857143,0.794285714,0.857142857,0.857142857,0.822857143,0.874285714,0.908571429,0.914285714,0.874285714,0.885714286,0.897142857,0.88,0.874285714,0.822857143,0.914285714,0.914285714,0.874285714,0.925714286,0.914285714,0.931428571,0.874285714,0.868571429,0.92,0.902857143,0.908571429,0.925714286,0.885714286,0.851428571,0.92,0.891428571,0.84,0.845714286,0.857142857,0.862857143,0.834285714,0.885714286
Beef,0.933333333,0.733333333,0.633333333,0.7,0.733333333,0.7,0.766666667,0.8,0.866666667,0.766666667,0.8,0.666666667,0.8,0.7,0.7,0.766666667,0.633333333,0.766666667,0.566666667,0.866666667,0.6,0.766666667,0.633333333,0.7,0.766666667,0.6,0.8,0.666666667,0.566666667,0.666666667,0.833333333,0.8,0.833333333,0.733333333,0.8,0.8,0.9,0.666666667,0.766666667,0.733333333,0.7,0.7,0.766666667,0.666666667,0.833333333,0.633333333,0.633333333,0.8,0.766666667,0.733333333,0.6,0.633333333,0.533333333,0.766666667,0.633333333,0.733333333,0.633333333,0.833333333,0.7,0.633333333,0.7,0.633333333,0.633333333,0.733333333,0.8,0.766666667,0.6,0.766666667,0.666666667,0.766666667,0.733333333,0.633333333,0.833333333,0.8,0.566666667,0.766666667,0.7,0.833333333,0.733333333,0.7,0.933333333,0.633333333,0.7,0.733333333,0.566666667,0.733333333,0.766666667,0.733333333,0.733333333,0.733333333,0.766666667,0.7,0.766666667,0.666666667,0.633333333,0.766666667,0.633333333,0.666666667,0.8,0.766666667
BeetleFly,0.95,1,0.85,0.95,1,1,1,0.95,1,0.95,1,1,0.85,0.9,0.9,0.95,0.95,0.95,1,0.9,0.95,1,0.95,0.95,0.9,1,0.95,0.9,0.85,1,1,1,1,0.85,0.95,0.95,0.9,1,0.95,0.95,1,0.85,1,1,0.95,0.95,1,0.95,1,1,1,1,0.9,1,1,0.85,0.8,1,1,0.9,0.95,1,0.95,1,1,1,0.95,0.85,1,0.95,1,0.95,0.95,1,1,0.95,0.9,1,1,0.85,0.95,0.95,1,1,1,1,0.9,0.95,1,1,0.9,1,0.95,1,0.95,1,1,0.95,0.95,1
BirdChicken,0.85,1,0.9,0.95,1,1,0.9,0.9,0.95,0.85,0.9,0.95,1,0.9,0.9,1,0.95,1,0.9,1,0.9,1,0.95,0.95,0.95,1,0.95,0.85,0.95,0.9,1,1,1,0.95,0.95,1,0.95,0.9,1,1,0.85,1,0.85,0.9,0.9,1,0.8,1,1,1,0.9,0.95,1,0.95,0.95,1,1,1,0.9,1,0.9,1,0.95,1,0.9,1,1,1,1,0.95,1,1,0.85,0.9,1,0.95,0.9,0.95,1,1,0.9,0.9,1,0.95,0.9,1,1,0.95,1,0.95,1,0.95,0.75,0.9,1,0.95,0.95,0.95,0.95,0.95
Car,0.866666667,0.916666667,0.983333333,0.933333333,0.883333333,0.883333333,0.95,0.95,0.85,0.966666667,0.933333333,0.95,0.933333333,0.916666667,0.916666667,0.833333333,0.916666667,0.966666667,0.85,0.966666667,0.9,0.9,0.95,0.9,0.916666667,0.933333333,0.9,0.966666667,0.883333333,0.883333333,0.95,0.933333333,0.916666667,0.866666667,0.933333333,0.95,0.983333333,0.95,0.983333333,0.933333333,0.866666667,0.883333333,0.95,0.95,0.866666667,0.9,0.9,0.933333333,0.9,0.95,0.866666667,0.933333333,0.983333333,0.933333333,0.95,0.933333333,0.933333333,0.95,0.95,0.933333333,0.916666667,0.916666667,0.933333333,0.966666667,0.916666667,0.85,0.966666667,0.916666667,0.95,0.983333333,0.883333333,0.9,0.966666667,0.9,0.866666667,0.966666667,0.916666667,0.966666667,0.966666667,0.9,0.866666667,0.9,0.983333333,0.816666667,0.966666667,0.966666667,0.983333333,0.933333333,0.95,0.933333333,0.916666667,0.95,0.883333333,0.916666667,1,0.933333333,0.9,0.95,0.95,0.933333333
CBF,0.998888889,0.993333333,1,1,0.998888889,1,1,1,1,1,1,1,1,1,1,1,1,1,1,1,1,1,1,1,1,1,1,1,1,1,1,1,1,1,0.998888889,1,1,1,1,1,1,0.994444444,1,1,1,1,1,1,0.983333333,1,1,1,1,1,0.997777778,1,0.998888889,1,1,1,1,1,1,1,1,1,1,0.993333333,1,1,1,1,1,1,0.996666667,1,1,1,1,1,1,1,1,1,1,1,1,0.99,1,0.997777778,0.998888889,1,1,1,1,1,0.998888889,1,1,1
ChlorineConcentration,0.711979167,0.723958333,0.737760417,0.720572917,0.735677083,0.724479167,0.7328125,0.73828125,0.723697917,0.703385417,0.730729167,0.708333333,0.720572917,0.720833333,0.72578125,0.733333333,0.7328125,0.72890625,0.7125,0.726041667,0.717447917,0.70234375,0.74765625,0.721875,0.750520833,0.715104167,0.705729167,0.708072917,0.733072917,0.707291667,0.736458333,0.750260417,0.721614583,0.7171875,0.73046875,0.730989583,0.730729167,0.711458333,0.7296875,0.719791667,0.736197917,0.72890625,0.720052083,0.695052083,0.708854167,0.723958333,0.730208333,0.723177083,0.7203125,0.728125,0.71796875,0.707552083,0.735416667,0.73828125,0.735677083,0.72421875,0.722395833,0.726041667,0.739583333,0.710677083,0.733333333,0.722135417,0.734635417,0.710416667,0.733333333,0.7296875,0.729947917,0.72265625,0.715885417,0.7140625,0.716145833,0.741145833,0.730989583,0.72421875,0.736979167,0.73671875,0.73359375,0.716145833,0.7140625,0.730729167,0.72734375,0.7375,0.734635417,0.7359375,0.7171875,0.7296875,0.733854167,0.713020833,0.730208333,0.747395833,0.71875,0.731510417,0.71171875,0.72578125,0.712760417,0.712239583,0.733333333,0.71953125,0.725260417,0.732552083
CinCECGTorso,0.996376812,0.992028986,0.994927536,0.999275362,0.994202899,0.975362319,0.965942029,0.998550725,0.997826087,0.995652174,0.977536232,0.997101449,0.997826087,0.999275362,0.999275362,0.998550725,0.980434783,0.989130435,0.968115942,1,0.997101449,0.998550725,0.94057971,0.999275362,0.987681159,0.991304348,0.992028986,1,0.995652174,0.989130435,0.997826087,0.984057971,0.998550725,0.996376812,0.994202899,0.999275362,0.987681159,0.992753623,0.997826087,0.992753623,0.979710145,0.963768116,0.992753623,0.998550725,0.997826087,0.998550725,0.984782609,0.960144928,0.998550725,0.994927536,0.999275362,0.973913043,0.973913043,1,0.978985507,0.998550725,0.997101449,1,0.994927536,0.999275362,1,0.998550725,0.989130435,0.997826087,0.999275362,0.942028986,0.99057971,0.995652174,0.999275362,1,0.999275362,0.997826087,0.988405797,0.986231884,0.998550725,0.997826087,0.929710145,0.966666667,0.999275362,0.92826087,0.965942029,0.978985507,0.987681159,0.994927536,0.988405797,0.997826087,0.994202899,0.965217391,0.97173913,0.971014493,0.996376812,0.991304348,0.996376812,0.982608696,0.957246377,0.997826087,0.998550725,0.97826087,0.964492754,0.984782609
Coffee,1,0.964285714,1,1,1,1,1,1,1,1,1,1,1,1,1,1,1,1,1,1,1,1,1,1,1,0.964285714,0.964285714,1,0.964285714,1,1,1,1,1,1,0.964285714,1,1,1,1,1,1,1,1,1,1,1,1,1,1,1,1,1,1,1,1,1,1,1,1,1,1,1,1,1,1,1,1,1,1,1,1,1,1,1,1,1,1,1,1,1,1,1,1,1,1,1,1,1,1,1,1,1,1,1,1,1,1,1,1
Computers,0.76,0.844,0.832,0.816,0.8,0.808,0.788,0.808,0.804,0.828,0.82,0.824,0.832,0.84,0.82,0.82,0.852,0.828,0.812,0.816,0.832,0.82,0.812,0.804,0.848,0.824,0.828,0.852,0.872,0.832,0.824,0.836,0.788,0.796,0.784,0.82,0.756,0.864,0.828,0.832,0.86,0.824,0.816,0.792,0.84,0.868,0.816,0.824,0.816,0.816,0.832,0.824,0.8,0.852,0.816,0.852,0.812,0.82,0.82,0.868,0.8,0.792,0.876,0.796,0.74,0.8,0.828,0.84,0.828,0.824,0.78,0.804,0.828,0.824,0.816,0.828,0.792,0.816,0.768,0.832,0.772,0.752,0.836,0.828,0.824,0.824,0.896,0.8,0.804,0.832,0.86,0.788,0.78,0.832,0.8,0.8,0.82,0.84,0.828,0.844
CricketX,0.823076923,0.823076923,0.825641026,0.828205128,0.838461538,0.833333333,0.817948718,0.856410256,0.841025641,0.848717949,0.835897436,0.841025641,0.841025641,0.825641026,0.838461538,0.830769231,0.838461538,0.838461538,0.802564103,0.876923077,0.807692308,0.820512821,0.812820513,0.833333333,0.841025641,0.841025641,0.838461538,0.828205128,0.835897436,0.823076923,0.841025641,0.833333333,0.848717949,0.835897436,0.830769231,0.823076923,0.838461538,0.848717949,0.823076923,0.841025641,0.853846154,0.812820513,0.807692308,0.858974359,0.787179487,0.817948718,0.853846154,0.792307692,0.817948718,0.828205128,0.828205128,0.830769231,0.805128205,0.861538462,0.846153846,0.807692308,0.853846154,0.825641026,0.815384615,0.846153846,0.841025641,0.817948718,0.807692308,0.823076923,0.833333333,0.825641026,0.833333333,0.792307692,0.820512821,0.805128205,0.815384615,0.848717949,0.78974359,0.838461538,0.833333333,0.828205128,0.830769231,0.820512821,0.835897436,0.823076923,0.841025641,0.807692308,0.830769231,0.848717949,0.817948718,0.856410256,0.812820513,0.841025641,0.830769231,0.838461538,0.838461538,0.851282051,0.794871795,0.823076923,0.841025641,0.835897436,0.864102564,0.835897436,0.820512821,0.838461538
CricketY,0.848717949,0.851282051,0.820512821,0.830769231,0.838461538,0.812820513,0.823076923,0.864102564,0.823076923,0.812820513,0.823076923,0.843589744,0.835897436,0.815384615,0.846153846,0.8,0.861538462,0.853846154,0.846153846,0.833333333,0.846153846,0.871794872,0.851282051,0.843589744,0.812820513,0.853846154,0.843589744,0.848717949,0.843589744,0.848717949,0.812820513,0.853846154,0.866666667,0.828205128,0.841025641,0.846153846,0.843589744,0.830769231,0.864102564,0.805128205,0.828205128,0.838461538,0.851282051,0.853846154,0.838461538,0.851282051,0.869230769,0.858974359,0.805128205,0.843589744,0.828205128,0.825641026,0.858974359,0.835897436,0.853846154,0.8,0.833333333,0.841025641,0.820512821,0.846153846,0.823076923,0.815384615,0.820512821,0.805128205,0.848717949,0.794871795,0.846153846,0.807692308,0.838461538,0.853846154,0.820512821,0.807692308,0.864102564,0.815384615,0.887179487,0.871794872,0.817948718,0.833333333,0.825641026,0.869230769,0.851282051,0.833333333,0.858974359,0.848717949,0.846153846,0.81025641,0.841025641,0.823076923,0.825641026,0.825641026,0.835897436,0.807692308,0.825641026,0.858974359,0.846153846,0.861538462,0.823076923,0.835897436,0.825641026,0.823076923
CricketZ,0.830769231,0.841025641,0.848717949,0.846153846,0.848717949,0.864102564,0.853846154,0.864102564,0.876923077,0.820512821,0.843589744,0.856410256,0.820512821,0.830769231,0.841025641,0.833333333,0.828205128,0.869230769,0.823076923,0.874358974,0.866666667,0.846153846,0.835897436,0.841025641,0.841025641,0.861538462,0.851282051,0.828205128,0.805128205,0.861538462,0.861538462,0.864102564,0.838461538,0.866666667,0.843589744,0.846153846,0.841025641,0.846153846,0.861538462,0.858974359,0.848717949,0.830769231,0.866666667,0.874358974,0.838461538,0.848717949,0.848717949,0.838461538,0.853846154,0.851282051,0.856410256,0.876923077,0.846153846,0.858974359,0.843589744,0.841025641,0.866666667,0.853846154,0.858974359,0.830769231,0.838461538,0.851282051,0.851282051,0.792307692,0.838461538,0.843589744,0.892307692,0.866666667,0.802564103,0.864102564,0.843589744,0.846153846,0.843589744,0.848717949,0.856410256,0.846153846,0.830769231,0.828205128,0.843589744,0.866666667,0.871794872,0.846153846,0.861538462,0.846153846,0.843589744,0.843589744,0.841025641,0.853846154,0.861538462,0.848717949,0.846153846,0.838461538,0.823076923,0.879487179,0.825641026,0.848717949,0.823076923,0.861538462,0.869230769,0.830769231
DiatomSizeReduction,0.941176471,0.950980392,0.901960784,0.895424837,0.944444444,0.970588235,0.944444444,0.95751634,0.973856209,0.960784314,0.892156863,0.944444444,0.970588235,0.941176471,0.950980392,0.901960784,0.941176471,0.947712418,0.977124183,0.901960784,0.947712418,0.941176471,0.937908497,0.947712418,0.895424837,0.980392157,0.944444444,0.967320261,0.964052288,0.973856209,0.967320261,0.977124183,0.937908497,0.950980392,0.977124183,0.970588235,0.888888889,0.973856209,0.970588235,0.980392157,0.928104575,0.973856209,0.901960784,0.934640523,0.91503268,0.947712418,0.888888889,0.937908497,0.973856209,0.967320261,0.954248366,0.954248366,0.980392157,0.973856209,0.947712418,0.983660131,0.970588235,0.892156863,0.947712418,0.924836601,0.892156863,0.980392157,0.901960784,0.892156863,0.95751634,0.937908497,0.973856209,0.960784314,0.950980392,0.928104575,0.928104575,0.944444444,0.964052288,0.960784314,0.941176471,0.967320261,0.970588235,0.895424837,0.970588235,0.934640523,0.934640523,0.908496732,0.921568627,0.892156863,0.931372549,0.934640523,0.934640523,0.967320261,0.941176471,0.934640523,0.944444444,0.954248366,0.908496732,0.892156863,0.892156863,0.941176471,0.960784314,0.895424837,0.950980392,0.892156863
DistalPhalanxOutlineCorrect,0.77173913,0.833333333,0.84057971,0.793478261,0.807971014,0.826086957,0.822463768,0.807971014,0.807971014,0.829710145,0.829710145,0.851449275,0.833333333,0.855072464,0.833333333,0.844202899,0.836956522,0.793478261,0.800724638,0.833333333,0.81884058,0.84057971,0.789855072,0.833333333,0.844202899,0.84057971,0.815217391,0.815217391,0.797101449,0.826086957,0.81884058,0.865942029,0.833333333,0.876811594,0.789855072,0.84057971,0.836956522,0.811594203,0.81884058,0.807971014,0.815217391,0.807971014,0.811594203,0.811594203,0.826086957,0.826086957,0.844202899,0.851449275,0.858695652,0.800724638,0.847826087,0.778985507,0.81884058,0.822463768,0.847826087,0.815217391,0.811594203,0.811594203,0.81884058,0.826086957,0.815217391,0.804347826,0.822463768,0.836956522,0.833333333,0.815217391,0.84057971,0.826086957,0.833333333,0.811594203,0.822463768,0.833333333,0.847826087,0.815217391,0.836956522,0.858695652,0.826086957,0.811594203,0.811594203,0.811594203,0.81884058,0.81884058,0.789855072,0.829710145,0.815217391,0.836956522,0.865942029,0.836956522,0.822463768,0.822463768,0.836956522,0.836956522,0.807971014,0.844202899,0.789855072,0.826086957,0.836956522,0.851449275,0.858695652,0.797101449
DistalPhalanxOutlineAgeGroup,0.762589928,0.820143885,0.856115108,0.899280576,0.791366906,0.755395683,0.848920863,0.870503597,0.776978417,0.827338129,0.81294964,0.863309353,0.820143885,0.81294964,0.841726619,0.827338129,0.841726619,0.820143885,0.81294964,0.834532374,0.776978417,0.820143885,0.841726619,0.81294964,0.841726619,0.841726619,0.820143885,0.848920863,0.848920863,0.856115108,0.841726619,0.776978417,0.798561151,0.863309353,0.841726619,0.805755396,0.841726619,0.820143885,0.776978417,0.884892086,0.81294964,0.827338129,0.81294964,0.834532374,0.805755396,0.848920863,0.81294964,0.81294964,0.841726619,0.863309353,0.834532374,0.81294964,0.820143885,0.820143885,0.827338129,0.827338129,0.827338129,0.841726619,0.820143885,0.81294964,0.848920863,0.791366906,0.798561151,0.762589928,0.834532374,0.827338129,0.827338129,0.834532374,0.870503597,0.755395683,0.856115108,0.755395683,0.81294964,0.791366906,0.856115108,0.805755396,0.798561151,0.863309353,0.848920863,0.834532374,0.841726619,0.841726619,0.805755396,0.877697842,0.798561151,0.827338129,0.841726619,0.863309353,0.848920863,0.841726619,0.834532374,0.820143885,0.841726619,0.827338129,0.798561151,0.827338129,0.81294964,0.856115108,0.856115108,0.820143885
DistalPhalanxTW,0.683453237,0.705035971,0.71942446,0.712230216,0.712230216,0.690647482,0.683453237,0.712230216,0.712230216,0.71942446,0.683453237,0.690647482,0.64028777,0.705035971,0.690647482,0.712230216,0.683453237,0.705035971,0.697841727,0.712230216,0.690647482,0.690647482,0.676258993,0.71942446,0.726618705,0.712230216,0.705035971,0.712230216,0.697841727,0.712230216,0.676258993,0.683453237,0.697841727,0.683453237,0.661870504,0.712230216,0.705035971,0.705035971,0.712230216,0.683453237,0.697841727,0.705035971,0.71942446,0.705035971,0.741007194,0.712230216,0.712230216,0.71942446,0.676258993,0.705035971,0.71942446,0.661870504,0.683453237,0.661870504,0.712230216,0.697841727,0.697841727,0.712230216,0.690647482,0.712230216,0.697841727,0.726618705,0.705035971,0.697841727,0.705035971,0.71942446,0.676258993,0.73381295,0.705035971,0.661870504,0.683453237,0.690647482,0.690647482,0.73381295,0.690647482,0.712230216,0.712230216,0.690647482,0.712230216,0.683453237,0.690647482,0.712230216,0.654676259,0.654676259,0.71942446,0.683453237,0.697841727,0.705035971,0.697841727,0.676258993,0.741007194,0.71942446,0.647482014,0.661870504,0.697841727,0.697841727,0.690647482,0.71942446,0.661870504,0.683453237
Earthquakes,0.748201439,0.748201439,0.748201439,0.748201439,0.748201439,0.748201439,0.748201439,0.748201439,0.748201439,0.748201439,0.748201439,0.748201439,0.748201439,0.748201439,0.748201439,0.748201439,0.748201439,0.741007194,0.748201439,0.748201439,0.741007194,0.748201439,0.748201439,0.748201439,0.748201439,0.748201439,0.748201439,0.741007194,0.748201439,0.748201439,0.748201439,0.748201439,0.748201439,0.748201439,0.748201439,0.748201439,0.748201439,0.748201439,0.748201439,0.748201439,0.748201439,0.748201439,0.748201439,0.748201439,0.748201439,0.741007194,0.748201439,0.741007194,0.741007194,0.748201439,0.741007194,0.741007194,0.741007194,0.748201439,0.748201439,0.748201439,0.748201439,0.748201439,0.748201439,0.748201439,0.741007194,0.748201439,0.748201439,0.748201439,0.748201439,0.748201439,0.748201439,0.741007194,0.748201439,0.748201439,0.741007194,0.748201439,0.748201439,0.748201439,0.748201439,0.748201439,0.748201439,0.748201439,0.741007194,0.748201439,0.748201439,0.748201439,0.748201439,0.748201439,0.741007194,0.741007194,0.741007194,0.748201439,0.748201439,0.748201439,0.748201439,0.748201439,0.748201439,0.748201439,0.748201439,0.748201439,0.741007194,0.748201439,0.748201439,0.748201439
ECG200,0.85,0.83,0.92,0.85,0.89,0.91,0.85,0.92,0.89,0.88,0.85,0.82,0.86,0.88,0.86,0.86,0.86,0.86,0.88,0.82,0.84,0.81,0.79,0.94,0.9,0.91,0.81,0.89,0.83,0.88,0.89,0.88,0.89,0.9,0.89,0.92,0.91,0.88,0.88,0.92,0.88,0.92,0.86,0.88,0.88,0.86,0.91,0.91,0.94,0.92,0.88,0.88,0.92,0.93,0.9,0.9,0.93,0.91,0.91,0.86,0.87,0.89,0.9,0.87,0.9,0.9,0.9,0.85,0.86,0.9,0.92,0.9,0.91,0.9,0.86,0.87,0.87,0.91,0.9,0.81,0.89,0.88,0.89,0.89,0.91,0.86,0.85,0.89,0.8,0.89,0.92,0.91,0.87,0.87,0.89,0.89,0.86,0.86,0.89,0.91
ECG5000,0.946222222,0.948222222,0.947777778,0.949333333,0.944,0.948444444,0.948,0.941555556,0.946666667,0.945777778,0.946,0.942444444,0.948888889,0.944666667,0.946444444,0.949777778,0.948,0.946888889,0.945333333,0.948444444,0.946888889,0.946666667,0.943111111,0.947777778,0.947333333,0.948888889,0.945333333,0.946222222,0.946444444,0.947333333,0.948888889,0.943555556,0.942444444,0.945333333,0.948666667,0.949111111,0.947555556,0.946222222,0.950666667,0.944888889,0.948444444,0.952222222,0.948666667,0.947333333,0.949555556,0.95,0.945333333,0.947333333,0.944,0.948888889,0.944444444,0.950444444,0.946666667,0.946888889,0.944444444,0.950666667,0.949333333,0.948,0.949777778,0.946222222,0.949777778,0.949777778,0.952,0.947111111,0.948444444,0.945777778,0.947777778,0.951777778,0.949333333,0.944222222,0.948222222,0.948888889,0.945555556,0.947555556,0.943333333,0.948666667,0.943333333,0.947111111,0.95,0.946888889,0.948222222,0.945555556,0.946444444,0.947111111,0.948444444,0.950444444,0.947111111,0.949111111,0.946444444,0.947333333,0.944,0.943777778,0.95,0.947111111,0.948888889,0.950666667,0.945777778,0.943333333,0.946222222,0.949111111
ECGFiveDays,1,0.99883856,0.99883856,0.988385598,0.984901278,1,0.987224158,0.996515679,0.987224158,0.99883856,0.99767712,0.996515679,0.980255517,0.989547038,0.996515679,1,0.986062718,0.996515679,0.99883856,0.995354239,0.986062718,0.99883856,0.990708479,0.99883856,0.99883856,0.981416957,0.996515679,0.996515679,1,0.988385598,0.991869919,0.996515679,0.99767712,0.99767712,0.988385598,1,0.990708479,1,0.950058072,0.865272938,0.993031359,1,0.99767712,1,1,0.989547038,0.960511034,0.965156794,0.993031359,0.994192799,0.99767712,0.99767712,0.99767712,1,1,0.99767712,1,0.996515679,0.994192799,0.99767712,0.977932636,0.974448316,0.993031359,0.975609756,0.993031359,0.982578397,0.991869919,0.994192799,0.99883856,0.989547038,0.99767712,0.99767712,0.988385598,0.990708479,1,0.99767712,0.991869919,0.994192799,0.996515679,0.981416957,0.99883856,1,1,0.993031359,0.963995354,0.99883856,0.984901278,1,0.966318235,0.99883856,0.968641115,0.99883856,0.996515679,0.994192799,0.948896632,0.99767712,0.914053426,0.99767712,0.962833914,0.99883856
ElectricDevices,0.770328103,0.892620931,0.889249125,0.894695889,0.889378809,0.886266373,0.890935028,0.891713137,0.882635196,0.889378809,0.895344313,0.887563221,0.890416288,0.891453767,0.891842822,0.893528725,0.894955259,0.889508494,0.893269355,0.894566204,0.891064713,0.891194398,0.893009986,0.891842822,0.891583452,0.890416288,0.887952276,0.891842822,0.89897549,0.89339904,0.890805343,0.893009986,0.894566204,0.897548956,0.884969524,0.887303852,0.890416288,0.888341331,0.895733368,0.884580469,0.891324082,0.8843211,0.886914797,0.893788095,0.892102192,0.89391778,0.892880301,0.892361561,0.887433537,0.893269355,0.890156919,0.894566204,0.892231877,0.886914797,0.892880301,0.889508494,0.897419271,0.892491246,0.892231877,0.886266373,0.892102192,0.891583452,0.895733368,0.892361561,0.885617948,0.894306834,0.884969524,0.893139671,0.888211646,0.896381792,0.882764881,0.891453767,0.89339904,0.887692906,0.892102192,0.885099209,0.891583452,0.890805343,0.896770847,0.888211646,0.891583452,0.895473998,0.890545973,0.892880301,0.891194398,0.881857087,0.886525742,0.890675658,0.890156919,0.890416288,0.886525742,0.889767864,0.895084944,0.893009986,0.888471015,0.891453767,,,,
FaceAll,0.80295858,0.991715976,0.998224852,0.998224852,0.99704142,0.998224852,0.998224852,0.998224852,0.998224852,0.997633136,0.998224852,1,0.999408284,1,0.999408284,0.997633136,1,0.998224852,0.998224852,0.99704142,0.998224852,0.99704142,0.998224852,0.998224852,0.99704142,0.998224852,0.998816568,0.99704142,0.998816568,0.997633136,0.998816568,0.997633136,0.997633136,0.99704142,0.999408284,0.997633136,0.999408284,0.998224852,0.998224852,0.99704142,0.998816568,0.998816568,0.997633136,1,0.998224852,0.997633136,0.998816568,0.998816568,0.998816568,0.998816568,0.998224852,0.998816568,0.998816568,0.995266272,1,0.997633136,0.999408284,0.998816568,0.998816568,0.996449704,0.997633136,1,0.998224852,0.998816568,0.999408284,0.998816568,0.998816568,0.998816568,0.998816568,0.998816568,1,0.998816568,0.998224852,0.996449704,0.99704142,0.998816568,0.998816568,0.998816568,0.99704142,0.998816568,0.997633136,0.998816568,0.996449704,0.999408284,0.997633136,0.998816568,0.998224852,0.999408284,0.998224852,0.997633136,0.998816568,0.998224852,0.995857988,0.998816568,0.997633136,0.99704142,0.998816568,0.998816568,0.998816568,0.999408284
FaceFour,0.954545455,0.965909091,0.977272727,0.943181818,0.977272727,0.886363636,0.931818182,0.977272727,0.931818182,0.909090909,0.954545455,0.988636364,1,0.988636364,0.965909091,0.954545455,0.920454545,0.954545455,0.897727273,0.954545455,0.875,0.909090909,0.943181818,0.965909091,0.954545455,0.943181818,0.977272727,0.863636364,0.988636364,0.886363636,0.920454545,1,0.897727273,0.931818182,0.943181818,0.943181818,0.886363636,0.988636364,0.988636364,0.954545455,1,0.886363636,0.988636364,0.988636364,0.943181818,0.965909091,0.954545455,0.806818182,0.988636364,1,0.954545455,0.965909091,0.875,0.954545455,0.931818182,0.954545455,0.977272727,0.920454545,0.943181818,0.943181818,0.965909091,0.965909091,0.954545455,0.988636364,0.931818182,0.965909091,0.897727273,0.965909091,0.988636364,0.965909091,0.965909091,0.897727273,0.977272727,0.920454545,0.988636364,0.977272727,0.965909091,0.863636364,1,0.965909091,0.943181818,0.954545455,0.977272727,0.954545455,0.965909091,0.977272727,0.988636364,0.909090909,0.965909091,0.931818182,0.897727273,0.897727273,0.943181818,0.943181818,0.988636364,1,0.965909091,0.943181818,0.988636364,0.965909091
FacesUCR,0.962926829,0.959512195,0.984878049,0.982439024,0.977073171,0.987317073,0.989268293,0.984878049,0.987804878,0.979512195,0.985365854,0.980487805,0.983414634,0.983414634,0.977073171,0.98097561,0.987804878,0.98097561,0.989756098,0.987317073,0.98195122,0.97902439,0.982439024,0.983414634,0.984878049,0.982439024,0.985365854,0.990243902,0.989268293,0.97804878,0.987317073,0.982439024,0.986829268,0.987317073,0.986341463,0.989756098,0.98097561,0.986341463,0.984878049,0.983902439,0.982926829,0.985853659,0.988780488,0.990243902,0.98097561,0.985365854,0.980487805,0.983902439,0.986341463,0.982926829,0.982439024,0.97902439,0.986341463,0.984390244,0.983414634,0.984390244,0.989756098,0.985853659,0.982439024,0.987317073,0.982926829,0.98195122,0.984878049,0.986829268,0.98097561,0.983414634,0.97902439,0.979512195,0.98195122,0.982926829,0.98,0.984878049,0.989756098,0.976097561,0.983414634,0.98195122,0.984878049,0.985365854,0.986829268,0.988780488,0.983902439,0.982926829,0.988780488,0.98195122,0.986829268,0.98097561,0.988292683,0.988292683,0.983902439,0.98195122,0.979512195,0.97804878,0.98195122,0.982439024,0.975609756,0.991219512,0.983902439,0.985365854,0.987317073,0.981463415
FiftyWords,0.808791209,0.786813187,0.810989011,0.797802198,0.804395604,0.810989011,0.791208791,0.830769231,0.804395604,0.815384615,0.813186813,0.810989011,0.778021978,0.817582418,0.802197802,0.815384615,0.802197802,0.786813187,0.813186813,0.821978022,0.821978022,0.797802198,0.804395604,0.815384615,0.806593407,0.830769231,0.806593407,0.810989011,0.802197802,0.808791209,0.808791209,0.795604396,0.821978022,0.808791209,0.789010989,0.810989011,0.797802198,0.775824176,0.813186813,0.802197802,0.810989011,0.815384615,0.793406593,0.824175824,0.793406593,0.817582418,0.808791209,0.791208791,0.797802198,0.835164835,0.795604396,0.813186813,0.793406593,0.832967033,0.802197802,0.804395604,0.789010989,0.793406593,0.808791209,0.789010989,0.821978022,0.821978022,0.802197802,0.804395604,0.815384615,0.797802198,0.806593407,0.813186813,0.784615385,0.784615385,0.815384615,0.793406593,0.832967033,0.810989011,0.795604396,0.824175824,0.793406593,0.821978022,0.808791209,0.808791209,0.806593407,0.804395604,0.81978022,0.8,0.826373626,0.793406593,0.806593407,0.797802198,0.821978022,0.813186813,0.804395604,0.806593407,0.821978022,0.808791209,0.8,0.806593407,0.813186813,0.821978022,0.793406593,0.791208791
Fish,0.988571429,0.965714286,0.994285714,0.977142857,0.988571429,0.988571429,0.971428571,0.965714286,0.977142857,0.971428571,0.965714286,0.971428571,0.965714286,0.982857143,0.977142857,0.971428571,0.982857143,0.965714286,0.977142857,0.977142857,0.982857143,0.982857143,0.977142857,0.977142857,0.982857143,0.994285714,0.948571429,0.982857143,1,0.971428571,0.977142857,0.965714286,0.971428571,0.994285714,0.994285714,0.977142857,0.971428571,0.965714286,0.977142857,0.965714286,0.977142857,0.982857143,0.977142857,0.982857143,0.971428571,0.96,0.925714286,0.971428571,0.988571429,0.965714286,0.977142857,0.965714286,0.977142857,0.977142857,0.971428571,0.994285714,0.982857143,0.977142857,0.982857143,0.971428571,0.994285714,0.977142857,0.988571429,0.982857143,0.954285714,0.977142857,0.931428571,0.988571429,0.971428571,0.982857143,0.965714286,0.977142857,0.988571429,0.977142857,0.977142857,0.982857143,0.982857143,0.982857143,0.982857143,0.971428571,0.954285714,0.982857143,0.977142857,0.977142857,0.971428571,0.977142857,0.994285714,0.988571429,0.988571429,0.994285714,0.965714286,0.965714286,0.988571429,0.96,0.954285714,0.988571429,0.971428571,0.971428571,0.971428571,0.977142857
FordA,0.964393939,0.953787879,0.953787879,0.962121212,0.95530303,0.958333333,0.956060606,0.958333333,0.958333333,0.968181818,0.958333333,0.962121212,0.962121212,0.959090909,0.965151515,0.959848485,0.952272727,0.957575758,0.964393939,0.962121212,0.956818182,0.971212121,0.965909091,0.959090909,0.963636364,0.966666667,0.959848485,0.963636364,0.958333333,0.965151515,0.95530303,0.964393939,0.959090909,0.963636364,0.956060606,0.946212121,0.960606061,0.965151515,0.956818182,0.964393939,0.956818182,0.957575758,0.957575758,0.954545455,0.967424242,0.962878788,0.957575758,0.960606061,0.962121212,0.961363636,0.961363636,0.956060606,0.958333333,0.966666667,0.962878788,0.958333333,0.956818182,0.959090909,0.95530303,0.953787879,0.959090909,0.961363636,0.960606061,0.965909091,0.958333333,0.956818182,0.954545455,0.960606061,0.951515152,0.952272727,0.952272727,0.968181818,0.95530303,0.968181818,0.956818182,0.966666667,0.962878788,0.95530303,0.962121212,0.965909091,0.957575758,0.959848485,0.962121212,0.962121212,0.957575758,0.953787879,0.959848485,0.958333333,0.963636364,0.957575758,0.967424242,0.968181818,0.956060606,0.954545455,0.951515152,0.959090909,0.964393939,0.959848485,0.949242424,0.95
FordB,0.82345679,0.907407407,0.930864198,0.930864198,0.927160494,0.922222222,0.924691358,0.945679012,0.912345679,0.930864198,0.92962963,0.927160494,0.928395062,0.917283951,0.92962963,0.92962963,0.935802469,0.918518519,0.935802469,0.934567901,0.930864198,0.925925926,0.924691358,0.925925926,0.934567901,0.927160494,0.935802469,0.934567901,0.939506173,0.919753086,0.938271605,0.941975309,0.938271605,0.918518519,0.913580247,0.925925926,0.928395062,0.92962963,0.927160494,0.92345679,0.927160494,0.932098765,0.917283951,0.933333333,0.938271605,0.933333333,0.920987654,0.909876543,0.944444444,0.917283951,0.917283951,0.925925926,0.924691358,0.932098765,0.932098765,0.933333333,0.927160494,0.92345679,0.920987654,0.939506173,0.934567901,0.938271605,0.924691358,0.916049383,0.932098765,0.92345679,0.934567901,0.927160494,0.930864198,0.924691358,0.935802469,0.924691358,0.922222222,0.945679012,0.925925926,0.920987654,0.922222222,0.933333333,0.920987654,0.924691358,0.925925926,0.914814815,0.933333333,0.927160494,0.930864198,0.948148148,0.92345679,0.917283951,0.928395062,0.924691358,0.930864198,0.922222222,0.925925926,0.939506173,0.919753086,0.918518519,0.924691358,0.949382716,0.940740741,0.930864198
GunPoint,1,1,1,1,1,0.993333333,0.993333333,1,1,1,1,1,1,1,0.993333333,1,1,1,1,1,1,1,0.993333333,1,1,1,1,1,0.993333333,0.98,1,1,1,0.993333333,1,0.993333333,1,0.98,1,0.993333333,0.993333333,0.993333333,1,1,1,0.993333333,1,0.986666667,1,1,1,0.986666667,1,0.993333333,0.953333333,1,0.993333333,0.986666667,0.993333333,1,1,1,1,0.993333333,1,1,1,0.993333333,1,1,1,1,1,1,1,0.986666667,0.993333333,0.993333333,1,1,0.986666667,1,0.993333333,1,1,1,0.986666667,1,0.993333333,0.993333333,1,1,1,1,1,0.986666667,1,0.993333333,1,0.993333333
Ham,0.666666667,0.838095238,0.838095238,0.80952381,0.79047619,0.857142857,0.857142857,0.828571429,0.933333333,0.780952381,0.79047619,0.8,0.885714286,0.895238095,0.838095238,0.866666667,0.866666667,0.857142857,0.857142857,0.819047619,0.857142857,0.857142857,0.847619048,0.828571429,0.819047619,0.857142857,0.838095238,0.857142857,0.885714286,0.752380952,0.866666667,0.895238095,0.819047619,0.8,0.838095238,0.857142857,0.838095238,0.828571429,0.847619048,0.857142857,0.838095238,0.80952381,0.876190476,0.8,0.828571429,0.857142857,0.866666667,0.819047619,0.838095238,0.914285714,0.857142857,0.876190476,0.885714286,0.885714286,0.866666667,0.838095238,0.857142857,0.780952381,0.838095238,0.819047619,0.895238095,0.847619048,0.828571429,0.857142857,0.828571429,0.885714286,0.761904762,0.828571429,0.828571429,0.838095238,0.80952381,0.876190476,0.857142857,0.819047619,0.838095238,0.80952381,0.866666667,0.828571429,0.828571429,0.847619048,0.838095238,0.914285714,0.752380952,0.819047619,0.8,0.80952381,0.904761905,0.876190476,0.866666667,0.828571429,0.866666667,0.79047619,0.780952381,0.847619048,0.866666667,0.866666667,0.866666667,0.895238095,0.80952381,0.819047619
HandOutlines,0.932432432,0.902702703,0.908108108,0.927027027,0.902702703,0.924324324,0.889189189,0.948648649,0.905405405,0.935135135,0.886486486,0.913513514,0.908108108,0.910810811,0.897297297,0.902702703,0.927027027,0.910810811,0.9,0.908108108,0.92972973,0.92972973,0.864864865,0.908108108,0.908108108,0.886486486,0.910810811,0.878378378,0.921621622,0.937837838,0.913513514,0.883783784,0.9,0.886486486,0.92972973,0.924324324,0.9,0.902702703,0.905405405,0.9,0.902702703,0.918918919,0.908108108,0.918918919,0.918918919,0.92972973,0.92972973,0.927027027,0.921621622,0.927027027,0.945945946,0.910810811,0.908108108,0.927027027,0.916216216,0.905405405,0.916216216,0.908108108,0.935135135,0.924324324,0.916216216,0.902702703,0.910810811,0.924324324,0.894594595,0.913513514,0.889189189,0.910810811,0.918918919,0.913513514,0.905405405,0.927027027,0.924324324,0.92972973,0.927027027,0.913513514,0.902702703,0.913513514,0.910810811,0.894594595,0.927027027,0.910810811,0.908108108,0.883783784,0.891891892,0.905405405,0.908108108,0.910810811,0.905405405,0.913513514,0.951351351,0.9,0.902702703,0.889189189,0.940540541,0.891891892,0.913513514,0.913513514,0.916216216,0.908108108
Haptics,0.519480519,0.542207792,0.538961039,0.50974026,0.525974026,0.535714286,0.49025974,0.512987013,0.564935065,0.516233766,0.555194805,0.548701299,0.519480519,0.50974026,0.535714286,0.522727273,0.538961039,0.545454545,0.506493506,0.587662338,0.512987013,0.506493506,0.512987013,0.516233766,0.555194805,0.516233766,0.506493506,0.545454545,0.50974026,0.555194805,0.568181818,0.564935065,0.545454545,0.532467532,0.532467532,0.551948052,0.529220779,0.532467532,0.548701299,0.525974026,0.519480519,0.555194805,0.496753247,0.487012987,0.493506494,0.532467532,0.577922078,0.529220779,0.522727273,0.519480519,0.516233766,0.564935065,0.532467532,0.525974026,0.564935065,0.555194805,0.529220779,0.525974026,0.535714286,0.535714286,0.548701299,0.5,0.493506494,0.529220779,0.545454545,0.487012987,0.519480519,0.480519481,0.535714286,0.525974026,0.538961039,0.522727273,0.535714286,0.519480519,0.564935065,0.512987013,0.49025974,0.532467532,0.590909091,0.529220779,0.558441558,0.50974026,0.529220779,0.574675325,0.535714286,0.516233766,0.529220779,0.525974026,0.532467532,0.545454545,0.496753247,0.558441558,0.512987013,0.538961039,0.542207792,0.49025974,0.516233766,0.545454545,0.551948052,0.503246753
Herring,0.6875,0.640625,0.53125,0.609375,0.6875,0.5625,0.65625,0.609375,0.609375,0.625,0.640625,0.6875,0.703125,0.671875,0.546875,0.59375,0.625,0.625,0.609375,0.625,0.6875,0.640625,0.625,0.5625,0.65625,0.65625,0.609375,0.609375,0.625,0.65625,0.671875,0.546875,0.671875,0.578125,0.59375,0.609375,0.640625,0.65625,0.65625,0.53125,0.625,0.640625,0.640625,0.625,0.65625,0.578125,0.609375,0.546875,0.578125,0.625,0.71875,0.578125,0.65625,0.515625,0.6875,0.609375,0.640625,0.625,0.734375,0.65625,0.65625,0.640625,0.609375,0.65625,0.671875,0.625,0.671875,0.671875,0.6875,0.609375,0.625,0.640625,0.640625,0.609375,0.703125,0.640625,0.671875,0.65625,0.671875,0.6875,0.734375,0.671875,0.6875,0.625,0.671875,0.609375,0.53125,0.609375,0.65625,0.59375,0.578125,0.75,0.671875,0.640625,0.578125,0.5625,0.546875,0.703125,0.71875,0.625
InlineSkate,0.5,0.536363636,0.561818182,0.538181818,0.509090909,0.489090909,0.487272727,0.483636364,0.572727273,0.552727273,0.529090909,0.534545455,0.532727273,0.503636364,0.490909091,0.523636364,0.563636364,0.563636364,0.514545455,0.521818182,0.525454545,0.56,0.467272727,0.596363636,0.512727273,0.574545455,0.554545455,0.547272727,0.525454545,0.556363636,0.552727273,0.490909091,0.489090909,0.541818182,0.5,0.534545455,0.532727273,0.523636364,0.554545455,0.556363636,0.463636364,0.545454545,0.512727273,0.561818182,0.518181818,0.48,0.509090909,0.518181818,0.510909091,0.494545455,0.541818182,0.510909091,0.461818182,0.516363636,0.510909091,0.518181818,0.534545455,0.534545455,0.587272727,0.518181818,0.527272727,0.565454545,0.463636364,0.492727273,0.498181818,0.494545455,0.525454545,0.554545455,0.523636364,0.525454545,0.549090909,0.52,0.547272727,0.521818182,0.525454545,0.46,0.587272727,0.543636364,0.516363636,0.498181818,0.425454545,0.583636364,0.514545455,0.543636364,0.529090909,0.545454545,0.5,0.550909091,0.558181818,0.554545455,0.527272727,0.525454545,0.574545455,0.498181818,0.558181818,0.530909091,0.494545455,0.536363636,0.514545455,0.532727273
InsectWingbeatSound,0.655050505,0.636868687,0.628787879,0.637373737,0.661111111,0.634343434,0.617676768,0.627777778,0.636363636,0.624242424,0.635858586,0.630808081,0.642424242,0.651515152,0.644949495,0.631818182,0.637373737,0.616161616,0.633333333,0.617676768,0.617171717,0.621717172,0.602525253,0.660606061,0.653535354,0.635353535,0.62979798,0.640909091,0.628282828,0.651010101,0.618181818,0.636363636,0.624747475,0.642929293,0.634343434,0.653030303,0.632828283,0.657575758,0.632828283,0.635858586,0.641414141,0.65959596,0.631818182,0.630808081,0.638888889,0.632828283,0.635353535,0.636363636,0.640909091,0.643434343,0.640909091,0.644444444,0.641414141,0.633838384,0.63030303,0.628282828,0.636363636,0.612121212,0.61969697,0.605555556,0.633333333,0.646464646,0.644949495,0.651515152,0.63030303,0.654545455,0.633333333,0.623737374,0.625757576,0.623232323,0.616666667,0.636363636,0.654040404,0.650505051,0.622727273,0.613131313,0.623232323,0.648484848,0.633838384,0.651515152,0.635858586,0.643434343,0.652020202,0.636868687,0.642929293,0.647979798,0.635353535,0.631818182,0.614141414,0.631818182,0.632828283,0.643939394,0.638383838,0.648484848,0.656060606,0.641919192,0.607575758,0.640909091,0.631313131,0.612626263
ItalyPowerDemand,0.963070943,0.925170068,0.96404276,0.970845481,0.969873664,0.97473275,0.966958212,0.972789116,0.946550049,0.97473275,0.96404276,0.965986395,0.973760933,0.967930029,0.96404276,0.976676385,0.957240039,0.963070943,0.973760933,0.969873664,0.972789116,0.965014577,0.968901846,0.970845481,0.969873664,0.96404276,0.969873664,0.958211856,0.965986395,0.972789116,0.963070943,0.971817298,0.956268222,0.969873664,0.962099125,0.963070943,0.97473275,0.976676385,0.972789116,0.960155491,0.965986395,0.970845481,0.976676385,0.973760933,0.969873664,0.968901846,0.976676385,0.963070943,0.972789116,0.975704568,0.967930029,0.979591837,0.972789116,0.965014577,0.970845481,0.97473275,0.971817298,0.963070943,0.962099125,0.958211856,0.967930029,0.976676385,0.973760933,0.970845481,0.965986395,0.965986395,0.970845481,0.973760933,0.971817298,0.966958212,0.969873664,0.976676385,0.948493683,0.965986395,0.976676385,0.961127308,0.971817298,0.975704568,0.965986395,0.968901846,0.973760933,0.972789116,0.962099125,0.967930029,0.977648202,0.979591837,0.973760933,0.963070943,0.967930029,0.968901846,0.972789116,0.958211856,0.976676385,0.939747328,0.97473275,0.969873664,0.971817298,0.957240039,0.96404276,0.951409135
LargeKitchenAppliances,0.864,0.933333333,0.938666667,0.901333333,0.944,0.856,0.92,0.930666667,0.914666667,0.933333333,0.930666667,0.936,0.936,0.922666667,0.946666667,0.944,0.941333333,0.901333333,0.909333333,0.933333333,0.928,0.944,0.941333333,0.917333333,0.933333333,0.909333333,0.912,0.92,0.896,0.928,0.946666667,0.933333333,0.906666667,0.944,0.928,0.938666667,0.888,0.938666667,0.906666667,0.917333333,0.928,0.925333333,0.933333333,0.928,0.914666667,0.917333333,0.949333333,0.946666667,0.925333333,0.928,0.930666667,0.944,0.933333333,0.906666667,0.901333333,0.930666667,0.917333333,0.949333333,0.88,0.930666667,0.928,0.92,0.944,0.938666667,0.888,0.922666667,0.914666667,0.96,0.906666667,0.930666667,0.933333333,0.938666667,0.936,0.904,0.936,0.936,0.896,0.922666667,0.896,0.909333333,0.92,0.904,0.896,0.914666667,0.893333333,0.946666667,0.914666667,0.904,0.933333333,0.925333333,0.909333333,0.928,0.922666667,0.901333333,0.941333333,0.92,0.925333333,0.914666667,0.917333333,0.941333333
Lightning2,0.819672131,0.868852459,0.770491803,0.852459016,0.737704918,0.852459016,0.770491803,0.819672131,0.721311475,0.819672131,0.852459016,0.737704918,0.754098361,0.786885246,0.819672131,0.786885246,0.868852459,0.786885246,0.68852459,0.786885246,0.868852459,0.786885246,0.819672131,0.803278689,0.819672131,0.852459016,0.852459016,0.803278689,0.737704918,0.803278689,0.770491803,0.737704918,0.786885246,0.770491803,0.836065574,0.786885246,0.852459016,0.819672131,0.868852459,0.803278689,0.770491803,0.655737705,0.868852459,0.721311475,0.737704918,0.819672131,0.737704918,0.655737705,0.868852459,0.901639344,0.852459016,0.737704918,0.819672131,0.803278689,0.803278689,0.737704918,0.803278689,0.885245902,0.852459016,0.786885246,0.803278689,0.803278689,0.754098361,0.803278689,0.770491803,0.868852459,0.737704918,0.770491803,0.803278689,0.803278689,0.786885246,0.819672131,0.803278689,0.819672131,0.754098361,0.786885246,0.770491803,0.868852459,0.836065574,0.721311475,0.885245902,0.803278689,0.819672131,0.836065574,0.819672131,0.786885246,0.803278689,0.737704918,0.786885246,0.803278689,0.786885246,0.803278689,0.852459016,0.770491803,0.704918033,0.819672131,0.721311475,0.819672131,0.754098361,0.803278689
Lightning7,0.739726027,0.780821918,0.684931507,0.794520548,0.794520548,0.849315068,0.767123288,0.794520548,0.808219178,0.849315068,0.794520548,0.835616438,0.767123288,0.821917808,0.739726027,0.849315068,0.821917808,0.890410959,0.821917808,0.753424658,0.808219178,0.780821918,0.890410959,0.863013699,0.780821918,0.835616438,0.835616438,0.849315068,0.780821918,0.849315068,0.794520548,0.835616438,0.767123288,0.808219178,0.753424658,0.808219178,0.863013699,0.821917808,0.821917808,0.808219178,0.863013699,0.849315068,0.821917808,0.794520548,0.753424658,0.904109589,0.876712329,0.794520548,0.808219178,0.808219178,0.794520548,0.863013699,0.876712329,0.780821918,0.835616438,0.780821918,0.835616438,0.904109589,0.794520548,0.753424658,0.876712329,0.753424658,0.835616438,0.726027397,0.821917808,0.794520548,0.726027397,0.821917808,0.808219178,0.835616438,0.821917808,0.849315068,0.890410959,0.794520548,0.821917808,0.808219178,0.821917808,0.767123288,0.808219178,0.849315068,0.780821918,0.808219178,0.808219178,0.835616438,0.835616438,0.821917808,0.739726027,0.808219178,0.808219178,0.821917808,0.753424658,0.753424658,0.821917808,0.849315068,0.863013699,0.726027397,0.821917808,0.849315068,0.821917808,0.739726027
Mallat,0.962046908,0.955223881,0.965458422,0.973987207,0.979957356,0.977398721,0.973987207,0.988059701,0.972707889,0.982089552,0.982089552,0.973560768,0.980383795,0.969722814,0.975266525,0.98336887,0.970575693,0.979530917,0.967164179,0.980810235,0.981236674,0.983795309,0.973134328,0.982089552,0.965884861,0.979104478,0.973134328,0.974840085,0.979530917,0.984648188,0.982089552,0.967590618,0.978251599,0.959488273,0.974413646,0.980383795,0.975692964,0.982515991,0.97782516,0.971855011,0.984648188,0.970575693,0.963326226,0.985074627,0.978251599,0.97228145,0.984221748,0.967164179,0.974413646,0.968869936,0.988059701,0.956929638,0.985074627,0.959914712,0.980383795,0.972707889,0.965458422,0.980810235,0.973987207,0.97782516,0.974840085,0.982089552,0.975692964,0.976972281,0.969296375,0.979957356,0.971855011,0.968443497,0.975266525,0.971428571,0.968443497,0.981663113,0.977398721,0.980383795,0.961620469,0.986353945,0.972707889,0.976119403,0.977398721,0.980810235,0.979530917,0.983795309,0.985074627,0.984221748,0.977398721,0.97782516,0.980810235,0.981236674,0.973987207,0.975266525,0.98336887,0.974840085,0.975692964,0.980383795,0.967590618,0.968869936,0.960767591,0.975266525,0.963326226,0.984648188
Meat,0.933333333,0.966666667,1,0.966666667,1,1,1,1,0.966666667,1,1,0.983333333,1,0.966666667,1,0.966666667,1,1,1,1,1,1,1,0.966666667,1,0.966666667,0.966666667,0.983333333,1,1,0.966666667,1,0.966666667,1,1,1,1,1,1,0.966666667,0.933333333,1,1,1,1,0.966666667,1,1,1,0.966666667,1,0.966666667,1,1,1,1,1,1,1,1,1,0.966666667,0.966666667,1,1,1,0.966666667,0.966666667,1,1,0.966666667,1,1,0.916666667,1,0.966666667,1,1,1,0.916666667,0.966666667,1,1,1,0.966666667,1,0.966666667,1,1,1,1,1,1,0.966666667,1,0.966666667,1,1,0.966666667,0.916666667
MedicalImages,0.777631579,0.761842105,0.825,0.819736842,0.813157895,0.819736842,0.818421053,0.813157895,0.811842105,0.817105263,0.819736842,0.859210526,0.788157895,0.801315789,0.811842105,0.807894737,0.781578947,0.821052632,0.811842105,0.822368421,0.813157895,0.803947368,0.822368421,0.828947368,0.798684211,0.830263158,0.798684211,0.827631579,0.814473684,0.835526316,0.826315789,0.828947368,0.834210526,0.803947368,0.822368421,0.817105263,0.778947368,0.809210526,0.817105263,0.823684211,0.835526316,0.813157895,0.818421053,0.813157895,0.819736842,0.807894737,0.797368421,0.814473684,0.811842105,0.826315789,0.825,0.790789474,0.817105263,0.821052632,0.806578947,0.830263158,0.828947368,0.818421053,0.817105263,0.830263158,0.814473684,0.831578947,0.835526316,0.813157895,0.801315789,0.803947368,0.817105263,0.811842105,0.810526316,0.823684211,0.830263158,0.806578947,0.836842105,0.819736842,0.814473684,0.819736842,0.807894737,0.822368421,0.826315789,0.802631579,0.803947368,0.842105263,0.809210526,0.834210526,0.8,0.803947368,0.811842105,0.825,0.836842105,0.809210526,0.790789474,0.821052632,0.828947368,0.830263158,0.825,0.806578947,0.809210526,0.796052632,0.794736842,0.831578947
MiddlePhalanxOutlineCorrect,0.83161512,0.773195876,0.828178694,0.807560137,0.821305842,0.824742268,0.817869416,0.817869416,0.817869416,0.790378007,0.800687285,0.797250859,0.821305842,0.824742268,0.783505155,0.800687285,0.817869416,0.835051546,0.807560137,0.817869416,0.835051546,0.838487973,0.780068729,0.786941581,0.786941581,0.824742268,0.807560137,0.81443299,0.804123711,0.793814433,0.821305842,0.76975945,0.762886598,0.81443299,0.828178694,0.81443299,0.824742268,0.800687285,0.828178694,0.776632302,0.800687285,0.800687285,0.835051546,0.783505155,0.804123711,0.817869416,0.766323024,0.807560137,0.841924399,0.81443299,0.807560137,0.76975945,0.845360825,0.780068729,0.800687285,0.821305842,0.810996564,0.804123711,0.838487973,0.793814433,0.81443299,0.790378007,0.786941581,0.790378007,0.817869416,0.804123711,0.821305842,0.810996564,0.800687285,0.780068729,0.81443299,0.786941581,0.790378007,0.817869416,0.824742268,0.821305842,0.790378007,0.780068729,0.804123711,0.824742268,0.800687285,0.793814433,0.804123711,0.828178694,0.835051546,0.804123711,0.793814433,0.793814433,0.810996564,0.835051546,0.845360825,0.807560137,0.824742268,0.81443299,0.841924399,0.821305842,0.800687285,0.821305842,0.835051546,0.807560137
MiddlePhalanxOutlineAgeGroup,0.597402597,0.701298701,0.714285714,0.733766234,0.688311688,0.681818182,0.714285714,0.74025974,0.694805195,0.616883117,0.720779221,0.694805195,0.727272727,0.720779221,0.681818182,0.675324675,0.694805195,0.707792208,0.681818182,0.694805195,0.714285714,0.649350649,0.720779221,0.642857143,0.681818182,0.714285714,0.62987013,0.753246753,0.714285714,0.746753247,0.766233766,0.707792208,0.720779221,0.707792208,0.688311688,0.694805195,0.655844156,0.707792208,0.668831169,0.727272727,0.727272727,0.662337662,0.714285714,0.75974026,0.727272727,0.701298701,0.701298701,0.694805195,0.753246753,0.688311688,0.733766234,0.766233766,0.74025974,0.714285714,0.662337662,0.707792208,0.694805195,0.746753247,0.642857143,0.720779221,0.694805195,0.727272727,0.688311688,0.688311688,0.688311688,0.74025974,0.74025974,0.675324675,0.675324675,0.681818182,0.707792208,0.694805195,0.720779221,0.733766234,0.675324675,0.675324675,0.642857143,0.707792208,0.714285714,0.714285714,0.720779221,0.694805195,0.694805195,0.746753247,0.701298701,0.707792208,0.701298701,0.74025974,0.727272727,0.727272727,0.746753247,0.681818182,0.753246753,0.707792208,0.727272727,0.714285714,0.707792208,0.727272727,0.714285714,0.707792208
MiddlePhalanxTW,0.571428571,0.551948052,0.577922078,0.577922078,0.538961039,0.584415584,0.577922078,0.584415584,0.545454545,0.564935065,0.545454545,0.577922078,0.616883117,0.571428571,0.558441558,0.538961039,0.551948052,0.571428571,0.538961039,0.597402597,0.584415584,0.577922078,0.571428571,0.525974026,0.571428571,0.590909091,0.564935065,0.577922078,0.597402597,0.584415584,0.603896104,0.584415584,0.577922078,0.584415584,0.551948052,0.584415584,0.577922078,0.519480519,0.584415584,0.577922078,0.564935065,0.577922078,0.584415584,0.545454545,0.603896104,0.525974026,0.584415584,0.577922078,0.545454545,0.577922078,0.577922078,0.584415584,0.538961039,0.577922078,0.603896104,0.571428571,0.571428571,0.584415584,0.564935065,0.519480519,0.603896104,0.564935065,0.571428571,0.577922078,0.551948052,0.571428571,0.603896104,0.551948052,0.577922078,0.603896104,0.597402597,0.616883117,0.564935065,0.603896104,0.577922078,0.538961039,0.506493506,0.551948052,0.584415584,0.538961039,0.571428571,0.584415584,0.545454545,0.532467532,0.577922078,0.61038961,0.538961039,0.590909091,0.564935065,0.577922078,0.584415584,0.577922078,0.584415584,0.545454545,0.551948052,0.551948052,0.603896104,0.577922078,0.597402597,0.564935065
MoteStrain,0.932907348,0.915335463,0.967252396,0.939297125,0.940095847,0.901757188,0.95686901,0.934504792,0.937699681,0.955271565,0.936900958,0.953674121,0.940894569,0.941693291,0.949680511,0.952076677,0.911341853,0.936900958,0.945686901,0.944888179,0.946485623,0.943290735,0.971246006,0.973642173,0.96485623,0.940894569,0.937699681,0.961661342,0.950479233,0.896964856,0.948083067,0.947284345,0.971246006,0.953674121,0.932108626,0.948083067,0.957667732,0.943290735,0.963258786,0.964057508,0.963258786,0.941693291,0.957667732,0.957667732,0.907348243,0.942492013,0.946485623,0.92971246,0.958466454,0.947284345,0.954472843,0.959265176,0.96086262,0.954472843,0.962460064,0.883386581,0.92971246,0.969648562,0.950479233,0.924121406,0.959265176,0.953674121,0.945686901,0.928913738,0.92571885,0.958466454,0.908945687,0.952076677,0.93370607,0.963258786,0.954472843,0.943290735,0.965654952,0.955271565,0.939297125,0.950479233,0.949680511,0.926517572,0.947284345,0.936900958,0.95686901,0.934504792,0.955271565,0.947284345,0.950479233,0.92971246,0.940894569,0.941693291,0.956070288,0.961661342,0.934504792,0.965654952,0.963258786,0.971246006,0.965654952,0.955271565,0.966453674,0.953674121,0.960063898,0.96086262
NonInvasiveFetalECGThorax1,0.930279898,0.92519084,0.928753181,0.938422392,0.932824427,0.93129771,0.935877863,0.936386768,0.928244275,0.916030534,0.930279898,0.925699746,0.940458015,0.941984733,0.929262087,0.933842239,0.93740458,0.933842239,0.932824427,0.927735369,0.932824427,0.93740458,0.936895674,0.939440204,0.92264631,0.934351145,0.932824427,0.939440204,0.932315522,0.932824427,0.928753181,0.938931298,0.933842239,0.925699746,0.936895674,0.938422392,0.924173028,0.93740458,0.933842239,0.934351145,0.933842239,0.92264631,0.924681934,0.940458015,0.931806616,0.927226463,0.932315522,0.932824427,0.927735369,0.933842239,0.929262087,0.928244275,0.934351145,0.927735369,0.934351145,0.929262087,0.927226463,0.932824427,0.932315522,0.932824427,0.927735369,0.933333333,0.928244275,0.935877863,0.927735369,0.935877863,0.917048346,0.928244275,0.936895674,0.932824427,0.918575064,0.928244275,0.926208651,0.933333333,0.928244275,0.93740458,0.93740458,0.935877863,0.935368957,0.930279898,0.933333333,0.93740458,0.920101781,0.920101781,0.935877863,0.924173028,0.935877863,0.929262087,0.933333333,0.937913486,0.927735369,0.932315522,0.928244275,0.931806616,0.931806616,0.935368957,0.93129771,0.934860051,0.92519084,0.944020356
NonInvasiveFetalECGThorax2,0.944529262,0.955725191,0.950127226,0.951653944,0.945547074,0.953180662,0.956743003,0.952671756,0.946564885,0.94605598,0.950127226,0.949618321,0.946564885,0.957760814,0.95216285,0.950636132,0.959796438,0.954707379,0.946564885,0.948091603,0.954198473,0.955216285,0.949109415,0.957251908,0.951653944,0.949109415,0.954707379,0.956234097,0.953180662,0.95826972,0.953689567,0.951653944,0.951145038,0.955216285,0.956743003,0.955216285,0.957760814,0.956743003,0.956234097,0.95826972,0.953180662,0.954198473,0.953689567,0.95826972,0.954707379,0.953689567,0.952671756,0.963867684,0.948600509,0.95826972,0.952671756,0.950127226,0.951653944,0.957251908,0.948600509,0.952671756,0.946564885,0.954707379,0.956743003,0.953689567,0.949109415,0.952671756,0.950127226,0.951145038,0.953689567,0.947582697,0.944529262,0.955216285,0.957251908,0.950127226,0.945547074,0.950127226,0.95216285,0.953180662,0.947073791,0.950636132,0.949109415,0.951653944,0.952671756,0.947073791,0.953689567,0.940458015,0.945038168,0.963358779,0.945547074,0.955216285,0.949618321,0.956234097,0.953180662,0.949618321,0.950127226,0.948600509,0.949618321,0.956234097,0.955725191,0.956234097,0.94605598,0.944020356,0.95826972,
OliveOil,0.9,0.9,0.866666667,0.966666667,0.833333333,0.9,0.933333333,0.933333333,0.9,0.833333333,0.833333333,0.866666667,0.933333333,0.933333333,0.933333333,0.9,0.9,0.866666667,0.933333333,0.933333333,0.933333333,0.9,0.8,0.9,0.933333333,0.9,0.933333333,0.933333333,0.933333333,0.933333333,0.933333333,0.866666667,0.966666667,0.933333333,0.9,0.933333333,0.933333333,0.9,0.9,0.866666667,0.9,0.866666667,0.9,0.933333333,0.866666667,0.866666667,0.866666667,0.933333333,0.9,0.9,0.866666667,0.866666667,0.9,0.933333333,0.933333333,0.9,0.9,0.866666667,0.9,0.833333333,0.9,0.833333333,0.933333333,0.966666667,0.866666667,0.966666667,0.833333333,0.9,0.9,0.833333333,0.866666667,0.9,0.966666667,0.933333333,0.866666667,0.933333333,0.866666667,0.9,0.9,0.9,0.866666667,0.833333333,0.9,0.933333333,0.8,0.866666667,0.833333333,0.9,0.933333333,0.866666667,0.866666667,0.9,0.933333333,0.933333333,0.866666667,0.866666667,0.866666667,0.966666667,0.9,0.9
OSULeaf,0.979338843,0.991735537,0.958677686,0.983471074,0.987603306,0.966942149,0.975206612,0.979338843,0.983471074,0.975206612,0.97107438,0.962809917,0.950413223,0.975206612,0.975206612,0.983471074,0.975206612,0.954545455,0.962809917,0.975206612,0.979338843,0.983471074,0.962809917,0.97107438,0.962809917,0.97107438,0.97107438,0.962809917,0.97107438,0.950413223,0.975206612,0.987603306,0.946280992,0.97107438,0.946280992,0.97107438,0.966942149,0.97107438,0.962809917,0.979338843,0.979338843,0.983471074,0.962809917,0.962809917,0.975206612,0.97107438,0.97107438,0.966942149,0.966942149,0.975206612,0.958677686,0.954545455,0.979338843,0.979338843,0.946280992,0.975206612,0.983471074,0.97107438,0.979338843,0.975206612,0.966942149,0.966942149,0.983471074,0.979338843,0.979338843,0.97107438,0.954545455,0.979338843,0.979338843,0.966942149,0.962809917,0.97107438,0.975206612,0.979338843,0.983471074,0.966942149,0.958677686,0.938016529,0.983471074,0.962809917,0.966942149,0.97107438,0.979338843,0.987603306,0.991735537,0.966942149,0.966942149,0.962809917,0.954545455,0.987603306,0.975206612,0.962809917,0.958677686,0.966942149,0.962809917,0.958677686,0.979338843,0.958677686,0.966942149,0.966942149
PhalangesOutlinesCorrect,0.806526807,0.821678322,0.815850816,0.811188811,0.815850816,0.834498834,0.814685315,0.808857809,0.821678322,0.834498834,0.808857809,0.819347319,0.844988345,0.828671329,0.822843823,0.826340326,0.817016317,0.820512821,0.825174825,0.813519814,0.826340326,0.826340326,0.822843823,0.817016317,0.819347319,0.82983683,0.811188811,0.826340326,0.826340326,0.832167832,0.824009324,0.820512821,0.825174825,0.819347319,0.822843823,0.81002331,0.803030303,0.824009324,0.826340326,0.822843823,0.817016317,0.824009324,0.834498834,0.813519814,0.812354312,0.827505828,0.841491841,0.813519814,0.835664336,0.825174825,0.831002331,0.804195804,0.819347319,0.818181818,0.805361305,0.835664336,0.826340326,0.828671329,0.808857809,0.818181818,0.827505828,0.821678322,0.815850816,0.803030303,0.808857809,0.812354312,0.81002331,0.814685315,0.818181818,0.817016317,0.828671329,0.832167832,0.831002331,0.827505828,0.822843823,0.832167832,0.817016317,0.822843823,0.82983683,0.820512821,0.819347319,0.813519814,0.801864802,0.831002331,0.807692308,0.824009324,0.828671329,0.825174825,0.827505828,0.814685315,0.807692308,0.827505828,0.824009324,0.828671329,0.828671329,0.805361305,0.822843823,0.824009324,0.814685315,0.84032634
Phoneme,0.382383966,0.362869198,0.378691983,0.356540084,0.374472574,0.363396624,0.385548523,0.384493671,0.385548523,0.403481013,0.368670886,0.369725738,0.385021097,0.401898734,0.387130802,0.356012658,0.370780591,0.374472574,0.356540084,0.361814346,0.377109705,0.38871308,0.384493671,0.389767932,0.375527426,0.35021097,0.379746835,0.397151899,0.389240506,0.39978903,0.382383966,0.354957806,0.394514768,0.364978903,0.376054852,0.390295359,0.405590717,0.392405063,0.360232068,0.391877637,0.356540084,0.367088608,0.376582278,0.370780591,0.386603376,0.385548523,0.401371308,0.373417722,0.389767932,0.371308017,0.380801688,0.366561181,0.376054852,0.379746835,0.372890295,0.355485232,0.387658228,0.38185654,0.372362869,0.377637131,0.382383966,0.410337553,0.395042194,0.386075949,0.379746835,0.370253165,0.388185654,0.364451477,0.376582278,0.364978903,0.39556962,0.370780591,0.373945148,0.385548523,0.349156118,0.371835443,0.392932489,0.384493671,0.368670886,0.351793249,0.35021097,0.35443038,0.341244726,0.370253165,0.396097046,0.382383966,0.370780591,0.382383966,0.374472574,0.360759494,0.379746835,0.373417722,0.376054852,0.359704641,0.359177215,0.369725738,0.38871308,0.391877637,0.404535865,0.385021097
Plane,1,1,1,1,1,1,1,1,1,1,1,1,1,1,1,1,1,1,1,1,1,1,1,1,1,1,1,1,1,1,1,1,1,1,1,1,1,1,1,1,1,1,1,1,1,1,1,1,1,1,1,1,1,1,1,1,1,1,1,1,1,1,1,1,1,1,1,1,1,1,1,1,1,1,1,1,1,1,1,1,1,1,1,1,1,1,1,1,1,1,1,1,1,1,1,1,1,1,1,1
ProximalPhalanxOutlineCorrect,0.879725086,0.872852234,0.883161512,0.872852234,0.869415808,0.883161512,0.83161512,0.865979381,0.87628866,0.890034364,0.896907216,0.896907216,0.896907216,0.890034364,0.869415808,0.879725086,0.865979381,0.872852234,0.872852234,0.869415808,0.869415808,0.872852234,0.87628866,0.869415808,0.865979381,0.848797251,0.900343643,0.886597938,0.852233677,0.869415808,0.890034364,0.855670103,0.89347079,0.845360825,0.87628866,0.89347079,0.845360825,0.869415808,0.879725086,0.890034364,0.869415808,0.848797251,0.890034364,0.872852234,0.869415808,0.879725086,0.879725086,0.89347079,0.865979381,0.869415808,0.886597938,0.903780069,0.87628866,0.879725086,0.838487973,0.869415808,0.89347079,0.87628866,0.855670103,0.883161512,0.869415808,0.883161512,0.87628866,0.890034364,0.87628866,0.859106529,0.87628866,0.907216495,0.896907216,0.872852234,0.869415808,0.886597938,0.879725086,0.872852234,0.87628866,0.886597938,0.87628866,0.859106529,0.862542955,0.869415808,0.872852234,0.865979381,0.865979381,0.883161512,0.865979381,0.852233677,0.886597938,0.896907216,0.879725086,0.859106529,0.879725086,0.87628866,0.872852234,0.890034364,0.89347079,0.907216495,0.907216495,0.845360825,0.896907216,0.89347079
ProximalPhalanxOutlineAgeGroup,0.858536585,0.848780488,0.819512195,0.848780488,0.853658537,0.868292683,0.882926829,0.814634146,0.834146341,0.858536585,0.882926829,0.858536585,0.863414634,0.829268293,0.863414634,0.83902439,0.87804878,0.804878049,0.858536585,0.882926829,0.848780488,0.853658537,0.834146341,0.843902439,0.873170732,0.863414634,0.814634146,0.853658537,0.83902439,0.83902439,0.858536585,0.848780488,0.848780488,0.83902439,0.83902439,0.848780488,0.887804878,0.824390244,0.843902439,0.858536585,0.819512195,0.87804878,0.804878049,0.868292683,0.897560976,0.843902439,0.848780488,0.853658537,0.868292683,0.848780488,0.809756098,0.87804878,0.824390244,0.917073171,0.829268293,0.829268293,0.858536585,0.858536585,0.882926829,0.795121951,0.858536585,0.829268293,0.843902439,0.873170732,0.834146341,0.848780488,0.873170732,0.853658537,0.829268293,0.853658537,0.868292683,0.819512195,0.843902439,0.834146341,0.858536585,0.858536585,0.819512195,0.834146341,0.858536585,0.809756098,0.819512195,0.834146341,0.848780488,0.829268293,0.863414634,0.863414634,0.87804878,0.843902439,0.834146341,0.873170732,0.873170732,0.848780488,0.858536585,0.853658537,0.834146341,0.848780488,0.843902439,0.83902439,0.814634146,0.819512195
ProximalPhalanxTW,0.814634146,0.814634146,0.795121951,0.829268293,0.804878049,0.809756098,0.804878049,0.824390244,0.8,0.829268293,0.804878049,0.795121951,0.834146341,0.824390244,0.834146341,0.8,0.809756098,0.809756098,0.819512195,0.834146341,0.834146341,0.8,0.8,0.775609756,0.775609756,0.814634146,0.814634146,0.814634146,0.824390244,0.819512195,0.824390244,0.804878049,0.775609756,0.795121951,0.824390244,0.819512195,0.834146341,0.804878049,0.8,0.804878049,0.795121951,0.814634146,0.824390244,0.834146341,0.824390244,0.804878049,0.829268293,0.824390244,0.809756098,0.814634146,0.8,0.819512195,0.8,0.804878049,0.809756098,0.804878049,0.814634146,0.814634146,0.804878049,0.780487805,0.819512195,0.829268293,0.8,0.819512195,0.834146341,0.804878049,0.8,0.804878049,0.790243902,0.809756098,0.824390244,0.809756098,0.795121951,0.809756098,0.780487805,0.804878049,0.829268293,0.790243902,0.814634146,0.804878049,0.804878049,0.804878049,0.795121951,0.809756098,0.814634146,0.804878049,0.824390244,0.834146341,0.804878049,0.809756098,0.83902439,0.843902439,0.790243902,0.790243902,0.824390244,0.819512195,0.819512195,0.804878049,0.829268293,0.829268293
RefrigerationDevices,0.557333333,0.781333333,0.8,0.786666667,0.784,0.765333333,0.842666667,0.810666667,0.810666667,0.813333333,0.834666667,0.789333333,0.776,0.818666667,0.816,0.861333333,0.8,0.797333333,0.794666667,0.754666667,0.802666667,0.856,0.762666667,0.802666667,0.829333333,0.808,0.816,0.842666667,0.778666667,0.829333333,0.816,0.8,0.813333333,0.792,0.794666667,0.810666667,0.784,0.810666667,0.749333333,0.826666667,0.816,0.781333333,0.829333333,0.776,0.832,0.754666667,0.768,0.816,0.802666667,0.784,0.821333333,0.810666667,0.778666667,0.784,0.802666667,0.837333333,0.797333333,0.797333333,0.834666667,0.8,0.781333333,0.776,0.821333333,0.776,0.858666667,0.794666667,0.845333333,0.834666667,0.845333333,0.770666667,0.770666667,0.805333333,0.813333333,0.824,0.816,0.824,0.776,0.834666667,0.797333333,0.834666667,0.802666667,0.786666667,0.776,0.792,0.821333333,0.76,0.757333333,0.792,0.786666667,0.765333333,0.805333333,0.818666667,0.832,0.757333333,0.816,0.778666667,0.845333333,0.805333333,0.805333333,0.848
ScreenType,0.589333333,0.730666667,0.696,0.744,0.712,0.68,0.730666667,0.701333333,0.688,0.738666667,0.725333333,0.752,0.701333333,0.72,0.76,0.701333333,0.736,0.717333333,0.648,0.741333333,0.706666667,0.706666667,0.698666667,0.717333333,0.714666667,0.741333333,0.698666667,0.717333333,0.682666667,0.677333333,0.730666667,0.72,0.72,0.696,0.693333333,0.709333333,0.728,0.709333333,0.712,0.728,0.733333333,0.717333333,0.688,0.709333333,0.717333333,0.712,0.690666667,0.664,0.696,0.730666667,0.712,0.68,0.669333333,0.706666667,0.728,0.693333333,0.690666667,0.714666667,0.68,0.789333333,0.746666667,0.722666667,0.698666667,0.685333333,0.698666667,0.741333333,0.714666667,0.728,0.784,0.714666667,0.674666667,0.722666667,0.709333333,0.722666667,0.677333333,0.688,0.701333333,0.690666667,0.709333333,0.728,0.717333333,0.685333333,0.712,0.722666667,0.706666667,0.725333333,0.658666667,0.712,0.693333333,0.728,0.738666667,0.762666667,0.714666667,0.714666667,0.722666667,0.693333333,0.717333333,0.706666667,0.722666667,0.741333333
ShapeletSim,1,0.988888889,1,1,0.994444444,0.994444444,0.994444444,1,1,1,0.966666667,1,1,1,1,0.988888889,0.977777778,0.938888889,1,0.983333333,0.977777778,0.994444444,0.994444444,1,0.994444444,1,0.988888889,1,0.961111111,0.966666667,0.988888889,0.994444444,0.961111111,0.988888889,1,1,1,0.972222222,0.994444444,1,0.994444444,1,1,1,0.988888889,0.988888889,1,0.961111111,0.988888889,0.966666667,0.977777778,0.994444444,0.994444444,1,1,1,0.988888889,0.983333333,0.994444444,0.994444444,0.966666667,0.994444444,0.988888889,1,1,0.966666667,0.994444444,0.994444444,1,0.994444444,0.988888889,0.988888889,0.966666667,0.994444444,0.994444444,1,0.983333333,1,0.988888889,0.988888889,1,1,0.988888889,0.988888889,0.994444444,1,0.994444444,1,0.994444444,0.988888889,0.994444444,0.994444444,1,0.988888889,1,1,0.994444444,0.994444444,0.994444444,1
ShapesAll,0.905,0.916666667,0.92,0.94,0.925,0.945,0.901666667,0.918333333,0.926666667,0.915,0.908333333,0.906666667,0.933333333,0.921666667,0.931666667,0.928333333,0.935,0.903333333,0.946666667,0.926666667,0.936666667,0.92,0.926666667,0.923333333,0.92,0.93,0.925,0.943333333,0.925,0.935,0.928333333,0.92,0.933333333,0.923333333,0.921666667,0.941666667,0.918333333,0.923333333,0.916666667,0.913333333,0.938333333,0.938333333,0.926666667,0.923333333,0.908333333,0.91,0.905,0.946666667,0.911666667,0.948333333,0.923333333,0.92,0.916666667,0.933333333,0.933333333,0.898333333,0.931666667,0.921666667,0.906666667,0.935,0.935,0.93,0.93,0.921666667,0.943333333,0.953333333,0.94,0.931666667,0.921666667,0.895,0.923333333,0.925,0.94,0.928333333,0.908333333,0.921666667,0.923333333,0.926666667,0.921666667,0.925,0.948333333,0.905,0.953333333,0.908333333,0.931666667,0.918333333,0.925,0.9,0.936666667,0.935,0.918333333,0.945,0.923333333,0.94,0.935,0.93,0.925,0.925,0.94,0.943333333
SmallKitchenAppliances,0.853333333,0.818666667,0.826666667,0.845333333,0.842666667,0.864,0.832,0.834666667,0.84,0.848,0.866666667,0.866666667,0.853333333,0.837333333,0.824,0.848,0.829333333,0.805333333,0.837333333,0.802666667,0.829333333,0.829333333,0.864,0.845333333,0.869333333,0.818666667,0.832,0.845333333,0.837333333,0.856,0.848,0.829333333,0.856,0.813333333,0.845333333,0.805333333,0.866666667,0.856,0.848,0.856,0.832,0.826666667,0.826666667,0.821333333,0.829333333,0.842666667,0.842666667,0.826666667,0.853333333,0.826666667,0.848,0.842666667,0.834666667,0.850666667,0.850666667,0.821333333,0.834666667,0.858666667,0.858666667,0.864,0.837333333,0.84,0.824,0.832,0.824,0.792,0.818666667,0.821333333,0.826666667,0.850666667,0.826666667,0.845333333,0.829333333,0.834666667,0.842666667,0.813333333,0.858666667,0.786666667,0.832,0.808,0.832,0.837333333,0.832,0.818666667,0.829333333,0.856,0.832,0.856,0.826666667,0.84,0.842666667,0.858666667,0.808,0.856,0.853333333,0.832,0.826666667,0.834666667,0.842666667,0.834666667
SonyAIBORobotSurface1,0.765391015,0.873544093,0.925124792,0.78202995,0.928452579,0.858569052,0.930116473,0.893510815,0.91014975,0.918469218,0.8718802,0.8718802,0.890183028,0.87687188,0.918469218,0.931780366,0.953410982,0.926788686,0.901830283,0.826955075,0.913477537,0.920133111,0.948419301,0.908485857,0.881863561,0.921797005,0.945091514,0.853577371,0.903494176,0.895174709,0.93843594,0.826955075,0.830282862,0.752079867,0.90515807,0.841930116,0.895174709,0.898502496,0.921797005,0.883527454,0.930116473,0.8718802,0.898502496,0.921797005,0.950083195,0.856905158,0.821963394,0.878535774,0.873544093,0.945091514,0.913477537,0.742096506,0.830282862,0.925124792,0.806988353,0.926788686,0.913477537,0.923460899,0.945091514,0.87687188,0.903494176,0.915141431,0.936772047,0.911813644,0.900166389,0.863560732,0.883527454,0.785357737,0.808652246,0.880199667,0.895174709,0.948419301,0.8718802,0.880199667,0.866888519,0.945091514,0.953410982,0.881863561,0.865224626,0.895174709,0.846921797,0.888519135,0.87687188,0.896838602,0.901830283,0.873544093,0.875207987,0.915141431,0.881863561,0.916805324,0.747088186,0.831946755,0.886855241,0.870216306,0.916805324,0.913477537,0.916805324,0.878535774,0.928452579,0.831946755
SonyAIBORobotSurface2,0.927597062,0.915005247,0.956977964,0.960125918,0.96956978,0.96956978,0.960125918,0.937040923,0.965372508,0.961175236,0.940188877,0.9590766,0.96432319,0.966421826,0.942287513,0.966421826,0.955928646,0.954879328,0.884575026,0.930745016,0.867785939,0.92864638,0.962224554,0.912906611,0.951731375,0.950682057,0.972717733,0.967471144,0.937040923,0.965372508,0.963273872,0.949632739,0.874081847,0.970619098,0.976915005,0.937040923,0.971668416,0.977964323,0.952780693,0.88772298,0.947534103,0.961175236,0.934942288,0.96432319,0.986358867,0.952780693,0.889821616,0.960125918,0.896117524,0.962224554,0.909758657,0.982161595,0.976915005,0.913955929,0.903462749,0.956977964,0.976915005,0.950682057,0.927597062,0.934942288,0.817418678,0.945435467,0.940188877,0.974816369,0.946484785,0.948583421,0.982161595,0.96432319,0.961175236,0.854144806,0.931794334,0.966421826,0.926547744,0.960125918,0.930745016,0.932843652,0.968520462,0.949632739,0.977964323,0.968520462,0.941238195,0.939139559,0.956977964,0.968520462,0.95383001,0.966421826,0.951731375,0.948583421,0.871983211,0.950682057,0.949632739,0.963273872,0.96432319,0.9590766,0.939139559,0.962224554,0.9181532,0.9181532,0.956977964,0.95383001
StarLightCurves,0.981544439,0.978508985,0.979966003,0.981423021,0.98081593,0.97948033,0.980573094,0.983001457,0.983001457,0.981544439,0.981423021,0.980937348,0.981787275,0.981180185,0.982515784,0.981423021,0.981301603,0.981301603,0.982515784,0.982394366,0.981423021,0.981058766,0.98215153,0.981301603,0.982515784,0.981908694,0.98081593,0.979358912,0.983244293,0.981423021,0.981908694,0.982394366,0.980087421,0.982880039,0.980937348,0.982394366,0.981908694,0.982515784,0.980451676,0.981787275,0.982880039,0.981544439,0.980208839,0.982272948,0.981908694,0.981787275,0.981665857,0.982515784,0.97948033,0.981665857,0.983001457,0.982515784,0.982272948,0.98081593,0.981180185,0.982394366,0.98215153,0.981665857,0.980451676,0.980573094,0.98081593,0.982272948,0.981544439,0.980694512,0.982030112,0.983001457,0.982394366,0.981787275,0.98215153,0.980937348,0.98081593,0.981423021,0.981058766,0.981180185,0.981423021,0.981058766,0.983001457,0.982637203,0.979844585,0.980694512,0.981544439,0.980451676,0.980694512,0.981180185,0.981665857,0.981423021,0.981908694,0.982880039,0.980330257,0.981787275,0.981058766,0.981301603,0.981301603,0.981787275,0.979844585,,,,,
Strawberry,0.97027027,0.954054054,0.978378378,0.964864865,0.962162162,0.975675676,0.967567568,0.945945946,0.986486486,0.964864865,0.983783784,0.945945946,0.97027027,0.972972973,0.967567568,0.975675676,0.962162162,0.97027027,0.97027027,0.991891892,0.956756757,0.975675676,0.967567568,0.978378378,0.972972973,0.956756757,0.97027027,0.967567568,0.975675676,0.975675676,0.975675676,0.972972973,0.972972973,0.967567568,0.978378378,0.978378378,0.959459459,0.972972973,0.981081081,0.962162162,0.978378378,0.959459459,0.962162162,0.967567568,0.959459459,0.962162162,0.967567568,0.972972973,0.97027027,0.978378378,0.97027027,0.97027027,0.978378378,0.981081081,0.967567568,0.978378378,0.967567568,0.981081081,0.959459459,0.972972973,0.967567568,0.962162162,0.97027027,0.956756757,0.962162162,0.97027027,0.97027027,0.97027027,0.97027027,0.962162162,0.964864865,0.975675676,0.962162162,0.97027027,0.972972973,0.972972973,0.97027027,0.97027027,0.972972973,0.962162162,0.97027027,0.978378378,0.975675676,0.986486486,0.967567568,0.964864865,0.956756757,0.962162162,0.981081081,0.972972973,0.972972973,0.97027027,0.972972973,0.981081081,0.962162162,0.967567568,0.964864865,0.959459459,0.97027027,0.978378378
SwedishLeaf,0.9536,0.9472,0.9728,0.976,0.968,0.9648,0.9728,0.96,0.9712,0.9632,0.9712,0.9728,0.976,0.9696,0.9664,0.9856,0.9696,0.9664,0.9728,0.9744,0.968,0.9696,0.9744,0.9696,0.9808,0.9696,0.9808,0.968,0.968,0.9648,0.976,0.952,0.9744,0.9712,0.9632,0.9712,0.9584,0.9584,0.9696,0.9696,0.968,0.976,0.9664,0.9728,0.9728,0.9776,0.9616,0.9728,0.9728,0.9552,0.9616,0.9584,0.96,0.976,0.9792,0.9776,0.9792,0.9664,0.9664,0.9776,0.976,0.9712,0.9696,0.9744,0.976,0.9664,0.9552,0.9728,0.9696,0.96,0.9664,0.9632,0.96,0.9584,0.9728,0.9712,0.9616,0.9536,0.968,0.9664,0.976,0.9744,0.9536,0.9664,0.9584,0.968,0.9616,0.9712,0.9744,0.968,0.9696,0.9712,0.9664,0.968,0.9648,0.9664,0.9664,0.9696,0.9856,0.9808
Symbols,0.973869347,0.967839196,0.945728643,0.944723618,0.963819095,0.96281407,0.959798995,0.96281407,0.959798995,0.954773869,0.969849246,0.968844221,0.946733668,0.933668342,0.96080402,0.938693467,0.971859296,0.967839196,0.969849246,0.971859296,0.981909548,0.979899497,0.982914573,0.964824121,0.975879397,0.95678392,0.966834171,0.972864322,0.985929648,0.982914573,0.979899497,0.970854271,0.970854271,0.967839196,0.964824121,0.954773869,0.955778894,0.965829146,0.974874372,0.955778894,0.970854271,0.945728643,0.975879397,0.976884422,0.955778894,0.985929648,0.978894472,0.96080402,0.913567839,0.928643216,0.955778894,0.981909548,0.969849246,0.981909548,0.933668342,0.922613065,0.964824121,0.974874372,0.972864322,0.972864322,0.969849246,0.970854271,0.967839196,0.970854271,0.976884422,0.945728643,0.959798995,0.972864322,0.942713568,0.942713568,0.979899497,0.979899497,0.971859296,0.938693467,0.967839196,0.972864322,0.973869347,0.973869347,0.980904523,0.959798995,0.968844221,0.974874372,0.979899497,0.975879397,0.977889447,0.95678392,0.980904523,0.980904523,0.968844221,0.961809045,0.96080402,0.982914573,0.984924623,0.96281407,0.971859296,0.975879397,0.973869347,0.950753769,0.984924623,0.951758794
SyntheticControl,0.996666667,0.996666667,1,1,1,1,1,0.996666667,1,1,1,1,1,1,1,1,1,1,1,1,1,1,1,1,1,0.996666667,1,1,1,1,1,1,1,1,0.996666667,1,0.996666667,1,1,1,1,1,1,1,1,0.996666667,1,1,1,1,1,1,1,1,1,1,1,1,1,1,1,1,1,1,1,1,1,1,1,1,1,1,1,1,1,1,1,1,1,1,1,1,1,1,1,1,1,1,0.996666667,1,1,0.996666667,1,1,1,1,0.996666667,0.996666667,0.996666667,1
ToeSegmentation1,0.98245614,0.960526316,0.964912281,0.951754386,0.956140351,0.960526316,0.956140351,0.964912281,0.947368421,0.938596491,0.942982456,0.969298246,0.964912281,0.934210526,0.925438596,0.964912281,0.925438596,0.960526316,0.960526316,0.969298246,0.942982456,0.938596491,0.951754386,0.978070175,0.956140351,0.951754386,0.969298246,0.973684211,0.951754386,0.903508772,0.956140351,0.973684211,0.929824561,0.956140351,0.978070175,0.956140351,0.98245614,0.947368421,0.947368421,0.929824561,0.98245614,0.964912281,0.969298246,0.947368421,0.951754386,0.925438596,0.973684211,0.956140351,0.916666667,0.960526316,0.951754386,0.978070175,0.960526316,0.916666667,0.973684211,0.956140351,0.964912281,0.969298246,0.947368421,0.951754386,0.956140351,0.964912281,0.956140351,0.907894737,0.960526316,0.973684211,0.960526316,0.951754386,0.960526316,0.956140351,0.951754386,0.969298246,0.978070175,0.969298246,0.942982456,0.947368421,0.986842105,0.960526316,0.973684211,0.960526316,0.960526316,0.969298246,0.938596491,0.964912281,0.960526316,0.942982456,0.925438596,0.951754386,0.978070175,0.969298246,0.947368421,0.969298246,0.960526316,0.921052632,0.921052632,0.951754386,0.938596491,0.947368421,0.969298246,0.934210526
ToeSegmentation2,0.953846154,0.969230769,0.961538462,0.961538462,0.984615385,0.969230769,0.976923077,0.961538462,0.938461538,0.976923077,0.976923077,0.969230769,0.969230769,0.976923077,0.946153846,0.976923077,0.976923077,0.961538462,0.969230769,0.961538462,0.984615385,0.976923077,0.976923077,0.938461538,0.969230769,0.976923077,0.961538462,0.976923077,0.969230769,0.961538462,0.976923077,0.969230769,0.984615385,0.984615385,0.938461538,0.969230769,0.953846154,0.961538462,0.976923077,0.969230769,0.976923077,0.953846154,0.961538462,0.953846154,0.961538462,0.976923077,0.976923077,0.961538462,0.946153846,0.976923077,0.976923077,0.976923077,0.984615385,0.969230769,0.969230769,0.969230769,0.969230769,0.938461538,0.976923077,0.984615385,0.953846154,0.946153846,0.984615385,0.969230769,0.976923077,0.961538462,0.969230769,0.984615385,0.976923077,0.969230769,0.969230769,0.961538462,0.976923077,0.961538462,0.969230769,0.946153846,0.969230769,0.976923077,0.976923077,0.969230769,0.976923077,0.961538462,0.961538462,0.969230769,0.930769231,0.969230769,0.923076923,0.969230769,0.976923077,0.976923077,0.923076923,0.969230769,0.976923077,0.961538462,0.969230769,0.953846154,0.969230769,0.969230769,0.938461538,0.946153846
Trace,1,1,1,1,1,1,1,1,1,1,1,1,1,1,1,1,1,1,1,1,1,1,1,1,1,1,1,1,1,1,1,1,1,1,1,1,1,1,1,1,1,1,1,1,1,1,1,1,1,1,1,1,1,1,1,1,1,1,1,1,1,1,1,1,1,1,1,1,1,1,1,1,1,1,1,1,1,1,1,1,1,1,1,1,1,1,1,1,1,1,1,1,1,1,1,1,1,1,1,1
TwoLeadECG,0.996488147,0.993854258,0.993854258,0.977172959,0.992976295,0.996488147,0.995610184,0.997366111,0.998244074,0.998244074,0.999122037,0.991220369,0.999122037,0.999122037,1,0.999122037,0.997366111,0.995610184,0.998244074,0.988586479,1,0.997366111,1,1,0.985074627,0.992976295,0.999122037,0.995610184,0.970149254,0.998244074,0.970149254,0.999122037,0.945566286,0.974539069,1,0.998244074,0.993854258,0.989464442,0.995610184,1,0.996488147,0.978050922,0.999122037,0.997366111,1,0.966637401,0.994732221,0.984196664,0.996488147,1,0.992976295,0.998244074,0.995610184,1,0.999122037,1,0.999122037,0.998244074,0.993854258,0.982440737,0.992976295,0.999122037,0.996488147,0.997366111,0.986830553,0.993854258,0.989464442,0.997366111,0.987708516,0.999122037,0.999122037,0.999122037,0.996488147,0.992976295,1,0.996488147,0.992976295,0.997366111,0.992976295,0.988586479,0.999122037,0.999122037,0.983318701,0.968393327,0.998244074,0.993854258,0.995610184,0.992976295,0.977172959,0.998244074,1,0.997366111,0.999122037,0.978928885,0.998244074,0.995610184,0.999122037,0.999122037,0.994732221,0.999122037
TwoPatterns,1,0.99975,1,0.99975,0.99975,1,1,1,1,1,1,1,1,0.99975,0.99975,1,0.99975,1,1,0.99975,1,1,0.99925,1,1,0.99975,1,1,0.99975,1,0.9995,1,1,1,1,1,0.99975,1,1,0.99975,0.99975,1,1,0.99825,1,0.99975,1,0.99975,0.99975,1,0.99975,0.99975,1,1,0.99975,0.99975,1,0.9995,0.99975,1,1,0.99975,1,0.99925,1,1,1,1,0.99975,1,1,1,1,1,1,0.999,1,0.99975,0.99975,1,1,1,1,1,0.99975,1,1,0.99975,0.99975,1,1,1,0.99975,1,1,1,1,1,1,1
UWaveGestureLibraryX,0.839754327,0.837800112,0.828866555,0.83612507,0.835845896,0.841708543,0.832216639,0.829424902,0.835008375,0.841987716,0.841987716,0.828308208,0.837520938,0.840312674,0.843662758,0.832216639,0.840312674,0.828029034,0.850642099,0.840033501,0.834170854,0.839754327,0.836962591,0.832774986,0.847292016,0.846175321,0.841429369,0.850921273,0.848967058,0.838358459,0.839754327,0.844500279,0.834729202,0.834450028,0.844779453,0.823283082,0.838079285,0.84840871,0.834729202,0.837520938,0.839475154,0.835008375,0.836404243,0.846454495,0.839475154,0.852037968,0.841429369,0.836683417,0.833333333,0.846454495,0.831937465,0.839475154,0.82467895,0.843383585,0.834450028,0.848967058,0.842825237,0.828866555,0.83919598,0.835845896,0.845058626,0.830541597,0.827470687,0.840591848,0.833612507,0.837800112,0.843941932,0.840312674,0.837520938,0.840591848,0.831099944,0.832774986,0.835287549,0.835845896,0.82998325,0.843383585,0.84226689,0.842546064,0.837800112,0.831937465,0.84226689,0.833612507,0.847292016,0.840312674,0.833612507,0.835845896,0.834729202,0.837241764,0.844221106,0.839475154,0.841987716,0.836683417,0.841429369,0.834729202,0.838637633,0.842546064,0.834170854,0.836683417,0.836404243,0.849525405
UWaveGestureLibraryY,0.765494137,0.769681742,0.769123395,0.759910664,0.77414852,0.791178113,0.771356784,0.771635958,0.773310999,0.773590173,0.785873814,0.783919598,0.771356784,0.778894472,0.786711334,0.77414852,0.768285874,0.782802903,0.775544389,0.774706868,0.780848688,0.77414852,0.779173646,0.777498604,0.787269682,0.771356784,0.771635958,0.780569514,0.780569514,0.778894472,0.781407035,0.77414852,0.780290341,0.767448353,0.760748185,0.781686209,0.781127862,0.765773311,0.764656616,0.759910664,0.77638191,0.772473479,0.771915131,0.771635958,0.783082077,0.764656616,0.778336125,0.778336125,0.768844221,0.780569514,0.772752652,0.783082077,0.770798437,0.777777778,0.768844221,0.785873814,0.781127862,0.774986041,0.778615299,0.767727527,0.775823562,0.758514796,0.780290341,0.783082077,0.780569514,0.774986041,0.769960916,0.786432161,0.776661083,0.783361251,0.776102736,0.773031826,0.766331658,0.778336125,0.784198772,0.77945282,0.764098269,0.778336125,0.781686209,0.791457286,0.773310999,0.781407035,0.773310999,0.775544389,0.77721943,0.779173646,0.770519263,0.763260748,0.774706868,0.774706868,0.772194305,0.786711334,0.77414852,0.780290341,0.770798437,0.779731993,0.778056951,0.761585706,0.774427694,0.777498604
UWaveGestureLibraryZ,0.783082077,0.77107761,0.791457286,0.774706868,0.785873814,0.77721943,0.78559464,0.77107761,0.77721943,0.775544389,0.780011167,0.777777778,0.777498604,0.78252373,0.759631491,0.793690676,0.790619765,0.782802903,0.787269682,0.771635958,0.787828029,0.777498604,0.777498604,0.778056951,0.777498604,0.772752652,0.765494137,0.772194305,0.78559464,0.768285874,0.780569514,0.77945282,0.784757119,0.765494137,0.77945282,0.770798437,0.78252373,0.775823562,0.783082077,0.781686209,0.77945282,0.78559464,0.774427694,0.783082077,0.783082077,0.78252373,0.770519263,0.776940257,0.772752652,0.785873814,0.769681742,0.788944724,0.77638191,0.784757119,0.782244556,0.776102736,0.770519263,0.781127862,0.778336125,0.777777778,0.775823562,0.774986041,0.786152987,0.775544389,0.77721943,0.786990508,0.783919598,0.767727527,0.773869347,0.780569514,0.776102736,0.772194305,0.790619765,0.769123395,0.788386376,0.780848688,0.775544389,0.773031826,0.769402568,0.783361251,0.78252373,0.778894472,0.791178113,0.773590173,0.774427694,0.766052485,0.795086544,0.773590173,0.781127862,0.780569514,0.776940257,0.77107761,0.786152987,0.776940257,0.780011167,0.772473479,0.773031826,0.760469012,0.781686209,0.772752652
UWaveGestureLibraryAll,0.968453378,0.969290899,0.97319933,0.969290899,0.970407594,0.968453378,0.972920156,0.969290899,0.968453378,0.969570073,0.969849246,0.969011725,0.965940815,0.967336683,0.966219989,0.97012842,0.972920156,0.972920156,0.96705751,0.974595198,0.974036851,0.970407594,0.972361809,0.965661642,0.970965941,0.971245114,0.970407594,0.966219989,0.969011725,0.96705751,0.971245114,0.965382468,0.970965941,0.971803462,0.96705751,0.968732552,0.967895031,0.965382468,0.972361809,0.966778336,0.972082635,0.969290899,0.975153546,0.970407594,0.972640983,0.969849246,0.96705751,0.968174204,0.97012842,0.974874372,0.969570073,0.971524288,0.97012842,0.967615857,0.969849246,0.977666108,0.965661642,0.971524288,0.969570073,0.964265773,0.969570073,0.967336683,0.967336683,0.976549414,0.969290899,0.965940815,0.970965941,0.969290899,0.971803462,0.971524288,0.968732552,0.967895031,0.973478504,0.968453378,0.969290899,0.972640983,0.970965941,0.968453378,0.967615857,0.975432719,0.968732552,0.974316025,0.965382468,0.96705751,0.969011725,0.97012842,0.973757677,0.969570073,0.972082635,0.965661642,0.96705751,0.968453378,0.97012842,0.967895031,0.969849246,0.971524288,0.964265773,0.973757677,,
Wafer,0.999351071,0.999837768,0.999837768,1,0.998702141,1,1,0.999513303,1,0.999351071,1,0.999837768,0.998864374,0.999837768,0.999675535,0.999675535,0.999675535,0.998864374,0.999837768,0.999675535,1,0.999351071,1,0.999675535,1,0.999837768,1,0.998539909,0.999837768,1,0.999837768,0.999837768,1,0.999837768,1,0.999513303,0.999837768,0.999026606,0.999837768,0.999675535,0.999513303,0.999837768,0.998377677,1,0.999513303,1,0.999026606,1,0.999837768,1,0.999513303,1,1,0.999675535,0.999351071,0.999675535,1,0.998864374,0.999837768,0.999837768,0.999675535,0.999837768,1,0.998702141,0.999837768,0.999513303,1,0.99789098,0.999837768,1,1,0.999513303,0.998053212,0.999837768,0.999675535,0.999675535,1,0.999675535,0.999026606,1,1,0.999675535,1,0.999513303,1,0.999675535,0.999513303,0.999026606,0.999351071,1,0.999675535,0.999513303,0.999837768,0.999837768,1,0.999837768,1,0.999675535,0.999837768,0.999837768
Wine,0.777777778,0.888888889,0.925925926,0.888888889,0.87037037,0.944444444,0.888888889,1,0.833333333,0.87037037,0.944444444,0.888888889,0.759259259,1,0.944444444,0.944444444,0.944444444,0.833333333,0.888888889,0.777777778,0.888888889,0.796296296,0.944444444,0.851851852,0.944444444,0.944444444,0.944444444,0.796296296,0.888888889,0.759259259,0.888888889,1,0.833333333,0.944444444,0.944444444,0.888888889,0.944444444,0.87037037,0.87037037,0.907407407,0.944444444,0.962962963,0.944444444,0.888888889,0.87037037,0.888888889,0.925925926,1,0.777777778,0.888888889,0.944444444,1,0.796296296,0.981481481,0.814814815,0.962962963,0.851851852,0.888888889,1,0.944444444,0.888888889,0.888888889,0.907407407,0.888888889,0.944444444,0.944444444,1,0.851851852,0.944444444,0.907407407,0.907407407,0.944444444,1,1,0.907407407,0.925925926,0.87037037,0.944444444,0.851851852,0.833333333,1,0.944444444,1,0.925925926,0.925925926,1,0.944444444,0.888888889,0.944444444,0.888888889,0.962962963,0.944444444,0.888888889,0.888888889,1,1,0.944444444,1,0.87037037,0.944444444
WordSynonyms,0.738244514,0.752351097,0.735109718,0.738244514,0.775862069,0.746081505,0.73354232,0.730407524,0.744514107,0.763322884,0.725705329,0.763322884,0.764890282,0.742946708,0.739811912,0.736677116,0.73354232,0.746081505,0.74137931,0.744514107,0.747648903,0.75862069,0.753918495,0.742946708,0.742946708,0.755485893,0.71630094,0.775862069,0.744514107,0.771159875,0.738244514,0.74137931,0.74137931,0.750783699,0.724137931,0.744514107,0.761755486,0.731974922,0.774294671,0.75862069,0.736677116,0.731974922,0.73354232,0.750783699,0.747648903,0.74137931,0.769592476,0.747648903,0.768025078,0.764890282,0.750783699,0.74137931,0.757053292,0.71630094,0.750783699,0.749216301,0.763322884,0.760188088,0.75862069,0.752351097,0.744514107,0.724137931,0.772727273,0.761755486,0.738244514,0.749216301,0.73354232,0.746081505,0.725705329,0.742946708,0.761755486,0.727272727,0.772727273,0.721003135,0.738244514,0.731974922,0.750783699,0.74137931,0.728840125,0.777429467,0.778996865,0.752351097,0.728840125,0.775862069,0.763322884,0.727272727,0.769592476,0.760188088,0.764890282,0.760188088,0.746081505,0.699059561,0.76645768,0.750783699,0.744514107,0.736677116,0.753918495,0.769592476,0.749216301,0.742946708
Worms,0.558441558,0.675324675,0.701298701,0.766233766,0.766233766,0.766233766,0.831168831,0.792207792,0.779220779,0.688311688,0.727272727,0.688311688,0.727272727,0.792207792,0.766233766,0.662337662,0.675324675,0.779220779,0.74025974,0.701298701,0.753246753,0.714285714,0.649350649,0.74025974,0.701298701,0.74025974,0.636363636,0.701298701,0.779220779,0.779220779,0.766233766,0.714285714,0.753246753,0.727272727,0.714285714,0.753246753,0.714285714,0.792207792,0.714285714,0.753246753,0.753246753,0.792207792,0.688311688,0.727272727,0.714285714,0.766233766,0.74025974,0.688311688,0.779220779,0.74025974,0.766233766,0.675324675,0.688311688,0.688311688,0.74025974,0.688311688,0.74025974,0.792207792,0.662337662,0.701298701,0.714285714,0.818181818,0.779220779,0.714285714,0.779220779,0.727272727,0.74025974,0.727272727,0.753246753,0.74025974,0.792207792,0.688311688,0.779220779,0.74025974,0.714285714,0.805194805,0.74025974,0.792207792,0.779220779,0.766233766,0.753246753,0.792207792,0.727272727,0.701298701,0.727272727,0.727272727,0.753246753,0.688311688,0.649350649,0.701298701,0.727272727,0.701298701,0.779220779,0.701298701,0.74025974,0.74025974,0.701298701,0.766233766,0.701298701,0.818181818
WormsTwoClass,0.779220779,0.766233766,0.805194805,0.792207792,0.818181818,0.766233766,0.74025974,0.818181818,0.766233766,0.792207792,0.805194805,0.779220779,0.74025974,0.766233766,0.753246753,0.74025974,0.766233766,0.701298701,0.87012987,0.753246753,0.805194805,0.74025974,0.792207792,0.831168831,0.844155844,0.753246753,0.805194805,0.792207792,0.818181818,0.792207792,0.818181818,0.792207792,0.701298701,0.779220779,0.805194805,0.792207792,0.753246753,0.779220779,0.766233766,0.779220779,0.818181818,0.766233766,0.805194805,0.779220779,0.805194805,0.844155844,0.844155844,0.753246753,0.844155844,0.779220779,0.792207792,0.74025974,0.805194805,0.792207792,0.831168831,0.779220779,0.753246753,0.818181818,0.792207792,0.74025974,0.727272727,0.844155844,0.766233766,0.857142857,0.753246753,0.727272727,0.766233766,0.753246753,0.792207792,0.818181818,0.766233766,0.688311688,0.792207792,0.753246753,0.831168831,0.779220779,0.805194805,0.779220779,0.766233766,0.831168831,0.792207792,0.766233766,0.805194805,0.753246753,0.818181818,0.74025974,0.779220779,0.753246753,0.818181818,0.766233766,0.792207792,0.883116883,0.727272727,0.766233766,0.818181818,0.792207792,0.831168831,0.779220779,0.688311688,0.779220779
Yoga,0.917666667,0.906666667,0.913666667,0.931,0.895,0.915666667,0.919333333,0.906333333,0.904333333,0.939,0.936,0.914333333,0.916,0.914333333,0.905666667,0.903333333,0.927333333,0.936333333,0.932,0.908333333,0.916666667,0.904666667,0.924666667,0.916333333,0.925333333,0.918,0.93,0.922,0.926666667,0.912,0.903666667,0.922,0.916,0.913,0.912,0.924,0.924666667,0.942,0.913333333,0.923333333,0.905,0.903,0.907666667,0.918,0.931,0.918,0.937333333,0.930666667,0.926666667,0.914666667,0.918333333,0.909333333,0.917666667,0.896333333,0.930666667,0.911666667,0.913666667,0.913666667,0.911333333,0.909,0.938333333,0.912,0.939,0.920666667,0.914333333,0.903333333,0.935333333,0.898666667,0.918666667,0.935333333,0.914,0.920333333,0.899666667,0.925333333,0.906,0.91,0.903666667,0.930333333,0.925333333,0.903333333,0.918,0.904,0.907,0.915,0.933,0.924666667,0.909333333,0.934333333,0.897666667,0.91,0.919333333,0.921,0.913333333,0.914,0.913,0.895666667,0.917333333,0.912666667,0.918666667,0.914
